04,DECOTEX,GB,ZONE 27,AL1
04,DECOTEX,GB,ZONE 27,AL2
04,DECOTEX,GB,ZONE 27,AL3
04,DECOTEX,GB,ZONE 27,AL4
04,DECOTEX,GB,ZONE 27,AL5
04,DECOTEX,GB,ZONE 27,AL6
04,DECOTEX,GB,ZONE 27,AL7
04,DECOTEX,GB,ZONE 27,AL8
04,DECOTEX,GB,ZONE 27,AL9
04,DECOTEX,GB,ZONE 27,AL10
04,DECOTEX,GB,ZONE 16,B1
04,DECOTEX,GB,ZONE 16,B2
04,DECOTEX,GB,ZONE 16,B3
04,DECOTEX,GB,ZONE 16,B4
04,DECOTEX,GB,ZONE 16,B5
04,DECOTEX,GB,ZONE 16,B6
04,DECOTEX,GB,ZONE 16,B7
04,DECOTEX,GB,ZONE 16,B8
04,DECOTEX,GB,ZONE 16,B9
04,DECOTEX,GB,ZONE 16,B10
04,DECOTEX,GB,ZONE 16,B11
04,DECOTEX,GB,ZONE 16,B12
04,DECOTEX,GB,ZONE 16,B13
04,DECOTEX,GB,ZONE 16,B14
04,DECOTEX,GB,ZONE 16,B15
04,DECOTEX,GB,ZONE 16,B16
04,DECOTEX,GB,ZONE 16,B17
04,DECOTEX,GB,ZONE 16,B18
04,DECOTEX,GB,ZONE 16,B19
04,DECOTEX,GB,ZONE 16,B20
04,DECOTEX,GB,ZONE 16,B21
04,DECOTEX,GB,ZONE 16,B23
04,DECOTEX,GB,ZONE 16,B24
04,DECOTEX,GB,ZONE 16,B25
04,DECOTEX,GB,ZONE 16,B26
04,DECOTEX,GB,ZONE 16,B27
04,DECOTEX,GB,ZONE 16,B28
04,DECOTEX,GB,ZONE 16,B29
04,DECOTEX,GB,ZONE 16,B30
04,DECOTEX,GB,ZONE 16,B31
04,DECOTEX,GB,ZONE 16,B32
04,DECOTEX,GB,ZONE 16,B33
04,DECOTEX,GB,ZONE 16,B34
04,DECOTEX,GB,ZONE 16,B35
04,DECOTEX,GB,ZONE 16,B36
04,DECOTEX,GB,ZONE 16,B37
04,DECOTEX,GB,ZONE 16,B38
04,DECOTEX,GB,ZONE 16,B40
04,DECOTEX,GB,ZONE 16,B42
04,DECOTEX,GB,ZONE 16,B43
04,DECOTEX,GB,ZONE 16,B44
04,DECOTEX,GB,ZONE 16,B45
04,DECOTEX,GB,ZONE 16,B46
04,DECOTEX,GB,ZONE 16,B47
04,DECOTEX,GB,ZONE 16,B48
04,DECOTEX,GB,ZONE 16,B49
04,DECOTEX,GB,ZONE 16,B50
04,DECOTEX,GB,ZONE 16,B60
04,DECOTEX,GB,ZONE 16,B61
04,DECOTEX,GB,ZONE 16,B62
04,DECOTEX,GB,ZONE 16,B63
04,DECOTEX,GB,ZONE 16,B64
04,DECOTEX,GB,ZONE 16,B65
04,DECOTEX,GB,ZONE 16,B66
04,DECOTEX,GB,ZONE 16,B67
04,DECOTEX,GB,ZONE 16,B68
04,DECOTEX,GB,ZONE 16,B69
04,DECOTEX,GB,ZONE 16,B70
04,DECOTEX,GB,ZONE 16,B71
04,DECOTEX,GB,ZONE 16,B72
04,DECOTEX,GB,ZONE 16,B73
04,DECOTEX,GB,ZONE 16,B74
04,DECOTEX,GB,ZONE 16,B75
04,DECOTEX,GB,ZONE 16,B76
04,DECOTEX,GB,ZONE 16,B77
04,DECOTEX,GB,ZONE 16,B78
04,DECOTEX,GB,ZONE 16,B79
04,DECOTEX,GB,ZONE 16,B80
04,DECOTEX,GB,ZONE 16,B90
04,DECOTEX,GB,ZONE 16,B91
04,DECOTEX,GB,ZONE 16,B92
04,DECOTEX,GB,ZONE 16,B93
04,DECOTEX,GB,ZONE 16,B94
04,DECOTEX,GB,ZONE 16,B95
04,DECOTEX,GB,ZONE 16,B96
04,DECOTEX,GB,ZONE 16,B97
04,DECOTEX,GB,ZONE 16,B98
04,DECOTEX,GB,ZONE 16,B99
04,DECOTEX,GB,ZONE 37,BA1
04,DECOTEX,GB,ZONE 37,BA2
04,DECOTEX,GB,ZONE 37,BA3
04,DECOTEX,GB,ZONE 37,BA4
04,DECOTEX,GB,ZONE 37,BA5
04,DECOTEX,GB,ZONE 37,BA6
04,DECOTEX,GB,ZONE 37,BA7
04,DECOTEX,GB,ZONE 37,BA8
04,DECOTEX,GB,ZONE 37,BA9
04,DECOTEX,GB,ZONE 37,BA10
04,DECOTEX,GB,ZONE 37,BA11
04,DECOTEX,GB,ZONE 37,BA12
04,DECOTEX,GB,ZONE 37,BA13
04,DECOTEX,GB,ZONE 37,BA14
04,DECOTEX,GB,ZONE 37,BA15
04,DECOTEX,GB,ZONE 37,BA16
04,DECOTEX,GB,ZONE 37,BA20
04,DECOTEX,GB,ZONE 37,BA21
04,DECOTEX,GB,ZONE 37,BA22
04,DECOTEX,GB,ZONE 8,BB1
04,DECOTEX,GB,ZONE 8,BB2
04,DECOTEX,GB,ZONE 8,BB3
04,DECOTEX,GB,ZONE 8,BB4
04,DECOTEX,GB,ZONE 8,BB5
04,DECOTEX,GB,ZONE 8,BB6
04,DECOTEX,GB,ZONE 8,BB7
04,DECOTEX,GB,ZONE 8,BB8
04,DECOTEX,GB,ZONE 8,BB9
04,DECOTEX,GB,ZONE 8,BB10
04,DECOTEX,GB,ZONE 8,BB11
04,DECOTEX,GB,ZONE 8,BB12
04,DECOTEX,GB,ZONE 8,BB18
04,DECOTEX,GB,ZONE 8,BB94
04,DECOTEX,GB,ZONE 8,BD1
04,DECOTEX,GB,ZONE 8,BD2
04,DECOTEX,GB,ZONE 8,BD3
04,DECOTEX,GB,ZONE 8,BD4
04,DECOTEX,GB,ZONE 8,BD5
04,DECOTEX,GB,ZONE 8,BD6
04,DECOTEX,GB,ZONE 8,BD7
04,DECOTEX,GB,ZONE 8,BD8
04,DECOTEX,GB,ZONE 8,BD9
04,DECOTEX,GB,ZONE 8,BD10
04,DECOTEX,GB,ZONE 8,BD11
04,DECOTEX,GB,ZONE 8,BD12
04,DECOTEX,GB,ZONE 8,BD13
04,DECOTEX,GB,ZONE 8,BD14
04,DECOTEX,GB,ZONE 8,BD15
04,DECOTEX,GB,ZONE 8,BD16
04,DECOTEX,GB,ZONE 8,BD17
04,DECOTEX,GB,ZONE 8,BD18
04,DECOTEX,GB,ZONE 8,BD19
04,DECOTEX,GB,ZONE 8,BD20
04,DECOTEX,GB,ZONE 8,BD21
04,DECOTEX,GB,ZONE 8,BD22
04,DECOTEX,GB,ZONE 8,BD23
04,DECOTEX,GB,ZONE 8,BD24
04,DECOTEX,GB,ZONE 8,BD97
04,DECOTEX,GB,ZONE 8,BD98
04,DECOTEX,GB,ZONE 8,BD99
04,DECOTEX,GB,ZONE 35,BH1
04,DECOTEX,GB,ZONE 35,BH2
04,DECOTEX,GB,ZONE 35,BH3
04,DECOTEX,GB,ZONE 35,BH4
04,DECOTEX,GB,ZONE 35,BH5
04,DECOTEX,GB,ZONE 35,BH6
04,DECOTEX,GB,ZONE 35,BH7
04,DECOTEX,GB,ZONE 35,BH8
04,DECOTEX,GB,ZONE 35,BH9
04,DECOTEX,GB,ZONE 35,BH10
04,DECOTEX,GB,ZONE 35,BH11
04,DECOTEX,GB,ZONE 35,BH12
04,DECOTEX,GB,ZONE 35,BH13
04,DECOTEX,GB,ZONE 35,BH14
04,DECOTEX,GB,ZONE 35,BH15
04,DECOTEX,GB,ZONE 35,BH16
04,DECOTEX,GB,ZONE 35,BH17
04,DECOTEX,GB,ZONE 35,BH18
04,DECOTEX,GB,ZONE 35,BH19
04,DECOTEX,GB,ZONE 35,BH20
04,DECOTEX,GB,ZONE 35,BH21
04,DECOTEX,GB,ZONE 35,BH22
04,DECOTEX,GB,ZONE 35,BH23
04,DECOTEX,GB,ZONE 35,BH24
04,DECOTEX,GB,ZONE 35,BH25
04,DECOTEX,GB,ZONE 35,BH31
04,DECOTEX,GB,ZONE 9,BL0
04,DECOTEX,GB,ZONE 9,BL1
04,DECOTEX,GB,ZONE 9,BL2
04,DECOTEX,GB,ZONE 9,BL3
04,DECOTEX,GB,ZONE 9,BL4
04,DECOTEX,GB,ZONE 9,BL5
04,DECOTEX,GB,ZONE 9,BL6
04,DECOTEX,GB,ZONE 9,BL7
04,DECOTEX,GB,ZONE 9,BL8
04,DECOTEX,GB,ZONE 9,BL9
04,DECOTEX,GB,ZONE 9,BL11
04,DECOTEX,GB,ZONE 9,BL78
04,DECOTEX,GB,ZONE 48,BN1
04,DECOTEX,GB,ZONE 48,BN2
04,DECOTEX,GB,ZONE 48,BN3
04,DECOTEX,GB,ZONE 48,BN5
04,DECOTEX,GB,ZONE 48,BN6
04,DECOTEX,GB,ZONE 48,BN7
04,DECOTEX,GB,ZONE 48,BN8
04,DECOTEX,GB,ZONE 48,BN9
04,DECOTEX,GB,ZONE 48,BN10
04,DECOTEX,GB,ZONE 48,BN11
04,DECOTEX,GB,ZONE 48,BN12
04,DECOTEX,GB,ZONE 48,BN13
04,DECOTEX,GB,ZONE 48,BN14
04,DECOTEX,GB,ZONE 48,BN15
04,DECOTEX,GB,ZONE 48,BN16
04,DECOTEX,GB,ZONE 48,BN17
04,DECOTEX,GB,ZONE 48,BN18
04,DECOTEX,GB,ZONE 48,BN20
04,DECOTEX,GB,ZONE 48,BN21
04,DECOTEX,GB,ZONE 48,BN22
04,DECOTEX,GB,ZONE 48,BN23
04,DECOTEX,GB,ZONE 48,BN24
04,DECOTEX,GB,ZONE 48,BN25
04,DECOTEX,GB,ZONE 48,BN26
04,DECOTEX,GB,ZONE 48,BN27
04,DECOTEX,GB,ZONE 48,BN41
04,DECOTEX,GB,ZONE 48,BN42
04,DECOTEX,GB,ZONE 48,BN43
04,DECOTEX,GB,ZONE 48,BN44
04,DECOTEX,GB,ZONE 48,BN45
04,DECOTEX,GB,ZONE 48,BN50
04,DECOTEX,GB,ZONE 48,BN51
04,DECOTEX,GB,ZONE 48,BN52
04,DECOTEX,GB,ZONE 48,BN88
04,DECOTEX,GB,ZONE 48,BN99
04,DECOTEX,GB,ZONE 29,BR1
04,DECOTEX,GB,ZONE 29,BR2
04,DECOTEX,GB,ZONE 29,BR3
04,DECOTEX,GB,ZONE 29,BR4
04,DECOTEX,GB,ZONE 29,BR5
04,DECOTEX,GB,ZONE 29,BR6
04,DECOTEX,GB,ZONE 29,BR7
04,DECOTEX,GB,ZONE 29,BR8
04,DECOTEX,GB,ZONE 27,BS0
04,DECOTEX,GB,ZONE 27,BS1
04,DECOTEX,GB,ZONE 27,BS2
04,DECOTEX,GB,ZONE 27,BS3
04,DECOTEX,GB,ZONE 27,BS4
04,DECOTEX,GB,ZONE 27,BS5
04,DECOTEX,GB,ZONE 27,BS6
04,DECOTEX,GB,ZONE 27,BS7
04,DECOTEX,GB,ZONE 27,BS8
04,DECOTEX,GB,ZONE 27,BS9
04,DECOTEX,GB,ZONE 27,BS10
04,DECOTEX,GB,ZONE 27,BS11
04,DECOTEX,GB,ZONE 27,BS13
04,DECOTEX,GB,ZONE 27,BS14
04,DECOTEX,GB,ZONE 27,BS15
04,DECOTEX,GB,ZONE 27,BS16
04,DECOTEX,GB,ZONE 27,BS20
04,DECOTEX,GB,ZONE 27,BS21
04,DECOTEX,GB,ZONE 27,BS22
04,DECOTEX,GB,ZONE 27,BS23
04,DECOTEX,GB,ZONE 27,BS24
04,DECOTEX,GB,ZONE 27,BS25
04,DECOTEX,GB,ZONE 27,BS26
04,DECOTEX,GB,ZONE 27,BS27
04,DECOTEX,GB,ZONE 27,BS28
04,DECOTEX,GB,ZONE 27,BS29
04,DECOTEX,GB,ZONE 27,BS30
04,DECOTEX,GB,ZONE 27,BS31
04,DECOTEX,GB,ZONE 27,BS32
04,DECOTEX,GB,ZONE 27,BS34
04,DECOTEX,GB,ZONE 27,BS35
04,DECOTEX,GB,ZONE 27,BS36
04,DECOTEX,GB,ZONE 27,BS37
04,DECOTEX,GB,ZONE 27,BS39
04,DECOTEX,GB,ZONE 27,BS40
04,DECOTEX,GB,ZONE 27,BS41
04,DECOTEX,GB,ZONE 27,BS48
04,DECOTEX,GB,ZONE 27,BS49
04,DECOTEX,GB,ZONE 27,BS80
04,DECOTEX,GB,ZONE 27,BS98
04,DECOTEX,GB,ZONE 27,BS99
04,DECOTEX,GB,ZONE 72,CA1
04,DECOTEX,GB,ZONE 72,CA2
04,DECOTEX,GB,ZONE 72,CA3
04,DECOTEX,GB,ZONE 72,CA4
04,DECOTEX,GB,ZONE 72,CA5
04,DECOTEX,GB,ZONE 72,CA6
04,DECOTEX,GB,ZONE 72,CA7
04,DECOTEX,GB,ZONE 72,CA8
04,DECOTEX,GB,ZONE 72,CA9
04,DECOTEX,GB,ZONE 72,CA10
04,DECOTEX,GB,ZONE 72,CA11
04,DECOTEX,GB,ZONE 72,CA12
04,DECOTEX,GB,ZONE 72,CA13
04,DECOTEX,GB,ZONE 72,CA14
04,DECOTEX,GB,ZONE 72,CA15
04,DECOTEX,GB,ZONE 72,CA16
04,DECOTEX,GB,ZONE 72,CA17
04,DECOTEX,GB,ZONE 72,CA18
04,DECOTEX,GB,ZONE 72,CA19
04,DECOTEX,GB,ZONE 72,CA20
04,DECOTEX,GB,ZONE 72,CA21
04,DECOTEX,GB,ZONE 72,CA22
04,DECOTEX,GB,ZONE 72,CA23
04,DECOTEX,GB,ZONE 72,CA24
04,DECOTEX,GB,ZONE 72,CA25
04,DECOTEX,GB,ZONE 72,CA26
04,DECOTEX,GB,ZONE 72,CA27
04,DECOTEX,GB,ZONE 72,CA28
04,DECOTEX,GB,ZONE 72,CA95
04,DECOTEX,GB,ZONE 72,CA99
04,DECOTEX,GB,ZONE 27,CB1
04,DECOTEX,GB,ZONE 27,CB2
04,DECOTEX,GB,ZONE 27,CB3
04,DECOTEX,GB,ZONE 27,CB4
04,DECOTEX,GB,ZONE 27,CB5
04,DECOTEX,GB,ZONE 27,CB6
04,DECOTEX,GB,ZONE 27,CB7
04,DECOTEX,GB,ZONE 27,CB8
04,DECOTEX,GB,ZONE 27,CB9
04,DECOTEX,GB,ZONE 27,CB10
04,DECOTEX,GB,ZONE 27,CB11
04,DECOTEX,GB,ZONE 27,CB21
04,DECOTEX,GB,ZONE 27,CB22
04,DECOTEX,GB,ZONE 27,CB23
04,DECOTEX,GB,ZONE 27,CB24
04,DECOTEX,GB,ZONE 27,CB25
04,DECOTEX,GB,ZONE 30,CF3
04,DECOTEX,GB,ZONE 30,CF5
04,DECOTEX,GB,ZONE 30,CF10
04,DECOTEX,GB,ZONE 30,CF11
04,DECOTEX,GB,ZONE 30,CF14
04,DECOTEX,GB,ZONE 30,CF15
04,DECOTEX,GB,ZONE 30,CF23
04,DECOTEX,GB,ZONE 30,CF24
04,DECOTEX,GB,ZONE 30,CF31
04,DECOTEX,GB,ZONE 30,CF32
04,DECOTEX,GB,ZONE 30,CF33
04,DECOTEX,GB,ZONE 30,CF34
04,DECOTEX,GB,ZONE 30,CF35
04,DECOTEX,GB,ZONE 30,CF36
04,DECOTEX,GB,ZONE 30,CF37
04,DECOTEX,GB,ZONE 30,CF38
04,DECOTEX,GB,ZONE 30,CF39
04,DECOTEX,GB,ZONE 30,CF40
04,DECOTEX,GB,ZONE 30,CF41
04,DECOTEX,GB,ZONE 30,CF42
04,DECOTEX,GB,ZONE 30,CF43
04,DECOTEX,GB,ZONE 30,CF44
04,DECOTEX,GB,ZONE 30,CF45
04,DECOTEX,GB,ZONE 30,CF46
04,DECOTEX,GB,ZONE 30,CF47
04,DECOTEX,GB,ZONE 30,CF48
04,DECOTEX,GB,ZONE 30,CF61
04,DECOTEX,GB,ZONE 30,CF62
04,DECOTEX,GB,ZONE 30,CF63
04,DECOTEX,GB,ZONE 30,CF64
04,DECOTEX,GB,ZONE 30,CF71
04,DECOTEX,GB,ZONE 30,CF72
04,DECOTEX,GB,ZONE 30,CF81
04,DECOTEX,GB,ZONE 30,CF82
04,DECOTEX,GB,ZONE 30,CF83
04,DECOTEX,GB,ZONE 30,CF91
04,DECOTEX,GB,ZONE 30,CF95
04,DECOTEX,GB,ZONE 30,CF99
04,DECOTEX,GB,ZONE 14,CH1
04,DECOTEX,GB,ZONE 14,CH2
04,DECOTEX,GB,ZONE 14,CH3
04,DECOTEX,GB,ZONE 14,CH4
04,DECOTEX,GB,ZONE 14,CH5
04,DECOTEX,GB,ZONE 14,CH6
04,DECOTEX,GB,ZONE 14,CH7
04,DECOTEX,GB,ZONE 14,CH8
04,DECOTEX,GB,ZONE 14,CH25
04,DECOTEX,GB,ZONE 14,CH26
04,DECOTEX,GB,ZONE 14,CH27
04,DECOTEX,GB,ZONE 14,CH28
04,DECOTEX,GB,ZONE 14,CH29
04,DECOTEX,GB,ZONE 14,CH30
04,DECOTEX,GB,ZONE 14,CH31
04,DECOTEX,GB,ZONE 14,CH32
04,DECOTEX,GB,ZONE 14,CH33
04,DECOTEX,GB,ZONE 14,CH34
04,DECOTEX,GB,ZONE 14,CH41
04,DECOTEX,GB,ZONE 14,CH42
04,DECOTEX,GB,ZONE 14,CH43
04,DECOTEX,GB,ZONE 14,CH44
04,DECOTEX,GB,ZONE 14,CH45
04,DECOTEX,GB,ZONE 14,CH46
04,DECOTEX,GB,ZONE 14,CH47
04,DECOTEX,GB,ZONE 14,CH48
04,DECOTEX,GB,ZONE 14,CH49
04,DECOTEX,GB,ZONE 14,CH60
04,DECOTEX,GB,ZONE 14,CH61
04,DECOTEX,GB,ZONE 14,CH62
04,DECOTEX,GB,ZONE 14,CH63
04,DECOTEX,GB,ZONE 14,CH64
04,DECOTEX,GB,ZONE 14,CH65
04,DECOTEX,GB,ZONE 14,CH66
04,DECOTEX,GB,ZONE 14,CH70
04,DECOTEX,GB,ZONE 14,CH88
04,DECOTEX,GB,ZONE 14,CH99
04,DECOTEX,GB,ZONE 45,CM0
04,DECOTEX,GB,ZONE 45,CM1
04,DECOTEX,GB,ZONE 45,CM2
04,DECOTEX,GB,ZONE 45,CM3
04,DECOTEX,GB,ZONE 45,CM4
04,DECOTEX,GB,ZONE 45,CM5
04,DECOTEX,GB,ZONE 45,CM6
04,DECOTEX,GB,ZONE 45,CM7
04,DECOTEX,GB,ZONE 45,CM8
04,DECOTEX,GB,ZONE 45,CM9
04,DECOTEX,GB,ZONE 45,CM11
04,DECOTEX,GB,ZONE 45,CM12
04,DECOTEX,GB,ZONE 45,CM13
04,DECOTEX,GB,ZONE 45,CM14
04,DECOTEX,GB,ZONE 45,CM15
04,DECOTEX,GB,ZONE 45,CM16
04,DECOTEX,GB,ZONE 45,CM17
04,DECOTEX,GB,ZONE 45,CM18
04,DECOTEX,GB,ZONE 45,CM19
04,DECOTEX,GB,ZONE 45,CM20
04,DECOTEX,GB,ZONE 45,CM21
04,DECOTEX,GB,ZONE 45,CM22
04,DECOTEX,GB,ZONE 45,CM23
04,DECOTEX,GB,ZONE 45,CM24
04,DECOTEX,GB,ZONE 45,CM77
04,DECOTEX,GB,ZONE 45,CM98
04,DECOTEX,GB,ZONE 45,CM99
04,DECOTEX,GB,ZONE 44,CO1
04,DECOTEX,GB,ZONE 44,CO2
04,DECOTEX,GB,ZONE 44,CO3
04,DECOTEX,GB,ZONE 44,CO4
04,DECOTEX,GB,ZONE 44,CO5
04,DECOTEX,GB,ZONE 44,CO6
04,DECOTEX,GB,ZONE 44,CO7
04,DECOTEX,GB,ZONE 44,CO8
04,DECOTEX,GB,ZONE 44,CO9
04,DECOTEX,GB,ZONE 44,CO10
04,DECOTEX,GB,ZONE 44,CO11
04,DECOTEX,GB,ZONE 44,CO12
04,DECOTEX,GB,ZONE 44,CO13
04,DECOTEX,GB,ZONE 44,CO14
04,DECOTEX,GB,ZONE 44,CO15
04,DECOTEX,GB,ZONE 44,CO16
04,DECOTEX,GB,ZONE 34,CR0
04,DECOTEX,GB,ZONE 34,CR2
04,DECOTEX,GB,ZONE 34,CR3
04,DECOTEX,GB,ZONE 34,CR4
04,DECOTEX,GB,ZONE 34,CR5
04,DECOTEX,GB,ZONE 34,CR6
04,DECOTEX,GB,ZONE 34,CR7
04,DECOTEX,GB,ZONE 34,CR8
04,DECOTEX,GB,ZONE 34,CR9
04,DECOTEX,GB,ZONE 34,CR44
04,DECOTEX,GB,ZONE 55,CT1
04,DECOTEX,GB,ZONE 55,CT2
04,DECOTEX,GB,ZONE 55,CT3
04,DECOTEX,GB,ZONE 55,CT4
04,DECOTEX,GB,ZONE 55,CT5
04,DECOTEX,GB,ZONE 55,CT6
04,DECOTEX,GB,ZONE 55,CT7
04,DECOTEX,GB,ZONE 55,CT8
04,DECOTEX,GB,ZONE 55,CT9
04,DECOTEX,GB,ZONE 55,CT10
04,DECOTEX,GB,ZONE 55,CT11
04,DECOTEX,GB,ZONE 55,CT12
04,DECOTEX,GB,ZONE 55,CT13
04,DECOTEX,GB,ZONE 55,CT14
04,DECOTEX,GB,ZONE 55,CT15
04,DECOTEX,GB,ZONE 55,CT16
04,DECOTEX,GB,ZONE 55,CT17
04,DECOTEX,GB,ZONE 55,CT18
04,DECOTEX,GB,ZONE 55,CT19
04,DECOTEX,GB,ZONE 55,CT20
04,DECOTEX,GB,ZONE 55,CT21
04,DECOTEX,GB,ZONE 55,CT50
04,DECOTEX,GB,ZONE 17,CV1
04,DECOTEX,GB,ZONE 17,CV2
04,DECOTEX,GB,ZONE 17,CV3
04,DECOTEX,GB,ZONE 17,CV4
04,DECOTEX,GB,ZONE 17,CV5
04,DECOTEX,GB,ZONE 17,CV6
04,DECOTEX,GB,ZONE 17,CV7
04,DECOTEX,GB,ZONE 17,CV8
04,DECOTEX,GB,ZONE 17,CV9
04,DECOTEX,GB,ZONE 17,CV10
04,DECOTEX,GB,ZONE 17,CV11
04,DECOTEX,GB,ZONE 17,CV12
04,DECOTEX,GB,ZONE 17,CV13
04,DECOTEX,GB,ZONE 17,CV21
04,DECOTEX,GB,ZONE 17,CV22
04,DECOTEX,GB,ZONE 17,CV23
04,DECOTEX,GB,ZONE 17,CV31
04,DECOTEX,GB,ZONE 17,CV32
04,DECOTEX,GB,ZONE 17,CV33
04,DECOTEX,GB,ZONE 17,CV34
04,DECOTEX,GB,ZONE 17,CV35
04,DECOTEX,GB,ZONE 17,CV36
04,DECOTEX,GB,ZONE 17,CV37
04,DECOTEX,GB,ZONE 17,CV47
04,DECOTEX,GB,ZONE 2,CW1
04,DECOTEX,GB,ZONE 2,CW2
04,DECOTEX,GB,ZONE 2,CW3
04,DECOTEX,GB,ZONE 2,CW4
04,DECOTEX,GB,ZONE 2,CW5
04,DECOTEX,GB,ZONE 2,CW6
04,DECOTEX,GB,ZONE 2,CW7
04,DECOTEX,GB,ZONE 2,CW8
04,DECOTEX,GB,ZONE 2,CW9
04,DECOTEX,GB,ZONE 2,CW10
04,DECOTEX,GB,ZONE 2,CW11
04,DECOTEX,GB,ZONE 2,CW12
04,DECOTEX,GB,ZONE 2,CW98
04,DECOTEX,GB,ZONE 33,DA1
04,DECOTEX,GB,ZONE 33,DA2
04,DECOTEX,GB,ZONE 33,DA3
04,DECOTEX,GB,ZONE 33,DA4
04,DECOTEX,GB,ZONE 33,DA5
04,DECOTEX,GB,ZONE 33,DA6
04,DECOTEX,GB,ZONE 33,DA7
04,DECOTEX,GB,ZONE 33,DA8
04,DECOTEX,GB,ZONE 33,DA9
04,DECOTEX,GB,ZONE 33,DA10
04,DECOTEX,GB,ZONE 33,DA11
04,DECOTEX,GB,ZONE 33,DA12
04,DECOTEX,GB,ZONE 33,DA13
04,DECOTEX,GB,ZONE 33,DA14
04,DECOTEX,GB,ZONE 33,DA15
04,DECOTEX,GB,ZONE 33,DA16
04,DECOTEX,GB,ZONE 33,DA17
04,DECOTEX,GB,ZONE 33,DA18
04,DECOTEX,GB,ZONE 16,DE1
04,DECOTEX,GB,ZONE 16,DE3
04,DECOTEX,GB,ZONE 16,DE4
04,DECOTEX,GB,ZONE 16,DE5
04,DECOTEX,GB,ZONE 16,DE6
04,DECOTEX,GB,ZONE 16,DE7
04,DECOTEX,GB,ZONE 16,DE11
04,DECOTEX,GB,ZONE 16,DE12
04,DECOTEX,GB,ZONE 16,DE13
04,DECOTEX,GB,ZONE 16,DE14
04,DECOTEX,GB,ZONE 16,DE15
04,DECOTEX,GB,ZONE 16,DE21
04,DECOTEX,GB,ZONE 16,DE22
04,DECOTEX,GB,ZONE 16,DE23
04,DECOTEX,GB,ZONE 16,DE24
04,DECOTEX,GB,ZONE 16,DE45
04,DECOTEX,GB,ZONE 16,DE55
04,DECOTEX,GB,ZONE 16,DE56
04,DECOTEX,GB,ZONE 16,DE65
04,DECOTEX,GB,ZONE 16,DE72
04,DECOTEX,GB,ZONE 16,DE73
04,DECOTEX,GB,ZONE 16,DE74
04,DECOTEX,GB,ZONE 16,DE75
04,DECOTEX,GB,ZONE 16,DE99
04,DECOTEX,GB,ZONE 21,DH1
04,DECOTEX,GB,ZONE 21,DH2
04,DECOTEX,GB,ZONE 21,DH3
04,DECOTEX,GB,ZONE 21,DH4
04,DECOTEX,GB,ZONE 21,DH5
04,DECOTEX,GB,ZONE 21,DH6
04,DECOTEX,GB,ZONE 21,DH7
04,DECOTEX,GB,ZONE 21,DH8
04,DECOTEX,GB,ZONE 21,DH9
04,DECOTEX,GB,ZONE 21,DH97
04,DECOTEX,GB,ZONE 21,DH98
04,DECOTEX,GB,ZONE 21,DH99
04,DECOTEX,GB,ZONE 21,DL1
04,DECOTEX,GB,ZONE 21,DL2
04,DECOTEX,GB,ZONE 21,DL3
04,DECOTEX,GB,ZONE 21,DL4
04,DECOTEX,GB,ZONE 21,DL5
04,DECOTEX,GB,ZONE 21,DL6
04,DECOTEX,GB,ZONE 21,DL7
04,DECOTEX,GB,ZONE 21,DL8
04,DECOTEX,GB,ZONE 21,DL9
04,DECOTEX,GB,ZONE 21,DL10
04,DECOTEX,GB,ZONE 21,DL11
04,DECOTEX,GB,ZONE 21,DL12
04,DECOTEX,GB,ZONE 21,DL13
04,DECOTEX,GB,ZONE 21,DL14
04,DECOTEX,GB,ZONE 21,DL15
04,DECOTEX,GB,ZONE 21,DL16
04,DECOTEX,GB,ZONE 21,DL17
04,DECOTEX,GB,ZONE 13,DN1
04,DECOTEX,GB,ZONE 13,DN2
04,DECOTEX,GB,ZONE 13,DN3
04,DECOTEX,GB,ZONE 13,DN4
04,DECOTEX,GB,ZONE 13,DN5
04,DECOTEX,GB,ZONE 13,DN6
04,DECOTEX,GB,ZONE 13,DN7
04,DECOTEX,GB,ZONE 13,DN8
04,DECOTEX,GB,ZONE 13,DN9
04,DECOTEX,GB,ZONE 13,DN10
04,DECOTEX,GB,ZONE 13,DN11
04,DECOTEX,GB,ZONE 13,DN12
04,DECOTEX,GB,ZONE 13,DN14
04,DECOTEX,GB,ZONE 13,DN15
04,DECOTEX,GB,ZONE 13,DN16
04,DECOTEX,GB,ZONE 13,DN17
04,DECOTEX,GB,ZONE 13,DN18
04,DECOTEX,GB,ZONE 13,DN19
04,DECOTEX,GB,ZONE 13,DN20
04,DECOTEX,GB,ZONE 13,DN21
04,DECOTEX,GB,ZONE 13,DN22
04,DECOTEX,GB,ZONE 13,DN31
04,DECOTEX,GB,ZONE 13,DN32
04,DECOTEX,GB,ZONE 13,DN33
04,DECOTEX,GB,ZONE 13,DN34
04,DECOTEX,GB,ZONE 13,DN35
04,DECOTEX,GB,ZONE 13,DN36
04,DECOTEX,GB,ZONE 13,DN37
04,DECOTEX,GB,ZONE 13,DN38
04,DECOTEX,GB,ZONE 13,DN39
04,DECOTEX,GB,ZONE 13,DN40
04,DECOTEX,GB,ZONE 13,DN41
04,DECOTEX,GB,ZONE 13,DN55
04,DECOTEX,GB,ZONE 68,DT1
04,DECOTEX,GB,ZONE 68,DT2
04,DECOTEX,GB,ZONE 68,DT3
04,DECOTEX,GB,ZONE 68,DT4
04,DECOTEX,GB,ZONE 68,DT5
04,DECOTEX,GB,ZONE 68,DT6
04,DECOTEX,GB,ZONE 68,DT7
04,DECOTEX,GB,ZONE 68,DT8
04,DECOTEX,GB,ZONE 68,DT9
04,DECOTEX,GB,ZONE 68,DT10
04,DECOTEX,GB,ZONE 68,DT11
04,DECOTEX,GB,ZONE 16,DY1
04,DECOTEX,GB,ZONE 16,DY2
04,DECOTEX,GB,ZONE 16,DY3
04,DECOTEX,GB,ZONE 16,DY4
04,DECOTEX,GB,ZONE 16,DY5
04,DECOTEX,GB,ZONE 16,DY6
04,DECOTEX,GB,ZONE 16,DY7
04,DECOTEX,GB,ZONE 16,DY8
04,DECOTEX,GB,ZONE 16,DY9
04,DECOTEX,GB,ZONE 16,DY10
04,DECOTEX,GB,ZONE 16,DY11
04,DECOTEX,GB,ZONE 16,DY12
04,DECOTEX,GB,ZONE 16,DY13
04,DECOTEX,GB,ZONE 16,DY14
04,DECOTEX,GB,ZONE 61,E10
04,DECOTEX,GB,ZONE 61,E20
04,DECOTEX,GB,ZONE 61,E1
04,DECOTEX,GB,ZONE 61,E11
04,DECOTEX,GB,ZONE 61,E12
04,DECOTEX,GB,ZONE 61,E2
04,DECOTEX,GB,ZONE 61,E13
04,DECOTEX,GB,ZONE 61,E3
04,DECOTEX,GB,ZONE 61,E14
04,DECOTEX,GB,ZONE 61,E4
04,DECOTEX,GB,ZONE 61,E15
04,DECOTEX,GB,ZONE 61,E5
04,DECOTEX,GB,ZONE 61,E16
04,DECOTEX,GB,ZONE 61,E6
04,DECOTEX,GB,ZONE 61,E17
04,DECOTEX,GB,ZONE 61,E7
04,DECOTEX,GB,ZONE 61,E77
04,DECOTEX,GB,ZONE 61,E18
04,DECOTEX,GB,ZONE 61,E8
04,DECOTEX,GB,ZONE 61,E98
04,DECOTEX,GB,ZONE 61,E9
04,DECOTEX,GB,ZONE 61,E1W
04,DECOTEX,GB,ZONE 63,EC1A
04,DECOTEX,GB,ZONE 63,EC1M
04,DECOTEX,GB,ZONE 63,EC1N
04,DECOTEX,GB,ZONE 63,EC1P
04,DECOTEX,GB,ZONE 63,EC1R
04,DECOTEX,GB,ZONE 63,EC1V
04,DECOTEX,GB,ZONE 63,EC1Y
04,DECOTEX,GB,ZONE 63,EC2A
04,DECOTEX,GB,ZONE 63,EC2M
04,DECOTEX,GB,ZONE 63,EC2N
04,DECOTEX,GB,ZONE 63,EC2P
04,DECOTEX,GB,ZONE 63,EC2R
04,DECOTEX,GB,ZONE 63,EC2V
04,DECOTEX,GB,ZONE 63,EC2Y
04,DECOTEX,GB,ZONE 63,EC3A
04,DECOTEX,GB,ZONE 63,EC3M
04,DECOTEX,GB,ZONE 63,EC3N
04,DECOTEX,GB,ZONE 63,EC3P
04,DECOTEX,GB,ZONE 63,EC3R
04,DECOTEX,GB,ZONE 63,EC3V
04,DECOTEX,GB,ZONE 63,EC4A
04,DECOTEX,GB,ZONE 63,EC4M
04,DECOTEX,GB,ZONE 63,EC4N
04,DECOTEX,GB,ZONE 63,EC4P
04,DECOTEX,GB,ZONE 63,EC4R
04,DECOTEX,GB,ZONE 63,EC4V
04,DECOTEX,GB,ZONE 63,EC4Y
04,DECOTEX,GB,ZONE 63,EC50
04,DECOTEX,GB,ZONE 31,EN1
04,DECOTEX,GB,ZONE 31,EN2
04,DECOTEX,GB,ZONE 31,EN3
04,DECOTEX,GB,ZONE 31,EN4
04,DECOTEX,GB,ZONE 31,EN5
04,DECOTEX,GB,ZONE 31,EN6
04,DECOTEX,GB,ZONE 31,EN7
04,DECOTEX,GB,ZONE 31,EN8
04,DECOTEX,GB,ZONE 31,EN9
04,DECOTEX,GB,ZONE 31,EN10
04,DECOTEX,GB,ZONE 31,EN11
04,DECOTEX,GB,ZONE 67,EX1
04,DECOTEX,GB,ZONE 67,EX2
04,DECOTEX,GB,ZONE 67,EX3
04,DECOTEX,GB,ZONE 67,EX4
04,DECOTEX,GB,ZONE 67,EX5
04,DECOTEX,GB,ZONE 67,EX6
04,DECOTEX,GB,ZONE 67,EX7
04,DECOTEX,GB,ZONE 67,EX8
04,DECOTEX,GB,ZONE 67,EX9
04,DECOTEX,GB,ZONE 67,EX10
04,DECOTEX,GB,ZONE 67,EX11
04,DECOTEX,GB,ZONE 67,EX12
04,DECOTEX,GB,ZONE 67,EX13
04,DECOTEX,GB,ZONE 67,EX14
04,DECOTEX,GB,ZONE 67,EX15
04,DECOTEX,GB,ZONE 67,EX16
04,DECOTEX,GB,ZONE 67,EX17
04,DECOTEX,GB,ZONE 70,EX18
04,DECOTEX,GB,ZONE 70,EX19
04,DECOTEX,GB,ZONE 70,EX20
04,DECOTEX,GB,ZONE 70,EX21
04,DECOTEX,GB,ZONE 70,EX22
04,DECOTEX,GB,ZONE 70,EX23
04,DECOTEX,GB,ZONE 70,EX24
04,DECOTEX,GB,ZONE 70,EX31
04,DECOTEX,GB,ZONE 70,EX32
04,DECOTEX,GB,ZONE 70,EX33
04,DECOTEX,GB,ZONE 70,EX34
04,DECOTEX,GB,ZONE 70,EX35
04,DECOTEX,GB,ZONE 70,EX36
04,DECOTEX,GB,ZONE 70,EX37
04,DECOTEX,GB,ZONE 70,EX38
04,DECOTEX,GB,ZONE 70,EX39
04,DECOTEX,GB,ZONE 18,FY0
04,DECOTEX,GB,ZONE 18,FY1
04,DECOTEX,GB,ZONE 18,FY2
04,DECOTEX,GB,ZONE 18,FY3
04,DECOTEX,GB,ZONE 18,FY4
04,DECOTEX,GB,ZONE 18,FY5
04,DECOTEX,GB,ZONE 18,FY6
04,DECOTEX,GB,ZONE 18,FY7
04,DECOTEX,GB,ZONE 18,FY8
04,DECOTEX,GB,ZONE 19,GL1
04,DECOTEX,GB,ZONE 19,GL2
04,DECOTEX,GB,ZONE 19,GL3
04,DECOTEX,GB,ZONE 19,GL4
04,DECOTEX,GB,ZONE 19,GL5
04,DECOTEX,GB,ZONE 19,GL6
04,DECOTEX,GB,ZONE 19,GL7
04,DECOTEX,GB,ZONE 19,GL8
04,DECOTEX,GB,ZONE 19,GL9
04,DECOTEX,GB,ZONE 19,GL10
04,DECOTEX,GB,ZONE 19,GL11
04,DECOTEX,GB,ZONE 19,GL12
04,DECOTEX,GB,ZONE 19,GL13
04,DECOTEX,GB,ZONE 19,GL14
04,DECOTEX,GB,ZONE 19,GL15
04,DECOTEX,GB,ZONE 19,GL16
04,DECOTEX,GB,ZONE 19,GL17
04,DECOTEX,GB,ZONE 19,GL18
04,DECOTEX,GB,ZONE 19,GL19
04,DECOTEX,GB,ZONE 19,GL20
04,DECOTEX,GB,ZONE 19,GL50
04,DECOTEX,GB,ZONE 19,GL51
04,DECOTEX,GB,ZONE 19,GL52
04,DECOTEX,GB,ZONE 19,GL53
04,DECOTEX,GB,ZONE 19,GL54
04,DECOTEX,GB,ZONE 19,GL55
04,DECOTEX,GB,ZONE 19,GL56
04,DECOTEX,GB,ZONE 43,GU1
04,DECOTEX,GB,ZONE 43,GU2
04,DECOTEX,GB,ZONE 43,GU3
04,DECOTEX,GB,ZONE 43,GU4
04,DECOTEX,GB,ZONE 43,GU5
04,DECOTEX,GB,ZONE 43,GU6
04,DECOTEX,GB,ZONE 43,GU7
04,DECOTEX,GB,ZONE 43,GU8
04,DECOTEX,GB,ZONE 43,GU9
04,DECOTEX,GB,ZONE 43,GU10
04,DECOTEX,GB,ZONE 43,GU11
04,DECOTEX,GB,ZONE 43,GU12
04,DECOTEX,GB,ZONE 43,GU14
04,DECOTEX,GB,ZONE 43,GU15
04,DECOTEX,GB,ZONE 43,GU16
04,DECOTEX,GB,ZONE 43,GU17
04,DECOTEX,GB,ZONE 43,GU18
04,DECOTEX,GB,ZONE 43,GU19
04,DECOTEX,GB,ZONE 43,GU20
04,DECOTEX,GB,ZONE 43,GU21
04,DECOTEX,GB,ZONE 43,GU22
04,DECOTEX,GB,ZONE 43,GU23
04,DECOTEX,GB,ZONE 43,GU24
04,DECOTEX,GB,ZONE 43,GU25
04,DECOTEX,GB,ZONE 43,GU26
04,DECOTEX,GB,ZONE 43,GU27
04,DECOTEX,GB,ZONE 43,GU28
04,DECOTEX,GB,ZONE 43,GU29
04,DECOTEX,GB,ZONE 43,GU30
04,DECOTEX,GB,ZONE 43,GU31
04,DECOTEX,GB,ZONE 43,GU32
04,DECOTEX,GB,ZONE 43,GU33
04,DECOTEX,GB,ZONE 43,GU34
04,DECOTEX,GB,ZONE 43,GU35
04,DECOTEX,GB,ZONE 43,GU46
04,DECOTEX,GB,ZONE 43,GU47
04,DECOTEX,GB,ZONE 43,GU51
04,DECOTEX,GB,ZONE 43,GU52
04,DECOTEX,GB,ZONE 43,GU95
04,DECOTEX,GB,ZONE 31,HA0
04,DECOTEX,GB,ZONE 31,HA1
04,DECOTEX,GB,ZONE 31,HA2
04,DECOTEX,GB,ZONE 31,HA3
04,DECOTEX,GB,ZONE 31,HA4
04,DECOTEX,GB,ZONE 31,HA5
04,DECOTEX,GB,ZONE 31,HA6
04,DECOTEX,GB,ZONE 31,HA7
04,DECOTEX,GB,ZONE 31,HA8
04,DECOTEX,GB,ZONE 31,HA9
04,DECOTEX,GB,ZONE 5,HD1
04,DECOTEX,GB,ZONE 5,HD2
04,DECOTEX,GB,ZONE 5,HD3
04,DECOTEX,GB,ZONE 5,HD4
04,DECOTEX,GB,ZONE 5,HD5
04,DECOTEX,GB,ZONE 5,HD6
04,DECOTEX,GB,ZONE 5,HD7
04,DECOTEX,GB,ZONE 5,HD8
04,DECOTEX,GB,ZONE 5,HD9
04,DECOTEX,GB,ZONE 10,HG1
04,DECOTEX,GB,ZONE 10,HG2
04,DECOTEX,GB,ZONE 10,HG3
04,DECOTEX,GB,ZONE 10,HG4
04,DECOTEX,GB,ZONE 10,HG5
04,DECOTEX,GB,ZONE 27,HP1
04,DECOTEX,GB,ZONE 27,HP2
04,DECOTEX,GB,ZONE 27,HP3
04,DECOTEX,GB,ZONE 27,HP4
04,DECOTEX,GB,ZONE 27,HP5
04,DECOTEX,GB,ZONE 27,HP6
04,DECOTEX,GB,ZONE 27,HP7
04,DECOTEX,GB,ZONE 27,HP8
04,DECOTEX,GB,ZONE 27,HP9
04,DECOTEX,GB,ZONE 27,HP10
04,DECOTEX,GB,ZONE 27,HP11
04,DECOTEX,GB,ZONE 27,HP12
04,DECOTEX,GB,ZONE 27,HP13
04,DECOTEX,GB,ZONE 27,HP14
04,DECOTEX,GB,ZONE 27,HP15
04,DECOTEX,GB,ZONE 27,HP16
04,DECOTEX,GB,ZONE 27,HP17
04,DECOTEX,GB,ZONE 27,HP18
04,DECOTEX,GB,ZONE 27,HP19
04,DECOTEX,GB,ZONE 27,HP20
04,DECOTEX,GB,ZONE 27,HP21
04,DECOTEX,GB,ZONE 27,HP22
04,DECOTEX,GB,ZONE 27,HP23
04,DECOTEX,GB,ZONE 27,HP27
04,DECOTEX,GB,ZONE 20,HR1
04,DECOTEX,GB,ZONE 20,HR2
04,DECOTEX,GB,ZONE 20,HR3
04,DECOTEX,GB,ZONE 20,HR4
04,DECOTEX,GB,ZONE 20,HR5
04,DECOTEX,GB,ZONE 20,HR6
04,DECOTEX,GB,ZONE 20,HR7
04,DECOTEX,GB,ZONE 20,HR8
04,DECOTEX,GB,ZONE 20,HR9
04,DECOTEX,GB,ZONE 40,HU1
04,DECOTEX,GB,ZONE 40,HU2
04,DECOTEX,GB,ZONE 40,HU3
04,DECOTEX,GB,ZONE 40,HU4
04,DECOTEX,GB,ZONE 40,HU5
04,DECOTEX,GB,ZONE 40,HU6
04,DECOTEX,GB,ZONE 40,HU7
04,DECOTEX,GB,ZONE 40,HU8
04,DECOTEX,GB,ZONE 40,HU9
04,DECOTEX,GB,ZONE 40,HU10
04,DECOTEX,GB,ZONE 40,HU11
04,DECOTEX,GB,ZONE 40,HU12
04,DECOTEX,GB,ZONE 40,HU13
04,DECOTEX,GB,ZONE 40,HU14
04,DECOTEX,GB,ZONE 40,HU15
04,DECOTEX,GB,ZONE 40,HU16
04,DECOTEX,GB,ZONE 40,HU17
04,DECOTEX,GB,ZONE 40,HU18
04,DECOTEX,GB,ZONE 40,HU19
04,DECOTEX,GB,ZONE 40,HU20
04,DECOTEX,GB,ZONE 7,HX1
04,DECOTEX,GB,ZONE 7,HX2
04,DECOTEX,GB,ZONE 7,HX3
04,DECOTEX,GB,ZONE 7,HX4
04,DECOTEX,GB,ZONE 7,HX5
04,DECOTEX,GB,ZONE 7,HX6
04,DECOTEX,GB,ZONE 7,HX7
04,DECOTEX,GB,ZONE 33,IG1
04,DECOTEX,GB,ZONE 33,IG2
04,DECOTEX,GB,ZONE 33,IG3
04,DECOTEX,GB,ZONE 33,IG4
04,DECOTEX,GB,ZONE 33,IG5
04,DECOTEX,GB,ZONE 33,IG6
04,DECOTEX,GB,ZONE 33,IG7
04,DECOTEX,GB,ZONE 33,IG8
04,DECOTEX,GB,ZONE 33,IG9
04,DECOTEX,GB,ZONE 33,IG10
04,DECOTEX,GB,ZONE 33,IG11
04,DECOTEX,GB,ZONE 35,IP1
04,DECOTEX,GB,ZONE 35,IP2
04,DECOTEX,GB,ZONE 35,IP3
04,DECOTEX,GB,ZONE 35,IP4
04,DECOTEX,GB,ZONE 35,IP5
04,DECOTEX,GB,ZONE 35,IP6
04,DECOTEX,GB,ZONE 35,IP7
04,DECOTEX,GB,ZONE 35,IP8
04,DECOTEX,GB,ZONE 35,IP9
04,DECOTEX,GB,ZONE 35,IP10
04,DECOTEX,GB,ZONE 35,IP11
04,DECOTEX,GB,ZONE 35,IP12
04,DECOTEX,GB,ZONE 35,IP13
04,DECOTEX,GB,ZONE 35,IP14
04,DECOTEX,GB,ZONE 35,IP15
04,DECOTEX,GB,ZONE 35,IP16
04,DECOTEX,GB,ZONE 35,IP17
04,DECOTEX,GB,ZONE 35,IP18
04,DECOTEX,GB,ZONE 35,IP19
04,DECOTEX,GB,ZONE 35,IP20
04,DECOTEX,GB,ZONE 35,IP21
04,DECOTEX,GB,ZONE 35,IP22
04,DECOTEX,GB,ZONE 35,IP23
04,DECOTEX,GB,ZONE 35,IP24
04,DECOTEX,GB,ZONE 35,IP25
04,DECOTEX,GB,ZONE 35,IP26
04,DECOTEX,GB,ZONE 35,IP27
04,DECOTEX,GB,ZONE 35,IP28
04,DECOTEX,GB,ZONE 35,IP29
04,DECOTEX,GB,ZONE 35,IP30
04,DECOTEX,GB,ZONE 35,IP31
04,DECOTEX,GB,ZONE 35,IP32
04,DECOTEX,GB,ZONE 35,IP33
04,DECOTEX,GB,ZONE 35,IP98
04,DECOTEX,GB,ZONE 33,KT1
04,DECOTEX,GB,ZONE 33,KT2
04,DECOTEX,GB,ZONE 33,KT3
04,DECOTEX,GB,ZONE 33,KT4
04,DECOTEX,GB,ZONE 33,KT5
04,DECOTEX,GB,ZONE 33,KT6
04,DECOTEX,GB,ZONE 33,KT7
04,DECOTEX,GB,ZONE 33,KT8
04,DECOTEX,GB,ZONE 33,KT9
04,DECOTEX,GB,ZONE 33,KT10
04,DECOTEX,GB,ZONE 33,KT11
04,DECOTEX,GB,ZONE 33,KT12
04,DECOTEX,GB,ZONE 33,KT13
04,DECOTEX,GB,ZONE 33,KT14
04,DECOTEX,GB,ZONE 33,KT15
04,DECOTEX,GB,ZONE 33,KT16
04,DECOTEX,GB,ZONE 33,KT17
04,DECOTEX,GB,ZONE 33,KT18
04,DECOTEX,GB,ZONE 33,KT19
04,DECOTEX,GB,ZONE 33,KT20
04,DECOTEX,GB,ZONE 33,KT21
04,DECOTEX,GB,ZONE 33,KT22
04,DECOTEX,GB,ZONE 33,KT23
04,DECOTEX,GB,ZONE 33,KT24
04,DECOTEX,GB,ZONE 3,L1
04,DECOTEX,GB,ZONE 3,L2
04,DECOTEX,GB,ZONE 3,L3
04,DECOTEX,GB,ZONE 3,L4
04,DECOTEX,GB,ZONE 3,L5
04,DECOTEX,GB,ZONE 3,L6
04,DECOTEX,GB,ZONE 3,L7
04,DECOTEX,GB,ZONE 3,L8
04,DECOTEX,GB,ZONE 3,L9
04,DECOTEX,GB,ZONE 3,L10
04,DECOTEX,GB,ZONE 3,L11
04,DECOTEX,GB,ZONE 3,L12
04,DECOTEX,GB,ZONE 3,L13
04,DECOTEX,GB,ZONE 3,L14
04,DECOTEX,GB,ZONE 3,L15
04,DECOTEX,GB,ZONE 3,L16
04,DECOTEX,GB,ZONE 3,L17
04,DECOTEX,GB,ZONE 3,L18
04,DECOTEX,GB,ZONE 3,L19
04,DECOTEX,GB,ZONE 3,L20
04,DECOTEX,GB,ZONE 3,L21
04,DECOTEX,GB,ZONE 3,L22
04,DECOTEX,GB,ZONE 3,L23
04,DECOTEX,GB,ZONE 3,L24
04,DECOTEX,GB,ZONE 3,L25
04,DECOTEX,GB,ZONE 3,L26
04,DECOTEX,GB,ZONE 3,L27
04,DECOTEX,GB,ZONE 3,L28
04,DECOTEX,GB,ZONE 3,L29
04,DECOTEX,GB,ZONE 3,L30
04,DECOTEX,GB,ZONE 3,L31
04,DECOTEX,GB,ZONE 3,L32
04,DECOTEX,GB,ZONE 3,L33
04,DECOTEX,GB,ZONE 3,L34
04,DECOTEX,GB,ZONE 3,L35
04,DECOTEX,GB,ZONE 3,L36
04,DECOTEX,GB,ZONE 3,L37
04,DECOTEX,GB,ZONE 3,L38
04,DECOTEX,GB,ZONE 3,L39
04,DECOTEX,GB,ZONE 3,L40
04,DECOTEX,GB,ZONE 3,L67
04,DECOTEX,GB,ZONE 3,L68
04,DECOTEX,GB,ZONE 3,L69
04,DECOTEX,GB,ZONE 3,L70
04,DECOTEX,GB,ZONE 3,L71
04,DECOTEX,GB,ZONE 3,L72
04,DECOTEX,GB,ZONE 3,L73
04,DECOTEX,GB,ZONE 3,L74
04,DECOTEX,GB,ZONE 3,L75
04,DECOTEX,GB,ZONE 3,L99
04,DECOTEX,GB,ZONE 38,LA1
04,DECOTEX,GB,ZONE 38,LA2
04,DECOTEX,GB,ZONE 38,LA3
04,DECOTEX,GB,ZONE 38,LA4
04,DECOTEX,GB,ZONE 56,LA5
04,DECOTEX,GB,ZONE 56,LA6
04,DECOTEX,GB,ZONE 56,LA7
04,DECOTEX,GB,ZONE 56,LA8
04,DECOTEX,GB,ZONE 56,LA9
04,DECOTEX,GB,ZONE 56,LA10
04,DECOTEX,GB,ZONE 56,LA11
04,DECOTEX,GB,ZONE 56,LA12
04,DECOTEX,GB,ZONE 56,LA13
04,DECOTEX,GB,ZONE 56,LA14
04,DECOTEX,GB,ZONE 56,LA15
04,DECOTEX,GB,ZONE 56,LA16
04,DECOTEX,GB,ZONE 56,LA17
04,DECOTEX,GB,ZONE 56,LA18
04,DECOTEX,GB,ZONE 56,LA19
04,DECOTEX,GB,ZONE 56,LA20
04,DECOTEX,GB,ZONE 56,LA21
04,DECOTEX,GB,ZONE 56,LA22
04,DECOTEX,GB,ZONE 56,LA23
04,DECOTEX,GB,ZONE 74,LD1
04,DECOTEX,GB,ZONE 74,LD2
04,DECOTEX,GB,ZONE 74,LD3
04,DECOTEX,GB,ZONE 74,LD4
04,DECOTEX,GB,ZONE 74,LD5
04,DECOTEX,GB,ZONE 74,LD6
04,DECOTEX,GB,ZONE 74,LD7
04,DECOTEX,GB,ZONE 74,LD8
04,DECOTEX,GB,ZONE 17,LE1
04,DECOTEX,GB,ZONE 17,LE2
04,DECOTEX,GB,ZONE 17,LE3
04,DECOTEX,GB,ZONE 17,LE4
04,DECOTEX,GB,ZONE 17,LE5
04,DECOTEX,GB,ZONE 17,LE6
04,DECOTEX,GB,ZONE 17,LE7
04,DECOTEX,GB,ZONE 17,LE8
04,DECOTEX,GB,ZONE 17,LE9
04,DECOTEX,GB,ZONE 17,LE10
04,DECOTEX,GB,ZONE 17,LE11
04,DECOTEX,GB,ZONE 17,LE12
04,DECOTEX,GB,ZONE 17,LE13
04,DECOTEX,GB,ZONE 17,LE14
04,DECOTEX,GB,ZONE 17,LE15
04,DECOTEX,GB,ZONE 17,LE16
04,DECOTEX,GB,ZONE 17,LE17
04,DECOTEX,GB,ZONE 17,LE18
04,DECOTEX,GB,ZONE 17,LE19
04,DECOTEX,GB,ZONE 17,LE21
04,DECOTEX,GB,ZONE 17,LE41
04,DECOTEX,GB,ZONE 17,LE55
04,DECOTEX,GB,ZONE 17,LE65
04,DECOTEX,GB,ZONE 17,LE67
04,DECOTEX,GB,ZONE 17,LE87
04,DECOTEX,GB,ZONE 17,LE94
04,DECOTEX,GB,ZONE 17,LE95
04,DECOTEX,GB,ZONE 50,LL11
04,DECOTEX,GB,ZONE 50,LL12
04,DECOTEX,GB,ZONE 50,LL13
04,DECOTEX,GB,ZONE 50,LL14
04,DECOTEX,GB,ZONE 71,LL15
04,DECOTEX,GB,ZONE 71,LL16
04,DECOTEX,GB,ZONE 71,LL17
04,DECOTEX,GB,ZONE 71,LL18
04,DECOTEX,GB,ZONE 71,LL19
04,DECOTEX,GB,ZONE 71,LL20
04,DECOTEX,GB,ZONE 71,LL21
04,DECOTEX,GB,ZONE 71,LL22
04,DECOTEX,GB,ZONE 71,LL23
04,DECOTEX,GB,ZONE 71,LL24
04,DECOTEX,GB,ZONE 71,LL25
04,DECOTEX,GB,ZONE 71,LL26
04,DECOTEX,GB,ZONE 71,LL27
04,DECOTEX,GB,ZONE 71,LL28
04,DECOTEX,GB,ZONE 71,LL29
04,DECOTEX,GB,ZONE 71,LL30
04,DECOTEX,GB,ZONE 71,LL31
04,DECOTEX,GB,ZONE 71,LL32
04,DECOTEX,GB,ZONE 71,LL33
04,DECOTEX,GB,ZONE 71,LL34
04,DECOTEX,GB,ZONE 71,LL35
04,DECOTEX,GB,ZONE 71,LL36
04,DECOTEX,GB,ZONE 71,LL37
04,DECOTEX,GB,ZONE 71,LL38
04,DECOTEX,GB,ZONE 71,LL39
04,DECOTEX,GB,ZONE 71,LL40
04,DECOTEX,GB,ZONE 71,LL41
04,DECOTEX,GB,ZONE 71,LL42
04,DECOTEX,GB,ZONE 71,LL43
04,DECOTEX,GB,ZONE 71,LL44
04,DECOTEX,GB,ZONE 71,LL45
04,DECOTEX,GB,ZONE 71,LL46
04,DECOTEX,GB,ZONE 71,LL47
04,DECOTEX,GB,ZONE 71,LL48
04,DECOTEX,GB,ZONE 71,LL49
04,DECOTEX,GB,ZONE 71,LL51
04,DECOTEX,GB,ZONE 71,LL52
04,DECOTEX,GB,ZONE 71,LL53
04,DECOTEX,GB,ZONE 71,LL54
04,DECOTEX,GB,ZONE 71,LL55
04,DECOTEX,GB,ZONE 71,LL56
04,DECOTEX,GB,ZONE 71,LL57
04,DECOTEX,GB,ZONE 71,LL58
04,DECOTEX,GB,ZONE 71,LL59
04,DECOTEX,GB,ZONE 71,LL60
04,DECOTEX,GB,ZONE 71,LL61
04,DECOTEX,GB,ZONE 71,LL62
04,DECOTEX,GB,ZONE 71,LL63
04,DECOTEX,GB,ZONE 71,LL64
04,DECOTEX,GB,ZONE 71,LL65
04,DECOTEX,GB,ZONE 71,LL66
04,DECOTEX,GB,ZONE 71,LL67
04,DECOTEX,GB,ZONE 71,LL68
04,DECOTEX,GB,ZONE 71,LL69
04,DECOTEX,GB,ZONE 71,LL70
04,DECOTEX,GB,ZONE 71,LL71
04,DECOTEX,GB,ZONE 71,LL72
04,DECOTEX,GB,ZONE 71,LL73
04,DECOTEX,GB,ZONE 71,LL74
04,DECOTEX,GB,ZONE 71,LL75
04,DECOTEX,GB,ZONE 71,LL76
04,DECOTEX,GB,ZONE 71,LL77
04,DECOTEX,GB,ZONE 71,LL78
04,DECOTEX,GB,ZONE 21,LN1
04,DECOTEX,GB,ZONE 21,LN2
04,DECOTEX,GB,ZONE 21,LN3
04,DECOTEX,GB,ZONE 21,LN4
04,DECOTEX,GB,ZONE 21,LN5
04,DECOTEX,GB,ZONE 21,LN6
04,DECOTEX,GB,ZONE 21,LN7
04,DECOTEX,GB,ZONE 21,LN8
04,DECOTEX,GB,ZONE 21,LN9
04,DECOTEX,GB,ZONE 21,LN10
04,DECOTEX,GB,ZONE 21,LN11
04,DECOTEX,GB,ZONE 21,LN12
04,DECOTEX,GB,ZONE 21,LN13
04,DECOTEX,GB,ZONE 7,LS1
04,DECOTEX,GB,ZONE 7,LS2
04,DECOTEX,GB,ZONE 7,LS3
04,DECOTEX,GB,ZONE 7,LS4
04,DECOTEX,GB,ZONE 7,LS5
04,DECOTEX,GB,ZONE 7,LS6
04,DECOTEX,GB,ZONE 7,LS7
04,DECOTEX,GB,ZONE 7,LS8
04,DECOTEX,GB,ZONE 7,LS9
04,DECOTEX,GB,ZONE 7,LS10
04,DECOTEX,GB,ZONE 7,LS11
04,DECOTEX,GB,ZONE 7,LS12
04,DECOTEX,GB,ZONE 7,LS13
04,DECOTEX,GB,ZONE 7,LS14
04,DECOTEX,GB,ZONE 7,LS15
04,DECOTEX,GB,ZONE 7,LS16
04,DECOTEX,GB,ZONE 7,LS17
04,DECOTEX,GB,ZONE 7,LS18
04,DECOTEX,GB,ZONE 7,LS19
04,DECOTEX,GB,ZONE 7,LS20
04,DECOTEX,GB,ZONE 7,LS21
04,DECOTEX,GB,ZONE 7,LS22
04,DECOTEX,GB,ZONE 7,LS23
04,DECOTEX,GB,ZONE 7,LS24
04,DECOTEX,GB,ZONE 7,LS25
04,DECOTEX,GB,ZONE 7,LS26
04,DECOTEX,GB,ZONE 7,LS27
04,DECOTEX,GB,ZONE 7,LS28
04,DECOTEX,GB,ZONE 7,LS29
04,DECOTEX,GB,ZONE 7,LS88
04,DECOTEX,GB,ZONE 7,LS98
04,DECOTEX,GB,ZONE 7,LS99
04,DECOTEX,GB,ZONE 19,LU1
04,DECOTEX,GB,ZONE 19,LU2
04,DECOTEX,GB,ZONE 19,LU3
04,DECOTEX,GB,ZONE 19,LU4
04,DECOTEX,GB,ZONE 19,LU5
04,DECOTEX,GB,ZONE 19,LU6
04,DECOTEX,GB,ZONE 19,LU7
04,DECOTEX,GB,ZONE 19,LU95
04,DECOTEX,GB,ZONE 3,M1
04,DECOTEX,GB,ZONE 3,M2
04,DECOTEX,GB,ZONE 3,M3
04,DECOTEX,GB,ZONE 3,M4
04,DECOTEX,GB,ZONE 3,M5
04,DECOTEX,GB,ZONE 3,M6
04,DECOTEX,GB,ZONE 3,M7
04,DECOTEX,GB,ZONE 3,M8
04,DECOTEX,GB,ZONE 3,M9
04,DECOTEX,GB,ZONE 3,M11
04,DECOTEX,GB,ZONE 3,M12
04,DECOTEX,GB,ZONE 3,M13
04,DECOTEX,GB,ZONE 3,M14
04,DECOTEX,GB,ZONE 3,M15
04,DECOTEX,GB,ZONE 3,M16
04,DECOTEX,GB,ZONE 3,M17
04,DECOTEX,GB,ZONE 3,M18
04,DECOTEX,GB,ZONE 3,M19
04,DECOTEX,GB,ZONE 3,M20
04,DECOTEX,GB,ZONE 3,M21
04,DECOTEX,GB,ZONE 3,M22
04,DECOTEX,GB,ZONE 3,M23
04,DECOTEX,GB,ZONE 3,M24
04,DECOTEX,GB,ZONE 3,M25
04,DECOTEX,GB,ZONE 3,M26
04,DECOTEX,GB,ZONE 3,M27
04,DECOTEX,GB,ZONE 3,M28
04,DECOTEX,GB,ZONE 3,M29
04,DECOTEX,GB,ZONE 3,M30
04,DECOTEX,GB,ZONE 3,M31
04,DECOTEX,GB,ZONE 3,M32
04,DECOTEX,GB,ZONE 3,M33
04,DECOTEX,GB,ZONE 3,M34
04,DECOTEX,GB,ZONE 3,M35
04,DECOTEX,GB,ZONE 3,M38
04,DECOTEX,GB,ZONE 3,M40
04,DECOTEX,GB,ZONE 3,M41
04,DECOTEX,GB,ZONE 3,M43
04,DECOTEX,GB,ZONE 3,M44
04,DECOTEX,GB,ZONE 3,M45
04,DECOTEX,GB,ZONE 3,M46
04,DECOTEX,GB,ZONE 3,M50
04,DECOTEX,GB,ZONE 3,M60
04,DECOTEX,GB,ZONE 3,M61
04,DECOTEX,GB,ZONE 3,M90
04,DECOTEX,GB,ZONE 3,M99
04,DECOTEX,GB,ZONE 45,ME1
04,DECOTEX,GB,ZONE 45,ME2
04,DECOTEX,GB,ZONE 45,ME3
04,DECOTEX,GB,ZONE 45,ME4
04,DECOTEX,GB,ZONE 45,ME5
04,DECOTEX,GB,ZONE 45,ME6
04,DECOTEX,GB,ZONE 45,ME7
04,DECOTEX,GB,ZONE 45,ME8
04,DECOTEX,GB,ZONE 45,ME9
04,DECOTEX,GB,ZONE 45,ME10
04,DECOTEX,GB,ZONE 45,ME11
04,DECOTEX,GB,ZONE 45,ME12
04,DECOTEX,GB,ZONE 45,ME13
04,DECOTEX,GB,ZONE 45,ME14
04,DECOTEX,GB,ZONE 45,ME15
04,DECOTEX,GB,ZONE 45,ME16
04,DECOTEX,GB,ZONE 45,ME17
04,DECOTEX,GB,ZONE 45,ME18
04,DECOTEX,GB,ZONE 45,ME19
04,DECOTEX,GB,ZONE 45,ME20
04,DECOTEX,GB,ZONE 45,ME99
04,DECOTEX,GB,ZONE 19,MK1
04,DECOTEX,GB,ZONE 19,MK2
04,DECOTEX,GB,ZONE 19,MK3
04,DECOTEX,GB,ZONE 19,MK4
04,DECOTEX,GB,ZONE 19,MK5
04,DECOTEX,GB,ZONE 19,MK6
04,DECOTEX,GB,ZONE 19,MK7
04,DECOTEX,GB,ZONE 19,MK8
04,DECOTEX,GB,ZONE 19,MK9
04,DECOTEX,GB,ZONE 19,MK10
04,DECOTEX,GB,ZONE 19,MK11
04,DECOTEX,GB,ZONE 19,MK12
04,DECOTEX,GB,ZONE 19,MK13
04,DECOTEX,GB,ZONE 19,MK14
04,DECOTEX,GB,ZONE 19,MK15
04,DECOTEX,GB,ZONE 19,MK16
04,DECOTEX,GB,ZONE 19,MK17
04,DECOTEX,GB,ZONE 19,MK18
04,DECOTEX,GB,ZONE 19,MK19
04,DECOTEX,GB,ZONE 19,MK40
04,DECOTEX,GB,ZONE 19,MK41
04,DECOTEX,GB,ZONE 19,MK42
04,DECOTEX,GB,ZONE 19,MK43
04,DECOTEX,GB,ZONE 19,MK44
04,DECOTEX,GB,ZONE 19,MK45
04,DECOTEX,GB,ZONE 19,MK46
04,DECOTEX,GB,ZONE 19,MK77
04,DECOTEX,GB,ZONE 66,N1C
04,DECOTEX,GB,ZONE 66,N1
04,DECOTEX,GB,ZONE 66,N2
04,DECOTEX,GB,ZONE 66,N3
04,DECOTEX,GB,ZONE 66,N4
04,DECOTEX,GB,ZONE 66,N5
04,DECOTEX,GB,ZONE 66,N6
04,DECOTEX,GB,ZONE 66,N7
04,DECOTEX,GB,ZONE 66,N8
04,DECOTEX,GB,ZONE 66,N9
04,DECOTEX,GB,ZONE 66,N10
04,DECOTEX,GB,ZONE 66,N11
04,DECOTEX,GB,ZONE 66,N12
04,DECOTEX,GB,ZONE 66,N13
04,DECOTEX,GB,ZONE 66,N14
04,DECOTEX,GB,ZONE 66,N15
04,DECOTEX,GB,ZONE 66,N16
04,DECOTEX,GB,ZONE 66,N17
04,DECOTEX,GB,ZONE 66,N18
04,DECOTEX,GB,ZONE 66,N19
04,DECOTEX,GB,ZONE 66,N20
04,DECOTEX,GB,ZONE 66,N21
04,DECOTEX,GB,ZONE 66,N22
04,DECOTEX,GB,ZONE 66,N81
04,DECOTEX,GB,ZONE 22,NE1
04,DECOTEX,GB,ZONE 22,NE2
04,DECOTEX,GB,ZONE 22,NE3
04,DECOTEX,GB,ZONE 22,NE4
04,DECOTEX,GB,ZONE 22,NE5
04,DECOTEX,GB,ZONE 22,NE6
04,DECOTEX,GB,ZONE 22,NE7
04,DECOTEX,GB,ZONE 22,NE8
04,DECOTEX,GB,ZONE 22,NE9
04,DECOTEX,GB,ZONE 22,NE10
04,DECOTEX,GB,ZONE 22,NE11
04,DECOTEX,GB,ZONE 22,NE12
04,DECOTEX,GB,ZONE 22,NE13
04,DECOTEX,GB,ZONE 22,NE15
04,DECOTEX,GB,ZONE 22,NE16
04,DECOTEX,GB,ZONE 22,NE17
04,DECOTEX,GB,ZONE 22,NE18
04,DECOTEX,GB,ZONE 22,NE19
04,DECOTEX,GB,ZONE 22,NE20
04,DECOTEX,GB,ZONE 22,NE21
04,DECOTEX,GB,ZONE 22,NE22
04,DECOTEX,GB,ZONE 22,NE23
04,DECOTEX,GB,ZONE 22,NE24
04,DECOTEX,GB,ZONE 22,NE25
04,DECOTEX,GB,ZONE 22,NE26
04,DECOTEX,GB,ZONE 22,NE27
04,DECOTEX,GB,ZONE 22,NE28
04,DECOTEX,GB,ZONE 22,NE29
04,DECOTEX,GB,ZONE 22,NE30
04,DECOTEX,GB,ZONE 22,NE31
04,DECOTEX,GB,ZONE 22,NE32
04,DECOTEX,GB,ZONE 22,NE33
04,DECOTEX,GB,ZONE 22,NE34
04,DECOTEX,GB,ZONE 22,NE35
04,DECOTEX,GB,ZONE 22,NE36
04,DECOTEX,GB,ZONE 22,NE37
04,DECOTEX,GB,ZONE 22,NE38
04,DECOTEX,GB,ZONE 22,NE39
04,DECOTEX,GB,ZONE 22,NE40
04,DECOTEX,GB,ZONE 22,NE41
04,DECOTEX,GB,ZONE 22,NE42
04,DECOTEX,GB,ZONE 22,NE43
04,DECOTEX,GB,ZONE 22,NE44
04,DECOTEX,GB,ZONE 22,NE45
04,DECOTEX,GB,ZONE 22,NE46
04,DECOTEX,GB,ZONE 22,NE47
04,DECOTEX,GB,ZONE 22,NE48
04,DECOTEX,GB,ZONE 22,NE49
04,DECOTEX,GB,ZONE 22,NE61
04,DECOTEX,GB,ZONE 22,NE62
04,DECOTEX,GB,ZONE 22,NE63
04,DECOTEX,GB,ZONE 22,NE64
04,DECOTEX,GB,ZONE 22,NE65
04,DECOTEX,GB,ZONE 22,NE66
04,DECOTEX,GB,ZONE 22,NE67
04,DECOTEX,GB,ZONE 22,NE68
04,DECOTEX,GB,ZONE 22,NE69
04,DECOTEX,GB,ZONE 22,NE70
04,DECOTEX,GB,ZONE 22,NE71
04,DECOTEX,GB,ZONE 22,NE82
04,DECOTEX,GB,ZONE 22,NE83
04,DECOTEX,GB,ZONE 22,NE85
04,DECOTEX,GB,ZONE 22,NE88
04,DECOTEX,GB,ZONE 22,NE98
04,DECOTEX,GB,ZONE 22,NE99
04,DECOTEX,GB,ZONE 11,NG1
04,DECOTEX,GB,ZONE 11,NG2
04,DECOTEX,GB,ZONE 11,NG3
04,DECOTEX,GB,ZONE 11,NG4
04,DECOTEX,GB,ZONE 11,NG5
04,DECOTEX,GB,ZONE 11,NG6
04,DECOTEX,GB,ZONE 11,NG7
04,DECOTEX,GB,ZONE 11,NG8
04,DECOTEX,GB,ZONE 11,NG9
04,DECOTEX,GB,ZONE 11,NG10
04,DECOTEX,GB,ZONE 11,NG11
04,DECOTEX,GB,ZONE 11,NG12
04,DECOTEX,GB,ZONE 11,NG13
04,DECOTEX,GB,ZONE 11,NG14
04,DECOTEX,GB,ZONE 11,NG15
04,DECOTEX,GB,ZONE 11,NG16
04,DECOTEX,GB,ZONE 11,NG17
04,DECOTEX,GB,ZONE 11,NG18
04,DECOTEX,GB,ZONE 11,NG19
04,DECOTEX,GB,ZONE 11,NG20
04,DECOTEX,GB,ZONE 11,NG21
04,DECOTEX,GB,ZONE 11,NG22
04,DECOTEX,GB,ZONE 11,NG23
04,DECOTEX,GB,ZONE 11,NG24
04,DECOTEX,GB,ZONE 11,NG25
04,DECOTEX,GB,ZONE 11,NG31
04,DECOTEX,GB,ZONE 11,NG32
04,DECOTEX,GB,ZONE 11,NG33
04,DECOTEX,GB,ZONE 11,NG34
04,DECOTEX,GB,ZONE 11,NG70
04,DECOTEX,GB,ZONE 11,NG80
04,DECOTEX,GB,ZONE 11,NG90
04,DECOTEX,GB,ZONE 27,NN1
04,DECOTEX,GB,ZONE 27,NN2
04,DECOTEX,GB,ZONE 27,NN3
04,DECOTEX,GB,ZONE 27,NN4
04,DECOTEX,GB,ZONE 27,NN5
04,DECOTEX,GB,ZONE 27,NN6
04,DECOTEX,GB,ZONE 27,NN7
04,DECOTEX,GB,ZONE 27,NN8
04,DECOTEX,GB,ZONE 27,NN9
04,DECOTEX,GB,ZONE 27,NN10
04,DECOTEX,GB,ZONE 27,NN11
04,DECOTEX,GB,ZONE 27,NN12
04,DECOTEX,GB,ZONE 27,NN13
04,DECOTEX,GB,ZONE 27,NN14
04,DECOTEX,GB,ZONE 27,NN15
04,DECOTEX,GB,ZONE 27,NN16
04,DECOTEX,GB,ZONE 27,NN17
04,DECOTEX,GB,ZONE 27,NN18
04,DECOTEX,GB,ZONE 27,NN29
04,DECOTEX,GB,ZONE 39,NP4
04,DECOTEX,GB,ZONE 39,NP7
04,DECOTEX,GB,ZONE 39,NP8
04,DECOTEX,GB,ZONE 39,NP9
04,DECOTEX,GB,ZONE 39,NP10
04,DECOTEX,GB,ZONE 39,NP11
04,DECOTEX,GB,ZONE 39,NP12
04,DECOTEX,GB,ZONE 39,NP13
04,DECOTEX,GB,ZONE 39,NP15
04,DECOTEX,GB,ZONE 39,NP16
04,DECOTEX,GB,ZONE 39,NP18
04,DECOTEX,GB,ZONE 39,NP19
04,DECOTEX,GB,ZONE 39,NP20
04,DECOTEX,GB,ZONE 39,NP22
04,DECOTEX,GB,ZONE 39,NP23
04,DECOTEX,GB,ZONE 39,NP24
04,DECOTEX,GB,ZONE 39,NP25
04,DECOTEX,GB,ZONE 39,NP26
04,DECOTEX,GB,ZONE 39,NP44
04,DECOTEX,GB,ZONE 35,NR1
04,DECOTEX,GB,ZONE 35,NR2
04,DECOTEX,GB,ZONE 35,NR3
04,DECOTEX,GB,ZONE 35,NR4
04,DECOTEX,GB,ZONE 35,NR5
04,DECOTEX,GB,ZONE 35,NR6
04,DECOTEX,GB,ZONE 35,NR7
04,DECOTEX,GB,ZONE 35,NR8
04,DECOTEX,GB,ZONE 35,NR9
04,DECOTEX,GB,ZONE 35,NR10
04,DECOTEX,GB,ZONE 35,NR11
04,DECOTEX,GB,ZONE 35,NR12
04,DECOTEX,GB,ZONE 35,NR13
04,DECOTEX,GB,ZONE 35,NR14
04,DECOTEX,GB,ZONE 35,NR15
04,DECOTEX,GB,ZONE 35,NR16
04,DECOTEX,GB,ZONE 35,NR17
04,DECOTEX,GB,ZONE 35,NR18
04,DECOTEX,GB,ZONE 35,NR19
04,DECOTEX,GB,ZONE 35,NR20
04,DECOTEX,GB,ZONE 35,NR21
04,DECOTEX,GB,ZONE 35,NR22
04,DECOTEX,GB,ZONE 35,NR23
04,DECOTEX,GB,ZONE 35,NR24
04,DECOTEX,GB,ZONE 35,NR25
04,DECOTEX,GB,ZONE 35,NR26
04,DECOTEX,GB,ZONE 35,NR27
04,DECOTEX,GB,ZONE 35,NR28
04,DECOTEX,GB,ZONE 35,NR29
04,DECOTEX,GB,ZONE 35,NR30
04,DECOTEX,GB,ZONE 35,NR31
04,DECOTEX,GB,ZONE 35,NR32
04,DECOTEX,GB,ZONE 35,NR33
04,DECOTEX,GB,ZONE 35,NR34
04,DECOTEX,GB,ZONE 35,NR35
04,DECOTEX,GB,ZONE 35,NR99
04,DECOTEX,GB,ZONE 62,NW1
04,DECOTEX,GB,ZONE 62,NW2
04,DECOTEX,GB,ZONE 62,NW3
04,DECOTEX,GB,ZONE 62,NW4
04,DECOTEX,GB,ZONE 62,NW5
04,DECOTEX,GB,ZONE 62,NW6
04,DECOTEX,GB,ZONE 62,NW7
04,DECOTEX,GB,ZONE 62,NW8
04,DECOTEX,GB,ZONE 62,NW9
04,DECOTEX,GB,ZONE 62,NW10
04,DECOTEX,GB,ZONE 62,NW11
04,DECOTEX,GB,ZONE 62,NW1W
04,DECOTEX,GB,ZONE 6,OL1
04,DECOTEX,GB,ZONE 6,OL2
04,DECOTEX,GB,ZONE 6,OL3
04,DECOTEX,GB,ZONE 6,OL4
04,DECOTEX,GB,ZONE 6,OL5
04,DECOTEX,GB,ZONE 6,OL6
04,DECOTEX,GB,ZONE 6,OL7
04,DECOTEX,GB,ZONE 6,OL8
04,DECOTEX,GB,ZONE 6,OL9
04,DECOTEX,GB,ZONE 6,OL10
04,DECOTEX,GB,ZONE 6,OL11
04,DECOTEX,GB,ZONE 6,OL12
04,DECOTEX,GB,ZONE 6,OL13
04,DECOTEX,GB,ZONE 6,OL14
04,DECOTEX,GB,ZONE 6,OL15
04,DECOTEX,GB,ZONE 6,OL16
04,DECOTEX,GB,ZONE 6,OL95
04,DECOTEX,GB,ZONE 26,OX1
04,DECOTEX,GB,ZONE 26,OX2
04,DECOTEX,GB,ZONE 26,OX3
04,DECOTEX,GB,ZONE 26,OX4
04,DECOTEX,GB,ZONE 26,OX5
04,DECOTEX,GB,ZONE 26,OX7
04,DECOTEX,GB,ZONE 26,OX9
04,DECOTEX,GB,ZONE 26,OX10
04,DECOTEX,GB,ZONE 26,OX11
04,DECOTEX,GB,ZONE 26,OX12
04,DECOTEX,GB,ZONE 26,OX13
04,DECOTEX,GB,ZONE 26,OX14
04,DECOTEX,GB,ZONE 26,OX15
04,DECOTEX,GB,ZONE 26,OX16
04,DECOTEX,GB,ZONE 26,OX17
04,DECOTEX,GB,ZONE 26,OX18
04,DECOTEX,GB,ZONE 26,OX20
04,DECOTEX,GB,ZONE 26,OX25
04,DECOTEX,GB,ZONE 26,OX26
04,DECOTEX,GB,ZONE 26,OX27
04,DECOTEX,GB,ZONE 26,OX28
04,DECOTEX,GB,ZONE 26,OX29
04,DECOTEX,GB,ZONE 26,OX33
04,DECOTEX,GB,ZONE 26,OX39
04,DECOTEX,GB,ZONE 26,OX44
04,DECOTEX,GB,ZONE 26,OX49
04,DECOTEX,GB,ZONE 22,PE1
04,DECOTEX,GB,ZONE 22,PE2
04,DECOTEX,GB,ZONE 22,PE3
04,DECOTEX,GB,ZONE 22,PE4
04,DECOTEX,GB,ZONE 22,PE5
04,DECOTEX,GB,ZONE 22,PE6
04,DECOTEX,GB,ZONE 22,PE7
04,DECOTEX,GB,ZONE 22,PE8
04,DECOTEX,GB,ZONE 22,PE9
04,DECOTEX,GB,ZONE 22,PE10
04,DECOTEX,GB,ZONE 22,PE11
04,DECOTEX,GB,ZONE 22,PE12
04,DECOTEX,GB,ZONE 22,PE13
04,DECOTEX,GB,ZONE 22,PE14
04,DECOTEX,GB,ZONE 22,PE15
04,DECOTEX,GB,ZONE 22,PE16
04,DECOTEX,GB,ZONE 22,PE19
04,DECOTEX,GB,ZONE 22,PE20
04,DECOTEX,GB,ZONE 22,PE21
04,DECOTEX,GB,ZONE 22,PE22
04,DECOTEX,GB,ZONE 22,PE23
04,DECOTEX,GB,ZONE 22,PE24
04,DECOTEX,GB,ZONE 22,PE25
04,DECOTEX,GB,ZONE 22,PE26
04,DECOTEX,GB,ZONE 22,PE27
04,DECOTEX,GB,ZONE 22,PE28
04,DECOTEX,GB,ZONE 22,PE29
04,DECOTEX,GB,ZONE 22,PE30
04,DECOTEX,GB,ZONE 22,PE31
04,DECOTEX,GB,ZONE 22,PE32
04,DECOTEX,GB,ZONE 22,PE33
04,DECOTEX,GB,ZONE 22,PE34
04,DECOTEX,GB,ZONE 22,PE35
04,DECOTEX,GB,ZONE 22,PE36
04,DECOTEX,GB,ZONE 22,PE37
04,DECOTEX,GB,ZONE 22,PE38
04,DECOTEX,GB,ZONE 22,PE99
04,DECOTEX,GB,ZONE 74,PL1
04,DECOTEX,GB,ZONE 74,PL2
04,DECOTEX,GB,ZONE 74,PL3
04,DECOTEX,GB,ZONE 74,PL4
04,DECOTEX,GB,ZONE 74,PL5
04,DECOTEX,GB,ZONE 74,PL6
04,DECOTEX,GB,ZONE 74,PL7
04,DECOTEX,GB,ZONE 74,PL8
04,DECOTEX,GB,ZONE 74,PL9
04,DECOTEX,GB,ZONE 74,PL10
04,DECOTEX,GB,ZONE 74,PL11
04,DECOTEX,GB,ZONE 74,PL12
04,DECOTEX,GB,ZONE 74,PL13
04,DECOTEX,GB,ZONE 74,PL14
04,DECOTEX,GB,ZONE 74,PL15
04,DECOTEX,GB,ZONE 74,PL16
04,DECOTEX,GB,ZONE 74,PL17
04,DECOTEX,GB,ZONE 74,PL18
04,DECOTEX,GB,ZONE 74,PL19
04,DECOTEX,GB,ZONE 74,PL20
04,DECOTEX,GB,ZONE 74,PL21
04,DECOTEX,GB,ZONE 74,PL22
04,DECOTEX,GB,ZONE 74,PL23
04,DECOTEX,GB,ZONE 74,PL24
04,DECOTEX,GB,ZONE 74,PL25
04,DECOTEX,GB,ZONE 74,PL26
04,DECOTEX,GB,ZONE 74,PL27
04,DECOTEX,GB,ZONE 74,PL28
04,DECOTEX,GB,ZONE 74,PL29
04,DECOTEX,GB,ZONE 74,PL30
04,DECOTEX,GB,ZONE 74,PL31
04,DECOTEX,GB,ZONE 74,PL32
04,DECOTEX,GB,ZONE 74,PL33
04,DECOTEX,GB,ZONE 74,PL34
04,DECOTEX,GB,ZONE 74,PL35
04,DECOTEX,GB,ZONE 74,PL95
04,DECOTEX,GB,ZONE 36,PO1
04,DECOTEX,GB,ZONE 36,PO2
04,DECOTEX,GB,ZONE 36,PO3
04,DECOTEX,GB,ZONE 36,PO4
04,DECOTEX,GB,ZONE 36,PO5
04,DECOTEX,GB,ZONE 36,PO6
04,DECOTEX,GB,ZONE 36,PO7
04,DECOTEX,GB,ZONE 36,PO8
04,DECOTEX,GB,ZONE 36,PO9
04,DECOTEX,GB,ZONE 36,PO10
04,DECOTEX,GB,ZONE 36,PO11
04,DECOTEX,GB,ZONE 36,PO12
04,DECOTEX,GB,ZONE 36,PO13
04,DECOTEX,GB,ZONE 36,PO14
04,DECOTEX,GB,ZONE 36,PO15
04,DECOTEX,GB,ZONE 36,PO16
04,DECOTEX,GB,ZONE 36,PO17
04,DECOTEX,GB,ZONE 36,PO18
04,DECOTEX,GB,ZONE 36,PO19
04,DECOTEX,GB,ZONE 36,PO20
04,DECOTEX,GB,ZONE 36,PO21
04,DECOTEX,GB,ZONE 36,PO22
04,DECOTEX,GB,ZONE 4,PR0
04,DECOTEX,GB,ZONE 4,PR1
04,DECOTEX,GB,ZONE 4,PR2
04,DECOTEX,GB,ZONE 4,PR3
04,DECOTEX,GB,ZONE 4,PR4
04,DECOTEX,GB,ZONE 4,PR5
04,DECOTEX,GB,ZONE 4,PR6
04,DECOTEX,GB,ZONE 4,PR7
04,DECOTEX,GB,ZONE 4,PR8
04,DECOTEX,GB,ZONE 4,PR9
04,DECOTEX,GB,ZONE 4,PR11
04,DECOTEX,GB,ZONE 4,PR25
04,DECOTEX,GB,ZONE 4,PR26
04,DECOTEX,GB,ZONE 46,RG1
04,DECOTEX,GB,ZONE 46,RG2
04,DECOTEX,GB,ZONE 46,RG4
04,DECOTEX,GB,ZONE 46,RG5
04,DECOTEX,GB,ZONE 46,RG6
04,DECOTEX,GB,ZONE 46,RG7
04,DECOTEX,GB,ZONE 46,RG8
04,DECOTEX,GB,ZONE 46,RG9
04,DECOTEX,GB,ZONE 46,RG10
04,DECOTEX,GB,ZONE 46,RG12
04,DECOTEX,GB,ZONE 46,RG14
04,DECOTEX,GB,ZONE 46,RG17
04,DECOTEX,GB,ZONE 46,RG18
04,DECOTEX,GB,ZONE 46,RG19
04,DECOTEX,GB,ZONE 46,RG20
04,DECOTEX,GB,ZONE 46,RG21
04,DECOTEX,GB,ZONE 46,RG22
04,DECOTEX,GB,ZONE 46,RG23
04,DECOTEX,GB,ZONE 46,RG24
04,DECOTEX,GB,ZONE 46,RG25
04,DECOTEX,GB,ZONE 46,RG26
04,DECOTEX,GB,ZONE 46,RG27
04,DECOTEX,GB,ZONE 46,RG28
04,DECOTEX,GB,ZONE 46,RG29
04,DECOTEX,GB,ZONE 46,RG30
04,DECOTEX,GB,ZONE 46,RG31
04,DECOTEX,GB,ZONE 46,RG40
04,DECOTEX,GB,ZONE 46,RG41
04,DECOTEX,GB,ZONE 46,RG42
04,DECOTEX,GB,ZONE 46,RG45
04,DECOTEX,GB,ZONE 47,RH1
04,DECOTEX,GB,ZONE 47,RH2
04,DECOTEX,GB,ZONE 47,RH3
04,DECOTEX,GB,ZONE 47,RH4
04,DECOTEX,GB,ZONE 47,RH5
04,DECOTEX,GB,ZONE 47,RH6
04,DECOTEX,GB,ZONE 47,RH7
04,DECOTEX,GB,ZONE 47,RH8
04,DECOTEX,GB,ZONE 47,RH9
04,DECOTEX,GB,ZONE 47,RH10
04,DECOTEX,GB,ZONE 47,RH11
04,DECOTEX,GB,ZONE 47,RH12
04,DECOTEX,GB,ZONE 47,RH13
04,DECOTEX,GB,ZONE 47,RH14
04,DECOTEX,GB,ZONE 47,RH15
04,DECOTEX,GB,ZONE 47,RH16
04,DECOTEX,GB,ZONE 47,RH17
04,DECOTEX,GB,ZONE 47,RH18
04,DECOTEX,GB,ZONE 47,RH19
04,DECOTEX,GB,ZONE 47,RH20
04,DECOTEX,GB,ZONE 47,RH77
04,DECOTEX,GB,ZONE 33,RM1
04,DECOTEX,GB,ZONE 33,RM2
04,DECOTEX,GB,ZONE 33,RM3
04,DECOTEX,GB,ZONE 33,RM4
04,DECOTEX,GB,ZONE 33,RM5
04,DECOTEX,GB,ZONE 33,RM6
04,DECOTEX,GB,ZONE 33,RM7
04,DECOTEX,GB,ZONE 33,RM8
04,DECOTEX,GB,ZONE 33,RM9
04,DECOTEX,GB,ZONE 33,RM10
04,DECOTEX,GB,ZONE 33,RM11
04,DECOTEX,GB,ZONE 33,RM12
04,DECOTEX,GB,ZONE 33,RM13
04,DECOTEX,GB,ZONE 33,RM14
04,DECOTEX,GB,ZONE 33,RM15
04,DECOTEX,GB,ZONE 33,RM16
04,DECOTEX,GB,ZONE 33,RM17
04,DECOTEX,GB,ZONE 33,RM18
04,DECOTEX,GB,ZONE 33,RM19
04,DECOTEX,GB,ZONE 33,RM20
04,DECOTEX,GB,ZONE 33,RM50
04,DECOTEX,GB,ZONE 7,S1
04,DECOTEX,GB,ZONE 7,S2
04,DECOTEX,GB,ZONE 7,S3
04,DECOTEX,GB,ZONE 7,S4
04,DECOTEX,GB,ZONE 7,S5
04,DECOTEX,GB,ZONE 7,S6
04,DECOTEX,GB,ZONE 7,S7
04,DECOTEX,GB,ZONE 7,S8
04,DECOTEX,GB,ZONE 7,S9
04,DECOTEX,GB,ZONE 7,S10
04,DECOTEX,GB,ZONE 7,S11
04,DECOTEX,GB,ZONE 7,S12
04,DECOTEX,GB,ZONE 7,S13
04,DECOTEX,GB,ZONE 7,S14
04,DECOTEX,GB,ZONE 7,S17
04,DECOTEX,GB,ZONE 7,S18
04,DECOTEX,GB,ZONE 7,S20
04,DECOTEX,GB,ZONE 7,S21
04,DECOTEX,GB,ZONE 7,S25
04,DECOTEX,GB,ZONE 7,S26
04,DECOTEX,GB,ZONE 7,S32
04,DECOTEX,GB,ZONE 7,S33
04,DECOTEX,GB,ZONE 7,S35
04,DECOTEX,GB,ZONE 7,S36
04,DECOTEX,GB,ZONE 7,S40
04,DECOTEX,GB,ZONE 7,S41
04,DECOTEX,GB,ZONE 7,S42
04,DECOTEX,GB,ZONE 7,S43
04,DECOTEX,GB,ZONE 7,S44
04,DECOTEX,GB,ZONE 7,S45
04,DECOTEX,GB,ZONE 7,S49
04,DECOTEX,GB,ZONE 7,S60
04,DECOTEX,GB,ZONE 7,S61
04,DECOTEX,GB,ZONE 7,S62
04,DECOTEX,GB,ZONE 7,S63
04,DECOTEX,GB,ZONE 7,S64
04,DECOTEX,GB,ZONE 7,S65
04,DECOTEX,GB,ZONE 7,S66
04,DECOTEX,GB,ZONE 7,S70
04,DECOTEX,GB,ZONE 7,S71
04,DECOTEX,GB,ZONE 7,S72
04,DECOTEX,GB,ZONE 7,S73
04,DECOTEX,GB,ZONE 7,S74
04,DECOTEX,GB,ZONE 7,S75
04,DECOTEX,GB,ZONE 7,S80
04,DECOTEX,GB,ZONE 7,S81
04,DECOTEX,GB,ZONE 7,S96
04,DECOTEX,GB,ZONE 7,S97
04,DECOTEX,GB,ZONE 7,S98
04,DECOTEX,GB,ZONE 7,S99
04,DECOTEX,GB,ZONE 69,SA1
04,DECOTEX,GB,ZONE 69,SA2
04,DECOTEX,GB,ZONE 69,SA3
04,DECOTEX,GB,ZONE 69,SA4
04,DECOTEX,GB,ZONE 69,SA5
04,DECOTEX,GB,ZONE 69,SA6
04,DECOTEX,GB,ZONE 69,SA7
04,DECOTEX,GB,ZONE 69,SA8
04,DECOTEX,GB,ZONE 69,SA9
04,DECOTEX,GB,ZONE 69,SA10
04,DECOTEX,GB,ZONE 69,SA11
04,DECOTEX,GB,ZONE 69,SA12
04,DECOTEX,GB,ZONE 69,SA13
04,DECOTEX,GB,ZONE 73,SA14
04,DECOTEX,GB,ZONE 73,SA15
04,DECOTEX,GB,ZONE 73,SA16
04,DECOTEX,GB,ZONE 73,SA17
04,DECOTEX,GB,ZONE 73,SA18
04,DECOTEX,GB,ZONE 73,SA19
04,DECOTEX,GB,ZONE 73,SA20
04,DECOTEX,GB,ZONE 73,SA31
04,DECOTEX,GB,ZONE 73,SA32
04,DECOTEX,GB,ZONE 73,SA33
04,DECOTEX,GB,ZONE 73,SA34
04,DECOTEX,GB,ZONE 73,SA35
04,DECOTEX,GB,ZONE 73,SA36
04,DECOTEX,GB,ZONE 73,SA37
04,DECOTEX,GB,ZONE 73,SA38
04,DECOTEX,GB,ZONE 73,SA39
04,DECOTEX,GB,ZONE 73,SA40
04,DECOTEX,GB,ZONE 73,SA41
04,DECOTEX,GB,ZONE 73,SA42
04,DECOTEX,GB,ZONE 73,SA43
04,DECOTEX,GB,ZONE 73,SA44
04,DECOTEX,GB,ZONE 73,SA45
04,DECOTEX,GB,ZONE 73,SA46
04,DECOTEX,GB,ZONE 73,SA47
04,DECOTEX,GB,ZONE 73,SA48
04,DECOTEX,GB,ZONE 73,SA61
04,DECOTEX,GB,ZONE 73,SA62
04,DECOTEX,GB,ZONE 73,SA63
04,DECOTEX,GB,ZONE 73,SA64
04,DECOTEX,GB,ZONE 73,SA65
04,DECOTEX,GB,ZONE 73,SA66
04,DECOTEX,GB,ZONE 73,SA67
04,DECOTEX,GB,ZONE 73,SA68
04,DECOTEX,GB,ZONE 73,SA69
04,DECOTEX,GB,ZONE 73,SA70
04,DECOTEX,GB,ZONE 73,SA71
04,DECOTEX,GB,ZONE 73,SA72
04,DECOTEX,GB,ZONE 73,SA73
04,DECOTEX,GB,ZONE 73,SA80
04,DECOTEX,GB,ZONE 73,SA99
04,DECOTEX,GB,ZONE 64,SE1
04,DECOTEX,GB,ZONE 64,SE2
04,DECOTEX,GB,ZONE 64,SE3
04,DECOTEX,GB,ZONE 64,SE4
04,DECOTEX,GB,ZONE 64,SE5
04,DECOTEX,GB,ZONE 64,SE6
04,DECOTEX,GB,ZONE 64,SE7
04,DECOTEX,GB,ZONE 64,SE8
04,DECOTEX,GB,ZONE 64,SE9
04,DECOTEX,GB,ZONE 64,SE10
04,DECOTEX,GB,ZONE 64,SE11
04,DECOTEX,GB,ZONE 64,SE12
04,DECOTEX,GB,ZONE 64,SE13
04,DECOTEX,GB,ZONE 64,SE14
04,DECOTEX,GB,ZONE 64,SE15
04,DECOTEX,GB,ZONE 64,SE16
04,DECOTEX,GB,ZONE 64,SE17
04,DECOTEX,GB,ZONE 64,SE18
04,DECOTEX,GB,ZONE 64,SE19
04,DECOTEX,GB,ZONE 64,SE20
04,DECOTEX,GB,ZONE 64,SE21
04,DECOTEX,GB,ZONE 64,SE22
04,DECOTEX,GB,ZONE 64,SE23
04,DECOTEX,GB,ZONE 64,SE24
04,DECOTEX,GB,ZONE 64,SE25
04,DECOTEX,GB,ZONE 64,SE26
04,DECOTEX,GB,ZONE 64,SE27
04,DECOTEX,GB,ZONE 64,SE28
04,DECOTEX,GB,ZONE 24,SG1
04,DECOTEX,GB,ZONE 24,SG2
04,DECOTEX,GB,ZONE 24,SG3
04,DECOTEX,GB,ZONE 24,SG4
04,DECOTEX,GB,ZONE 24,SG5
04,DECOTEX,GB,ZONE 24,SG6
04,DECOTEX,GB,ZONE 24,SG7
04,DECOTEX,GB,ZONE 24,SG8
04,DECOTEX,GB,ZONE 24,SG9
04,DECOTEX,GB,ZONE 24,SG10
04,DECOTEX,GB,ZONE 24,SG11
04,DECOTEX,GB,ZONE 24,SG12
04,DECOTEX,GB,ZONE 24,SG13
04,DECOTEX,GB,ZONE 24,SG14
04,DECOTEX,GB,ZONE 24,SG15
04,DECOTEX,GB,ZONE 24,SG16
04,DECOTEX,GB,ZONE 24,SG17
04,DECOTEX,GB,ZONE 24,SG18
04,DECOTEX,GB,ZONE 24,SG19
04,DECOTEX,GB,ZONE 14,SK1
04,DECOTEX,GB,ZONE 14,SK2
04,DECOTEX,GB,ZONE 14,SK3
04,DECOTEX,GB,ZONE 14,SK4
04,DECOTEX,GB,ZONE 14,SK5
04,DECOTEX,GB,ZONE 14,SK6
04,DECOTEX,GB,ZONE 14,SK7
04,DECOTEX,GB,ZONE 14,SK8
04,DECOTEX,GB,ZONE 14,SK9
04,DECOTEX,GB,ZONE 14,SK10
04,DECOTEX,GB,ZONE 14,SK11
04,DECOTEX,GB,ZONE 14,SK12
04,DECOTEX,GB,ZONE 14,SK13
04,DECOTEX,GB,ZONE 14,SK14
04,DECOTEX,GB,ZONE 14,SK15
04,DECOTEX,GB,ZONE 14,SK16
04,DECOTEX,GB,ZONE 14,SK17
04,DECOTEX,GB,ZONE 14,SK22
04,DECOTEX,GB,ZONE 14,SK23
04,DECOTEX,GB,ZONE 28,SL0
04,DECOTEX,GB,ZONE 28,SL1
04,DECOTEX,GB,ZONE 28,SL2
04,DECOTEX,GB,ZONE 28,SL3
04,DECOTEX,GB,ZONE 28,SL4
04,DECOTEX,GB,ZONE 28,SL5
04,DECOTEX,GB,ZONE 28,SL6
04,DECOTEX,GB,ZONE 28,SL7
04,DECOTEX,GB,ZONE 28,SL8
04,DECOTEX,GB,ZONE 28,SL9
04,DECOTEX,GB,ZONE 28,SL95
04,DECOTEX,GB,ZONE 33,SM1
04,DECOTEX,GB,ZONE 33,SM2
04,DECOTEX,GB,ZONE 33,SM3
04,DECOTEX,GB,ZONE 33,SM4
04,DECOTEX,GB,ZONE 33,SM5
04,DECOTEX,GB,ZONE 33,SM6
04,DECOTEX,GB,ZONE 33,SM7
04,DECOTEX,GB,ZONE 22,SN1
04,DECOTEX,GB,ZONE 22,SN2
04,DECOTEX,GB,ZONE 22,SN3
04,DECOTEX,GB,ZONE 22,SN4
04,DECOTEX,GB,ZONE 22,SN5
04,DECOTEX,GB,ZONE 22,SN6
04,DECOTEX,GB,ZONE 22,SN7
04,DECOTEX,GB,ZONE 22,SN8
04,DECOTEX,GB,ZONE 22,SN9
04,DECOTEX,GB,ZONE 22,SN10
04,DECOTEX,GB,ZONE 22,SN11
04,DECOTEX,GB,ZONE 22,SN12
04,DECOTEX,GB,ZONE 22,SN13
04,DECOTEX,GB,ZONE 22,SN14
04,DECOTEX,GB,ZONE 22,SN15
04,DECOTEX,GB,ZONE 22,SN16
04,DECOTEX,GB,ZONE 22,SN25
04,DECOTEX,GB,ZONE 22,SN26
04,DECOTEX,GB,ZONE 22,SN38
04,DECOTEX,GB,ZONE 22,SN99
04,DECOTEX,GB,ZONE 35,SO14
04,DECOTEX,GB,ZONE 35,SO15
04,DECOTEX,GB,ZONE 35,SO16
04,DECOTEX,GB,ZONE 35,SO17
04,DECOTEX,GB,ZONE 35,SO18
04,DECOTEX,GB,ZONE 35,SO19
04,DECOTEX,GB,ZONE 35,SO20
04,DECOTEX,GB,ZONE 35,SO21
04,DECOTEX,GB,ZONE 35,SO22
04,DECOTEX,GB,ZONE 35,SO23
04,DECOTEX,GB,ZONE 35,SO24
04,DECOTEX,GB,ZONE 35,SO30
04,DECOTEX,GB,ZONE 35,SO31
04,DECOTEX,GB,ZONE 35,SO32
04,DECOTEX,GB,ZONE 35,SO40
04,DECOTEX,GB,ZONE 35,SO41
04,DECOTEX,GB,ZONE 35,SO42
04,DECOTEX,GB,ZONE 35,SO43
04,DECOTEX,GB,ZONE 35,SO45
04,DECOTEX,GB,ZONE 35,SO50
04,DECOTEX,GB,ZONE 35,SO51
04,DECOTEX,GB,ZONE 35,SO52
04,DECOTEX,GB,ZONE 35,SO53
04,DECOTEX,GB,ZONE 35,SO97
04,DECOTEX,GB,ZONE 32,SP1
04,DECOTEX,GB,ZONE 32,SP2
04,DECOTEX,GB,ZONE 32,SP3
04,DECOTEX,GB,ZONE 32,SP4
04,DECOTEX,GB,ZONE 32,SP5
04,DECOTEX,GB,ZONE 32,SP6
04,DECOTEX,GB,ZONE 32,SP7
04,DECOTEX,GB,ZONE 32,SP8
04,DECOTEX,GB,ZONE 32,SP9
04,DECOTEX,GB,ZONE 32,SP10
04,DECOTEX,GB,ZONE 32,SP11
04,DECOTEX,GB,ZONE 22,SR1
04,DECOTEX,GB,ZONE 22,SR2
04,DECOTEX,GB,ZONE 22,SR3
04,DECOTEX,GB,ZONE 22,SR4
04,DECOTEX,GB,ZONE 22,SR5
04,DECOTEX,GB,ZONE 22,SR6
04,DECOTEX,GB,ZONE 22,SR7
04,DECOTEX,GB,ZONE 22,SR8
04,DECOTEX,GB,ZONE 22,SR9
04,DECOTEX,GB,ZONE 47,SS0
04,DECOTEX,GB,ZONE 47,SS1
04,DECOTEX,GB,ZONE 47,SS2
04,DECOTEX,GB,ZONE 47,SS3
04,DECOTEX,GB,ZONE 47,SS4
04,DECOTEX,GB,ZONE 47,SS5
04,DECOTEX,GB,ZONE 47,SS6
04,DECOTEX,GB,ZONE 47,SS7
04,DECOTEX,GB,ZONE 47,SS8
04,DECOTEX,GB,ZONE 47,SS9
04,DECOTEX,GB,ZONE 47,SS11
04,DECOTEX,GB,ZONE 47,SS12
04,DECOTEX,GB,ZONE 47,SS13
04,DECOTEX,GB,ZONE 47,SS14
04,DECOTEX,GB,ZONE 47,SS15
04,DECOTEX,GB,ZONE 47,SS16
04,DECOTEX,GB,ZONE 47,SS17
04,DECOTEX,GB,ZONE 47,SS22
04,DECOTEX,GB,ZONE 47,SS99
04,DECOTEX,GB,ZONE 15,ST1
04,DECOTEX,GB,ZONE 15,ST2
04,DECOTEX,GB,ZONE 15,ST3
04,DECOTEX,GB,ZONE 15,ST4
04,DECOTEX,GB,ZONE 15,ST5
04,DECOTEX,GB,ZONE 15,ST6
04,DECOTEX,GB,ZONE 15,ST7
04,DECOTEX,GB,ZONE 15,ST8
04,DECOTEX,GB,ZONE 15,ST9
04,DECOTEX,GB,ZONE 15,ST10
04,DECOTEX,GB,ZONE 15,ST11
04,DECOTEX,GB,ZONE 15,ST12
04,DECOTEX,GB,ZONE 15,ST13
04,DECOTEX,GB,ZONE 15,ST14
04,DECOTEX,GB,ZONE 15,ST15
04,DECOTEX,GB,ZONE 15,ST16
04,DECOTEX,GB,ZONE 15,ST17
04,DECOTEX,GB,ZONE 15,ST18
04,DECOTEX,GB,ZONE 15,ST19
04,DECOTEX,GB,ZONE 15,ST20
04,DECOTEX,GB,ZONE 15,ST21
04,DECOTEX,GB,ZONE 15,ST55
04,DECOTEX,GB,ZONE 66,SW1A
04,DECOTEX,GB,ZONE 66,SW1E
04,DECOTEX,GB,ZONE 66,SW1H
04,DECOTEX,GB,ZONE 66,SW1P
04,DECOTEX,GB,ZONE 66,SW1V
04,DECOTEX,GB,ZONE 66,SW1W
04,DECOTEX,GB,ZONE 66,SW1X
04,DECOTEX,GB,ZONE 66,SW1Y
04,DECOTEX,GB,ZONE 66,SW2
04,DECOTEX,GB,ZONE 66,SW3
04,DECOTEX,GB,ZONE 66,SW4
04,DECOTEX,GB,ZONE 66,SW5
04,DECOTEX,GB,ZONE 66,SW6
04,DECOTEX,GB,ZONE 66,SW7
04,DECOTEX,GB,ZONE 66,SW8
04,DECOTEX,GB,ZONE 66,SW9
04,DECOTEX,GB,ZONE 66,SW10
04,DECOTEX,GB,ZONE 66,SW11
04,DECOTEX,GB,ZONE 66,SW12
04,DECOTEX,GB,ZONE 66,SW13
04,DECOTEX,GB,ZONE 66,SW14
04,DECOTEX,GB,ZONE 66,SW15
04,DECOTEX,GB,ZONE 66,SW16
04,DECOTEX,GB,ZONE 66,SW17
04,DECOTEX,GB,ZONE 66,SW18
04,DECOTEX,GB,ZONE 66,SW19
04,DECOTEX,GB,ZONE 66,SW20
04,DECOTEX,GB,ZONE 66,SW95
04,DECOTEX,GB,ZONE 66,SW99
04,DECOTEX,GB,ZONE 23,SY1
04,DECOTEX,GB,ZONE 23,SY2
04,DECOTEX,GB,ZONE 23,SY3
04,DECOTEX,GB,ZONE 23,SY4
04,DECOTEX,GB,ZONE 23,SY5
04,DECOTEX,GB,ZONE 23,SY6
04,DECOTEX,GB,ZONE 23,SY7
04,DECOTEX,GB,ZONE 23,SY8
04,DECOTEX,GB,ZONE 23,SY9
04,DECOTEX,GB,ZONE 23,SY10
04,DECOTEX,GB,ZONE 23,SY11
04,DECOTEX,GB,ZONE 23,SY12
04,DECOTEX,GB,ZONE 23,SY13
04,DECOTEX,GB,ZONE 23,SY14
04,DECOTEX,GB,ZONE 23,SY15
04,DECOTEX,GB,ZONE 23,SY16
04,DECOTEX,GB,ZONE 23,SY17
04,DECOTEX,GB,ZONE 23,SY18
04,DECOTEX,GB,ZONE 23,SY19
04,DECOTEX,GB,ZONE 23,SY20
04,DECOTEX,GB,ZONE 23,SY21
04,DECOTEX,GB,ZONE 41,SY22
04,DECOTEX,GB,ZONE 41,SY23
04,DECOTEX,GB,ZONE 41,SY24
04,DECOTEX,GB,ZONE 41,SY25
04,DECOTEX,GB,ZONE 41,SY99
04,DECOTEX,GB,ZONE 49,TA1
04,DECOTEX,GB,ZONE 49,TA2
04,DECOTEX,GB,ZONE 49,TA3
04,DECOTEX,GB,ZONE 49,TA4
04,DECOTEX,GB,ZONE 49,TA5
04,DECOTEX,GB,ZONE 49,TA6
04,DECOTEX,GB,ZONE 49,TA7
04,DECOTEX,GB,ZONE 49,TA8
04,DECOTEX,GB,ZONE 49,TA9
04,DECOTEX,GB,ZONE 49,TA10
04,DECOTEX,GB,ZONE 49,TA11
04,DECOTEX,GB,ZONE 49,TA12
04,DECOTEX,GB,ZONE 49,TA13
04,DECOTEX,GB,ZONE 49,TA14
04,DECOTEX,GB,ZONE 49,TA15
04,DECOTEX,GB,ZONE 49,TA16
04,DECOTEX,GB,ZONE 49,TA17
04,DECOTEX,GB,ZONE 49,TA18
04,DECOTEX,GB,ZONE 49,TA19
04,DECOTEX,GB,ZONE 49,TA20
04,DECOTEX,GB,ZONE 54,TA21
04,DECOTEX,GB,ZONE 54,TA22
04,DECOTEX,GB,ZONE 54,TA23
04,DECOTEX,GB,ZONE 54,TA24
04,DECOTEX,GB,ZONE 17,TF1
04,DECOTEX,GB,ZONE 17,TF2
04,DECOTEX,GB,ZONE 17,TF3
04,DECOTEX,GB,ZONE 17,TF4
04,DECOTEX,GB,ZONE 17,TF5
04,DECOTEX,GB,ZONE 17,TF6
04,DECOTEX,GB,ZONE 17,TF7
04,DECOTEX,GB,ZONE 17,TF8
04,DECOTEX,GB,ZONE 17,TF9
04,DECOTEX,GB,ZONE 17,TF10
04,DECOTEX,GB,ZONE 17,TF11
04,DECOTEX,GB,ZONE 17,TF12
04,DECOTEX,GB,ZONE 17,TF13
04,DECOTEX,GB,ZONE 51,TN1
04,DECOTEX,GB,ZONE 51,TN2
04,DECOTEX,GB,ZONE 51,TN3
04,DECOTEX,GB,ZONE 51,TN4
04,DECOTEX,GB,ZONE 51,TN5
04,DECOTEX,GB,ZONE 51,TN6
04,DECOTEX,GB,ZONE 51,TN7
04,DECOTEX,GB,ZONE 51,TN8
04,DECOTEX,GB,ZONE 51,TN9
04,DECOTEX,GB,ZONE 51,TN10
04,DECOTEX,GB,ZONE 51,TN11
04,DECOTEX,GB,ZONE 51,TN12
04,DECOTEX,GB,ZONE 51,TN13
04,DECOTEX,GB,ZONE 51,TN14
04,DECOTEX,GB,ZONE 51,TN15
04,DECOTEX,GB,ZONE 51,TN16
04,DECOTEX,GB,ZONE 51,TN17
04,DECOTEX,GB,ZONE 51,TN18
04,DECOTEX,GB,ZONE 51,TN19
04,DECOTEX,GB,ZONE 51,TN20
04,DECOTEX,GB,ZONE 51,TN21
04,DECOTEX,GB,ZONE 51,TN22
04,DECOTEX,GB,ZONE 51,TN23
04,DECOTEX,GB,ZONE 51,TN24
04,DECOTEX,GB,ZONE 51,TN25
04,DECOTEX,GB,ZONE 51,TN26
04,DECOTEX,GB,ZONE 51,TN27
04,DECOTEX,GB,ZONE 51,TN28
04,DECOTEX,GB,ZONE 51,TN29
04,DECOTEX,GB,ZONE 51,TN30
04,DECOTEX,GB,ZONE 51,TN31
04,DECOTEX,GB,ZONE 51,TN32
04,DECOTEX,GB,ZONE 51,TN33
04,DECOTEX,GB,ZONE 51,TN34
04,DECOTEX,GB,ZONE 51,TN35
04,DECOTEX,GB,ZONE 51,TN36
04,DECOTEX,GB,ZONE 51,TN37
04,DECOTEX,GB,ZONE 51,TN38
04,DECOTEX,GB,ZONE 51,TN39
04,DECOTEX,GB,ZONE 51,TN40
04,DECOTEX,GB,ZONE 70,TQ1
04,DECOTEX,GB,ZONE 70,TQ2
04,DECOTEX,GB,ZONE 70,TQ3
04,DECOTEX,GB,ZONE 70,TQ4
04,DECOTEX,GB,ZONE 70,TQ5
04,DECOTEX,GB,ZONE 70,TQ6
04,DECOTEX,GB,ZONE 70,TQ7
04,DECOTEX,GB,ZONE 70,TQ8
04,DECOTEX,GB,ZONE 70,TQ9
04,DECOTEX,GB,ZONE 70,TQ10
04,DECOTEX,GB,ZONE 70,TQ11
04,DECOTEX,GB,ZONE 70,TQ12
04,DECOTEX,GB,ZONE 70,TQ13
04,DECOTEX,GB,ZONE 70,TQ14
04,DECOTEX,GB,ZONE 76,TR1
04,DECOTEX,GB,ZONE 76,TR2
04,DECOTEX,GB,ZONE 76,TR3
04,DECOTEX,GB,ZONE 76,TR4
04,DECOTEX,GB,ZONE 76,TR5
04,DECOTEX,GB,ZONE 76,TR6
04,DECOTEX,GB,ZONE 76,TR7
04,DECOTEX,GB,ZONE 76,TR8
04,DECOTEX,GB,ZONE 76,TR9
04,DECOTEX,GB,ZONE 76,TR10
04,DECOTEX,GB,ZONE 76,TR11
04,DECOTEX,GB,ZONE 76,TR12
04,DECOTEX,GB,ZONE 76,TR13
04,DECOTEX,GB,ZONE 76,TR14
04,DECOTEX,GB,ZONE 76,TR15
04,DECOTEX,GB,ZONE 76,TR16
04,DECOTEX,GB,ZONE 76,TR17
04,DECOTEX,GB,ZONE 76,TR18
04,DECOTEX,GB,ZONE 76,TR19
04,DECOTEX,GB,ZONE 76,TR20
04,DECOTEX,GB,ZONE 76,TR21
04,DECOTEX,GB,ZONE 76,TR22
04,DECOTEX,GB,ZONE 76,TR23
04,DECOTEX,GB,ZONE 76,TR24
04,DECOTEX,GB,ZONE 76,TR25
04,DECOTEX,GB,ZONE 76,TR26
04,DECOTEX,GB,ZONE 76,TR27
04,DECOTEX,GB,ZONE 76,TR93
04,DECOTEX,GB,ZONE 42,TS1
04,DECOTEX,GB,ZONE 42,TS2
04,DECOTEX,GB,ZONE 42,TS3
04,DECOTEX,GB,ZONE 42,TS4
04,DECOTEX,GB,ZONE 42,TS5
04,DECOTEX,GB,ZONE 42,TS6
04,DECOTEX,GB,ZONE 42,TS7
04,DECOTEX,GB,ZONE 42,TS8
04,DECOTEX,GB,ZONE 42,TS9
04,DECOTEX,GB,ZONE 42,TS10
04,DECOTEX,GB,ZONE 42,TS11
04,DECOTEX,GB,ZONE 42,TS12
04,DECOTEX,GB,ZONE 42,TS13
04,DECOTEX,GB,ZONE 42,TS14
04,DECOTEX,GB,ZONE 42,TS15
04,DECOTEX,GB,ZONE 42,TS16
04,DECOTEX,GB,ZONE 42,TS17
04,DECOTEX,GB,ZONE 42,TS18
04,DECOTEX,GB,ZONE 42,TS19
04,DECOTEX,GB,ZONE 42,TS20
04,DECOTEX,GB,ZONE 42,TS21
04,DECOTEX,GB,ZONE 42,TS22
04,DECOTEX,GB,ZONE 42,TS23
04,DECOTEX,GB,ZONE 42,TS24
04,DECOTEX,GB,ZONE 42,TS25
04,DECOTEX,GB,ZONE 42,TS26
04,DECOTEX,GB,ZONE 42,TS27
04,DECOTEX,GB,ZONE 42,TS28
04,DECOTEX,GB,ZONE 42,TS29
04,DECOTEX,GB,ZONE 42,TS90
04,DECOTEX,GB,ZONE 31,TW1
04,DECOTEX,GB,ZONE 31,TW2
04,DECOTEX,GB,ZONE 31,TW3
04,DECOTEX,GB,ZONE 31,TW4
04,DECOTEX,GB,ZONE 31,TW5
04,DECOTEX,GB,ZONE 31,TW6
04,DECOTEX,GB,ZONE 31,TW7
04,DECOTEX,GB,ZONE 31,TW8
04,DECOTEX,GB,ZONE 31,TW9
04,DECOTEX,GB,ZONE 31,TW10
04,DECOTEX,GB,ZONE 31,TW11
04,DECOTEX,GB,ZONE 31,TW12
04,DECOTEX,GB,ZONE 31,TW13
04,DECOTEX,GB,ZONE 31,TW14
04,DECOTEX,GB,ZONE 31,TW15
04,DECOTEX,GB,ZONE 31,TW16
04,DECOTEX,GB,ZONE 31,TW17
04,DECOTEX,GB,ZONE 31,TW18
04,DECOTEX,GB,ZONE 31,TW19
04,DECOTEX,GB,ZONE 31,TW20
04,DECOTEX,GB,ZONE 31,UB1
04,DECOTEX,GB,ZONE 31,UB2
04,DECOTEX,GB,ZONE 31,UB3
04,DECOTEX,GB,ZONE 31,UB4
04,DECOTEX,GB,ZONE 31,UB5
04,DECOTEX,GB,ZONE 31,UB6
04,DECOTEX,GB,ZONE 31,UB7
04,DECOTEX,GB,ZONE 31,UB8
04,DECOTEX,GB,ZONE 31,UB9
04,DECOTEX,GB,ZONE 31,UB10
04,DECOTEX,GB,ZONE 31,UB11
04,DECOTEX,GB,ZONE 31,UB18
04,DECOTEX,GB,ZONE 66,W1A
04,DECOTEX,GB,ZONE 66,W1B
04,DECOTEX,GB,ZONE 66,W1C
04,DECOTEX,GB,ZONE 66,W1D
04,DECOTEX,GB,ZONE 66,W1F
04,DECOTEX,GB,ZONE 66,W1G
04,DECOTEX,GB,ZONE 66,W1H
04,DECOTEX,GB,ZONE 66,W1J
04,DECOTEX,GB,ZONE 66,W1K
04,DECOTEX,GB,ZONE 66,W1S
04,DECOTEX,GB,ZONE 66,W1T
04,DECOTEX,GB,ZONE 66,W1U
04,DECOTEX,GB,ZONE 66,W1W
04,DECOTEX,GB,ZONE 66,W2
04,DECOTEX,GB,ZONE 66,W3
04,DECOTEX,GB,ZONE 66,W4
04,DECOTEX,GB,ZONE 66,W5
04,DECOTEX,GB,ZONE 66,W6
04,DECOTEX,GB,ZONE 66,W7
04,DECOTEX,GB,ZONE 66,W8
04,DECOTEX,GB,ZONE 66,W9
04,DECOTEX,GB,ZONE 66,W10
04,DECOTEX,GB,ZONE 66,W11
04,DECOTEX,GB,ZONE 66,W12
04,DECOTEX,GB,ZONE 66,W13
04,DECOTEX,GB,ZONE 66,W14
04,DECOTEX,GB,ZONE 1,WA1
04,DECOTEX,GB,ZONE 1,WA2
04,DECOTEX,GB,ZONE 1,WA3
04,DECOTEX,GB,ZONE 1,WA4
04,DECOTEX,GB,ZONE 1,WA5
04,DECOTEX,GB,ZONE 1,WA6
04,DECOTEX,GB,ZONE 1,WA7
04,DECOTEX,GB,ZONE 1,WA8
04,DECOTEX,GB,ZONE 1,WA9
04,DECOTEX,GB,ZONE 1,WA10
04,DECOTEX,GB,ZONE 1,WA11
04,DECOTEX,GB,ZONE 1,WA12
04,DECOTEX,GB,ZONE 1,WA13
04,DECOTEX,GB,ZONE 1,WA14
04,DECOTEX,GB,ZONE 1,WA15
04,DECOTEX,GB,ZONE 1,WA16
04,DECOTEX,GB,ZONE 1,WA55
04,DECOTEX,GB,ZONE 1,WA88
04,DECOTEX,GB,ZONE 65,WC1A
04,DECOTEX,GB,ZONE 65,WC1B
04,DECOTEX,GB,ZONE 65,WC1E
04,DECOTEX,GB,ZONE 65,WC1H
04,DECOTEX,GB,ZONE 65,WC1N
04,DECOTEX,GB,ZONE 65,WC1R
04,DECOTEX,GB,ZONE 65,WC1V
04,DECOTEX,GB,ZONE 65,WC1X
04,DECOTEX,GB,ZONE 65,WC2A
04,DECOTEX,GB,ZONE 65,WC2B
04,DECOTEX,GB,ZONE 65,WC2E
04,DECOTEX,GB,ZONE 65,WC2H
04,DECOTEX,GB,ZONE 65,WC2N
04,DECOTEX,GB,ZONE 65,WC2R
04,DECOTEX,GB,ZONE 25,WD3
04,DECOTEX,GB,ZONE 25,WD4
04,DECOTEX,GB,ZONE 25,WD5
04,DECOTEX,GB,ZONE 25,WD6
04,DECOTEX,GB,ZONE 25,WD7
04,DECOTEX,GB,ZONE 25,WD17
04,DECOTEX,GB,ZONE 25,WD18
04,DECOTEX,GB,ZONE 25,WD19
04,DECOTEX,GB,ZONE 25,WD23
04,DECOTEX,GB,ZONE 25,WD24
04,DECOTEX,GB,ZONE 25,WD25
04,DECOTEX,GB,ZONE 7,WF1
04,DECOTEX,GB,ZONE 7,WF2
04,DECOTEX,GB,ZONE 7,WF3
04,DECOTEX,GB,ZONE 7,WF4
04,DECOTEX,GB,ZONE 7,WF5
04,DECOTEX,GB,ZONE 7,WF6
04,DECOTEX,GB,ZONE 7,WF7
04,DECOTEX,GB,ZONE 7,WF8
04,DECOTEX,GB,ZONE 7,WF9
04,DECOTEX,GB,ZONE 7,WF10
04,DECOTEX,GB,ZONE 7,WF11
04,DECOTEX,GB,ZONE 7,WF12
04,DECOTEX,GB,ZONE 7,WF13
04,DECOTEX,GB,ZONE 7,WF14
04,DECOTEX,GB,ZONE 7,WF15
04,DECOTEX,GB,ZONE 7,WF16
04,DECOTEX,GB,ZONE 7,WF17
04,DECOTEX,GB,ZONE 1,WN1
04,DECOTEX,GB,ZONE 1,WN2
04,DECOTEX,GB,ZONE 1,WN3
04,DECOTEX,GB,ZONE 1,WN4
04,DECOTEX,GB,ZONE 1,WN5
04,DECOTEX,GB,ZONE 1,WN6
04,DECOTEX,GB,ZONE 1,WN7
04,DECOTEX,GB,ZONE 1,WN8
04,DECOTEX,GB,ZONE 19,WR1
04,DECOTEX,GB,ZONE 19,WR2
04,DECOTEX,GB,ZONE 19,WR3
04,DECOTEX,GB,ZONE 19,WR4
04,DECOTEX,GB,ZONE 19,WR5
04,DECOTEX,GB,ZONE 19,WR6
04,DECOTEX,GB,ZONE 19,WR7
04,DECOTEX,GB,ZONE 19,WR8
04,DECOTEX,GB,ZONE 19,WR9
04,DECOTEX,GB,ZONE 19,WR10
04,DECOTEX,GB,ZONE 19,WR11
04,DECOTEX,GB,ZONE 19,WR12
04,DECOTEX,GB,ZONE 19,WR13
04,DECOTEX,GB,ZONE 19,WR14
04,DECOTEX,GB,ZONE 19,WR15
04,DECOTEX,GB,ZONE 19,WR78
04,DECOTEX,GB,ZONE 19,WR99
04,DECOTEX,GB,ZONE 16,WS1
04,DECOTEX,GB,ZONE 16,WS2
04,DECOTEX,GB,ZONE 16,WS3
04,DECOTEX,GB,ZONE 16,WS4
04,DECOTEX,GB,ZONE 16,WS5
04,DECOTEX,GB,ZONE 16,WS6
04,DECOTEX,GB,ZONE 16,WS7
04,DECOTEX,GB,ZONE 16,WS8
04,DECOTEX,GB,ZONE 16,WS9
04,DECOTEX,GB,ZONE 16,WS10
04,DECOTEX,GB,ZONE 16,WS11
04,DECOTEX,GB,ZONE 16,WS12
04,DECOTEX,GB,ZONE 16,WS13
04,DECOTEX,GB,ZONE 16,WS14
04,DECOTEX,GB,ZONE 16,WS15
04,DECOTEX,GB,ZONE 16,WV1
04,DECOTEX,GB,ZONE 16,WV2
04,DECOTEX,GB,ZONE 16,WV3
04,DECOTEX,GB,ZONE 16,WV4
04,DECOTEX,GB,ZONE 16,WV5
04,DECOTEX,GB,ZONE 16,WV6
04,DECOTEX,GB,ZONE 16,WV7
04,DECOTEX,GB,ZONE 16,WV8
04,DECOTEX,GB,ZONE 16,WV9
04,DECOTEX,GB,ZONE 16,WV10
04,DECOTEX,GB,ZONE 16,WV11
04,DECOTEX,GB,ZONE 16,WV12
04,DECOTEX,GB,ZONE 16,WV13
04,DECOTEX,GB,ZONE 16,WV14
04,DECOTEX,GB,ZONE 16,WV15
04,DECOTEX,GB,ZONE 16,WV16
04,DECOTEX,GB,ZONE 12,YO1
04,DECOTEX,GB,ZONE 12,YO7
04,DECOTEX,GB,ZONE 12,YO8
04,DECOTEX,GB,ZONE 12,YO10
04,DECOTEX,GB,ZONE 12,YO11
04,DECOTEX,GB,ZONE 12,YO12
04,DECOTEX,GB,ZONE 12,YO13
04,DECOTEX,GB,ZONE 12,YO14
04,DECOTEX,GB,ZONE 12,YO15
04,DECOTEX,GB,ZONE 12,YO16
04,DECOTEX,GB,ZONE 12,YO17
04,DECOTEX,GB,ZONE 12,YO18
04,DECOTEX,GB,ZONE 12,YO19
04,DECOTEX,GB,ZONE 12,YO21
04,DECOTEX,GB,ZONE 12,YO22
04,DECOTEX,GB,ZONE 12,YO23
04,DECOTEX,GB,ZONE 12,YO24
04,DECOTEX,GB,ZONE 12,YO25
04,DECOTEX,GB,ZONE 12,YO26
04,DECOTEX,GB,ZONE 12,YO30
04,DECOTEX,GB,ZONE 12,YO31
04,DECOTEX,GB,ZONE 12,YO32
04,DECOTEX,GB,ZONE 12,YO41
04,DECOTEX,GB,ZONE 12,YO42
04,DECOTEX,GB,ZONE 12,YO43
04,DECOTEX,GB,ZONE 12,YO51
04,DECOTEX,GB,ZONE 12,YO60
04,DECOTEX,GB,ZONE 12,YO61
04,DECOTEX,GB,ZONE 12,YO62
04,DECOTEX,GB,ZONE 12,YO90
04,DECOTEX,GB,ZONE 12,YO91
04,DECOTEX,GB,ZONE 12,YO95
04,DECOTEX,GB,ZONE 80,AB10
04,DECOTEX,GB,ZONE 80,AB11
04,DECOTEX,GB,ZONE 80,AB12
04,DECOTEX,GB,ZONE 80,AB13
04,DECOTEX,GB,ZONE 80,AB14
04,DECOTEX,GB,ZONE 80,AB15
04,DECOTEX,GB,ZONE 80,AB16
04,DECOTEX,GB,ZONE 80,AB21
04,DECOTEX,GB,ZONE 80,AB22
04,DECOTEX,GB,ZONE 80,AB23
04,DECOTEX,GB,ZONE 80,AB24
04,DECOTEX,GB,ZONE 80,AB25
04,DECOTEX,GB,ZONE 82,AB30
04,DECOTEX,GB,,AB31
04,DECOTEX,GB,,AB32
04,DECOTEX,GB,,AB33
04,DECOTEX,GB,,AB34
04,DECOTEX,GB,,AB35
04,DECOTEX,GB,,AB36
04,DECOTEX,GB,,AB37
04,DECOTEX,GB,,AB38
04,DECOTEX,GB,,AB39
04,DECOTEX,GB,ZONE 82,AB41
04,DECOTEX,GB,ZONE 82,AB42
04,DECOTEX,GB,ZONE 82,AB43
04,DECOTEX,GB,ZONE 82,AB44
04,DECOTEX,GB,ZONE 82,AB45
04,DECOTEX,GB,ZONE 82,AB51
04,DECOTEX,GB,ZONE 82,AB52
04,DECOTEX,GB,ZONE 82,AB53
04,DECOTEX,GB,ZONE 82,AB54
04,DECOTEX,GB,ZONE 82,AB55
04,DECOTEX,GB,ZONE 82,AB56
04,DECOTEX,GB,,AB99
04,DECOTEX,GB,ZONE 78,DD1
04,DECOTEX,GB,ZONE 78,DD2
04,DECOTEX,GB,ZONE 78,DD3
04,DECOTEX,GB,ZONE 78,DD4
04,DECOTEX,GB,ZONE 78,DD5
04,DECOTEX,GB,ZONE 78,DD6
04,DECOTEX,GB,ZONE 78,DD7
04,DECOTEX,GB,ZONE 79,DD8
04,DECOTEX,GB,ZONE 79,DD9
04,DECOTEX,GB,ZONE 79,DD10
04,DECOTEX,GB,ZONE 79,DD11
04,DECOTEX,GB,ZONE 77,DG1
04,DECOTEX,GB,ZONE 77,DG2
04,DECOTEX,GB,ZONE 77,DG3
04,DECOTEX,GB,ZONE 77,DG4
04,DECOTEX,GB,ZONE 77,DG5
04,DECOTEX,GB,ZONE 77,DG6
04,DECOTEX,GB,ZONE 77,DG7
04,DECOTEX,GB,ZONE 77,DG8
04,DECOTEX,GB,ZONE 77,DG9
04,DECOTEX,GB,ZONE 77,DG10
04,DECOTEX,GB,ZONE 77,DG11
04,DECOTEX,GB,ZONE 77,DG12
04,DECOTEX,GB,ZONE 77,DG13
04,DECOTEX,GB,ZONE 77,DG14
04,DECOTEX,GB,ZONE 77,DG16
04,DECOTEX,GB,ZONE 52,EH1
04,DECOTEX,GB,ZONE 52,EH2
04,DECOTEX,GB,ZONE 52,EH3
04,DECOTEX,GB,ZONE 52,EH4
04,DECOTEX,GB,ZONE 52,EH5
04,DECOTEX,GB,ZONE 52,EH6
04,DECOTEX,GB,ZONE 52,EH7
04,DECOTEX,GB,ZONE 52,EH8
04,DECOTEX,GB,ZONE 52,EH9
04,DECOTEX,GB,ZONE 52,EH10
04,DECOTEX,GB,ZONE 52,EH11
04,DECOTEX,GB,ZONE 52,EH12
04,DECOTEX,GB,ZONE 52,EH13
04,DECOTEX,GB,ZONE 52,EH14
04,DECOTEX,GB,ZONE 52,EH15
04,DECOTEX,GB,ZONE 52,EH16
04,DECOTEX,GB,ZONE 52,EH17
04,DECOTEX,GB,ZONE 52,EH18
04,DECOTEX,GB,ZONE 52,EH19
04,DECOTEX,GB,ZONE 52,EH20
04,DECOTEX,GB,ZONE 52,EH21
04,DECOTEX,GB,ZONE 52,EH22
04,DECOTEX,GB,ZONE 52,EH23
04,DECOTEX,GB,ZONE 52,EH24
04,DECOTEX,GB,ZONE 52,EH25
04,DECOTEX,GB,ZONE 52,EH26
04,DECOTEX,GB,ZONE 52,EH27
04,DECOTEX,GB,ZONE 52,EH28
04,DECOTEX,GB,ZONE 52,EH29
04,DECOTEX,GB,ZONE 52,EH30
04,DECOTEX,GB,ZONE 52,EH31
04,DECOTEX,GB,ZONE 52,EH32
04,DECOTEX,GB,ZONE 52,EH33
04,DECOTEX,GB,ZONE 52,EH34
04,DECOTEX,GB,ZONE 52,EH35
04,DECOTEX,GB,ZONE 52,EH36
04,DECOTEX,GB,ZONE 52,EH37
04,DECOTEX,GB,ZONE 52,EH38
04,DECOTEX,GB,ZONE 52,EH39
04,DECOTEX,GB,ZONE 52,EH40
04,DECOTEX,GB,ZONE 52,EH41
04,DECOTEX,GB,ZONE 52,EH42
04,DECOTEX,GB,ZONE 52,EH43
04,DECOTEX,GB,ZONE 52,EH44
04,DECOTEX,GB,ZONE 52,EH45
04,DECOTEX,GB,ZONE 52,EH46
04,DECOTEX,GB,ZONE 52,EH47
04,DECOTEX,GB,ZONE 52,EH48
04,DECOTEX,GB,ZONE 52,EH49
04,DECOTEX,GB,ZONE 52,EH51
04,DECOTEX,GB,ZONE 52,EH52
04,DECOTEX,GB,ZONE 52,EH53
04,DECOTEX,GB,ZONE 52,EH54
04,DECOTEX,GB,ZONE 52,EH55
04,DECOTEX,GB,ZONE 52,EH91
04,DECOTEX,GB,ZONE 52,EH95
04,DECOTEX,GB,ZONE 52,EH99
04,DECOTEX,GB,ZONE 58,FK1
04,DECOTEX,GB,ZONE 58,FK2
04,DECOTEX,GB,ZONE 58,FK3
04,DECOTEX,GB,ZONE 58,FK4
04,DECOTEX,GB,ZONE 58,FK5
04,DECOTEX,GB,ZONE 58,FK6
04,DECOTEX,GB,ZONE 58,FK7
04,DECOTEX,GB,ZONE 58,FK8
04,DECOTEX,GB,ZONE 58,FK9
04,DECOTEX,GB,ZONE 58,FK10
04,DECOTEX,GB,ZONE 58,FK11
04,DECOTEX,GB,ZONE 58,FK12
04,DECOTEX,GB,ZONE 58,FK13
04,DECOTEX,GB,ZONE 58,FK14
04,DECOTEX,GB,ZONE 58,FK15
04,DECOTEX,GB,ZONE 58,FK16
04,DECOTEX,GB,ZONE 58,FK17
04,DECOTEX,GB,ZONE 58,FK18
04,DECOTEX,GB,ZONE 58,FK19
04,DECOTEX,GB,ZONE 58,FK20
04,DECOTEX,GB,ZONE 58,FK21
04,DECOTEX,GB,ZONE 57,G1
04,DECOTEX,GB,ZONE 57,G2
04,DECOTEX,GB,ZONE 57,G3
04,DECOTEX,GB,ZONE 57,G4
04,DECOTEX,GB,ZONE 57,G5
04,DECOTEX,GB,ZONE 57,G9
04,DECOTEX,GB,ZONE 57,G11
04,DECOTEX,GB,ZONE 57,G12
04,DECOTEX,GB,ZONE 57,G13
04,DECOTEX,GB,ZONE 57,G14
04,DECOTEX,GB,ZONE 57,G15
04,DECOTEX,GB,ZONE 57,G20
04,DECOTEX,GB,ZONE 57,G21
04,DECOTEX,GB,ZONE 57,G22
04,DECOTEX,GB,ZONE 57,G23
04,DECOTEX,GB,ZONE 57,G31
04,DECOTEX,GB,ZONE 57,G32
04,DECOTEX,GB,ZONE 57,G33
04,DECOTEX,GB,ZONE 57,G34
04,DECOTEX,GB,ZONE 57,G40
04,DECOTEX,GB,ZONE 57,G41
04,DECOTEX,GB,ZONE 57,G42
04,DECOTEX,GB,ZONE 57,G43
04,DECOTEX,GB,ZONE 57,G44
04,DECOTEX,GB,ZONE 57,G45
04,DECOTEX,GB,ZONE 57,G46
04,DECOTEX,GB,ZONE 57,G51
04,DECOTEX,GB,ZONE 57,G52
04,DECOTEX,GB,ZONE 57,G53
04,DECOTEX,GB,ZONE 57,G58
04,DECOTEX,GB,ZONE 57,G60
04,DECOTEX,GB,ZONE 57,G61
04,DECOTEX,GB,ZONE 57,G62
04,DECOTEX,GB,ZONE 57,G63
04,DECOTEX,GB,ZONE 57,G64
04,DECOTEX,GB,ZONE 57,G65
04,DECOTEX,GB,ZONE 57,G66
04,DECOTEX,GB,ZONE 57,G67
04,DECOTEX,GB,ZONE 57,G68
04,DECOTEX,GB,ZONE 57,G69
04,DECOTEX,GB,ZONE 57,G70
04,DECOTEX,GB,ZONE 57,G71
04,DECOTEX,GB,ZONE 57,G72
04,DECOTEX,GB,ZONE 57,G73
04,DECOTEX,GB,ZONE 57,G74
04,DECOTEX,GB,ZONE 57,G75
04,DECOTEX,GB,ZONE 57,G76
04,DECOTEX,GB,ZONE 57,G77
04,DECOTEX,GB,ZONE 57,G78
04,DECOTEX,GB,ZONE 57,G79
04,DECOTEX,GB,ZONE 57,G81
04,DECOTEX,GB,ZONE 57,G82
04,DECOTEX,GB,ZONE 57,G83
04,DECOTEX,GB,ZONE 57,G84
04,DECOTEX,GB,ZONE 57,G90
04,DECOTEX,GB,,HS1
04,DECOTEX,GB,,HS2
04,DECOTEX,GB,,HS3
04,DECOTEX,GB,,HS4
04,DECOTEX,GB,,HS5
04,DECOTEX,GB,,HS6
04,DECOTEX,GB,,HS7
04,DECOTEX,GB,,HS8
04,DECOTEX,GB,,HS9
04,DECOTEX,GB,,IV1
04,DECOTEX,GB,,IV2
04,DECOTEX,GB,,IV3
04,DECOTEX,GB,,IV4
04,DECOTEX,GB,,IV5
04,DECOTEX,GB,,IV6
04,DECOTEX,GB,,IV7
04,DECOTEX,GB,,IV8
04,DECOTEX,GB,,IV9
04,DECOTEX,GB,,IV10
04,DECOTEX,GB,,IV11
04,DECOTEX,GB,,IV12
04,DECOTEX,GB,,IV13
04,DECOTEX,GB,,IV14
04,DECOTEX,GB,,IV15
04,DECOTEX,GB,,IV16
04,DECOTEX,GB,,IV17
04,DECOTEX,GB,,IV18
04,DECOTEX,GB,,IV19
04,DECOTEX,GB,,IV20
04,DECOTEX,GB,,IV21
04,DECOTEX,GB,,IV22
04,DECOTEX,GB,,IV23
04,DECOTEX,GB,,IV24
04,DECOTEX,GB,,IV25
04,DECOTEX,GB,,IV26
04,DECOTEX,GB,,IV27
04,DECOTEX,GB,,IV28
04,DECOTEX,GB,,IV30
04,DECOTEX,GB,,IV31
04,DECOTEX,GB,,IV32
04,DECOTEX,GB,,IV36
04,DECOTEX,GB,,IV40
04,DECOTEX,GB,,IV41
04,DECOTEX,GB,,IV42
04,DECOTEX,GB,,IV43
04,DECOTEX,GB,,IV44
04,DECOTEX,GB,,IV45
04,DECOTEX,GB,,IV46
04,DECOTEX,GB,,IV47
04,DECOTEX,GB,,IV48
04,DECOTEX,GB,,IV49
04,DECOTEX,GB,,IV51
04,DECOTEX,GB,,IV52
04,DECOTEX,GB,,IV53
04,DECOTEX,GB,,IV54
04,DECOTEX,GB,,IV55
04,DECOTEX,GB,,IV56
04,DECOTEX,GB,,IV63
04,DECOTEX,GB,,IV99
04,DECOTEX,GB,ZONE 58,KA1
04,DECOTEX,GB,ZONE 58,KA2
04,DECOTEX,GB,ZONE 58,KA3
04,DECOTEX,GB,ZONE 58,KA4
04,DECOTEX,GB,ZONE 58,KA5
04,DECOTEX,GB,ZONE 58,KA6
04,DECOTEX,GB,ZONE 58,KA7
04,DECOTEX,GB,ZONE 58,KA8
04,DECOTEX,GB,ZONE 58,KA9
04,DECOTEX,GB,ZONE 58,KA10
04,DECOTEX,GB,ZONE 58,KA11
04,DECOTEX,GB,ZONE 58,KA12
04,DECOTEX,GB,ZONE 58,KA13
04,DECOTEX,GB,ZONE 58,KA14
04,DECOTEX,GB,ZONE 58,KA15
04,DECOTEX,GB,ZONE 58,KA16
04,DECOTEX,GB,ZONE 58,KA17
04,DECOTEX,GB,ZONE 58,KA18
04,DECOTEX,GB,ZONE 58,KA19
04,DECOTEX,GB,ZONE 58,KA20
04,DECOTEX,GB,ZONE 58,KA21
04,DECOTEX,GB,ZONE 58,KA22
04,DECOTEX,GB,ZONE 58,KA23
04,DECOTEX,GB,ZONE 58,KA24
04,DECOTEX,GB,ZONE 58,KA25
04,DECOTEX,GB,ZONE 58,KA26
04,DECOTEX,GB,ZONE 84,KA27
04,DECOTEX,GB,ZONE 84,KA28
04,DECOTEX,GB,ZONE 58,KA29
04,DECOTEX,GB,ZONE 58,KA30
04,DECOTEX,GB,,KW1
04,DECOTEX,GB,,KW2
04,DECOTEX,GB,,KW3
04,DECOTEX,GB,,KW5
04,DECOTEX,GB,,KW6
04,DECOTEX,GB,,KW7
04,DECOTEX,GB,,KW8
04,DECOTEX,GB,,KW9
04,DECOTEX,GB,,KW10
04,DECOTEX,GB,,KW11
04,DECOTEX,GB,,KW12
04,DECOTEX,GB,,KW13
04,DECOTEX,GB,,KW14
04,DECOTEX,GB,,KW15
04,DECOTEX,GB,,KW16
04,DECOTEX,GB,,KW17
04,DECOTEX,GB,ZONE 59,KY1
04,DECOTEX,GB,ZONE 59,KY2
04,DECOTEX,GB,ZONE 59,KY3
04,DECOTEX,GB,ZONE 59,KY4
04,DECOTEX,GB,ZONE 59,KY5
04,DECOTEX,GB,ZONE 59,KY6
04,DECOTEX,GB,ZONE 59,KY7
04,DECOTEX,GB,ZONE 59,KY8
04,DECOTEX,GB,ZONE 59,KY9
04,DECOTEX,GB,ZONE 59,KY10
04,DECOTEX,GB,ZONE 59,KY11
04,DECOTEX,GB,ZONE 59,KY12
04,DECOTEX,GB,ZONE 59,KY13
04,DECOTEX,GB,ZONE 59,KY14
04,DECOTEX,GB,ZONE 59,KY15
04,DECOTEX,GB,ZONE 59,KY16
04,DECOTEX,GB,ZONE 59,KY99
04,DECOTEX,GB,ZONE 58,ML1
04,DECOTEX,GB,ZONE 58,ML2
04,DECOTEX,GB,ZONE 58,ML3
04,DECOTEX,GB,ZONE 58,ML4
04,DECOTEX,GB,ZONE 58,ML5
04,DECOTEX,GB,ZONE 58,ML6
04,DECOTEX,GB,ZONE 58,ML7
04,DECOTEX,GB,ZONE 58,ML8
04,DECOTEX,GB,ZONE 58,ML9
04,DECOTEX,GB,ZONE 58,ML10
04,DECOTEX,GB,ZONE 58,ML11
04,DECOTEX,GB,ZONE 58,ML12
04,DECOTEX,GB,ZONE 53,PA1
04,DECOTEX,GB,ZONE 53,PA2
04,DECOTEX,GB,ZONE 53,PA3
04,DECOTEX,GB,ZONE 53,PA4
04,DECOTEX,GB,ZONE 53,PA5
04,DECOTEX,GB,ZONE 53,PA6
04,DECOTEX,GB,ZONE 53,PA7
04,DECOTEX,GB,ZONE 53,PA8
04,DECOTEX,GB,ZONE 53,PA9
04,DECOTEX,GB,ZONE 53,PA10
04,DECOTEX,GB,ZONE 53,PA11
04,DECOTEX,GB,ZONE 53,PA12
04,DECOTEX,GB,ZONE 53,PA13
04,DECOTEX,GB,ZONE 53,PA14
04,DECOTEX,GB,ZONE 53,PA15
04,DECOTEX,GB,ZONE 53,PA16
04,DECOTEX,GB,ZONE 53,PA17
04,DECOTEX,GB,ZONE 53,PA18
04,DECOTEX,GB,ZONE 53,PA19
04,DECOTEX,GB,,PA20
04,DECOTEX,GB,ZONE 83,PA21
04,DECOTEX,GB,ZONE 83,PA22
04,DECOTEX,GB,ZONE 83,PA23
04,DECOTEX,GB,ZONE 83,PA24
04,DECOTEX,GB,ZONE 83,PA25
04,DECOTEX,GB,ZONE 83,PA26
04,DECOTEX,GB,ZONE 83,PA27
04,DECOTEX,GB,ZONE 83,PA28
04,DECOTEX,GB,ZONE 83,PA29
04,DECOTEX,GB,ZONE 83,PA30
04,DECOTEX,GB,ZONE 83,PA31
04,DECOTEX,GB,ZONE 83,PA32
04,DECOTEX,GB,ZONE 83,PA33
04,DECOTEX,GB,ZONE 83,PA34
04,DECOTEX,GB,ZONE 83,PA35
04,DECOTEX,GB,ZONE 83,PA36
04,DECOTEX,GB,ZONE 83,PA37
04,DECOTEX,GB,ZONE 83,PA38
04,DECOTEX,GB,,PA41
04,DECOTEX,GB,,PA42
04,DECOTEX,GB,,PA43
04,DECOTEX,GB,,PA44
04,DECOTEX,GB,,PA45
04,DECOTEX,GB,,PA46
04,DECOTEX,GB,,PA47
04,DECOTEX,GB,,PA48
04,DECOTEX,GB,,PA49
04,DECOTEX,GB,,PA60
04,DECOTEX,GB,,PA61
04,DECOTEX,GB,,PA62
04,DECOTEX,GB,,PA63
04,DECOTEX,GB,,PA64
04,DECOTEX,GB,,PA65
04,DECOTEX,GB,,PA66
04,DECOTEX,GB,,PA67
04,DECOTEX,GB,,PA68
04,DECOTEX,GB,,PA69
04,DECOTEX,GB,,PA70
04,DECOTEX,GB,,PA71
04,DECOTEX,GB,,PA72
04,DECOTEX,GB,,PA73
04,DECOTEX,GB,,PA74
04,DECOTEX,GB,,PA75
04,DECOTEX,GB,,PA76
04,DECOTEX,GB,,PA77
04,DECOTEX,GB,,PA78
04,DECOTEX,GB,ZONE 60,PH1
04,DECOTEX,GB,ZONE 60,PH2
04,DECOTEX,GB,ZONE 60,PH3
04,DECOTEX,GB,ZONE 60,PH4
04,DECOTEX,GB,ZONE 60,PH5
04,DECOTEX,GB,ZONE 60,PH6
04,DECOTEX,GB,ZONE 60,PH7
04,DECOTEX,GB,ZONE 60,PH8
04,DECOTEX,GB,ZONE 60,PH9
04,DECOTEX,GB,ZONE 60,PH10
04,DECOTEX,GB,ZONE 60,PH11
04,DECOTEX,GB,ZONE 60,PH12
04,DECOTEX,GB,ZONE 60,PH13
04,DECOTEX,GB,ZONE 60,PH14
04,DECOTEX,GB,,PH15
04,DECOTEX,GB,,PH16
04,DECOTEX,GB,,PH17
04,DECOTEX,GB,,PH18
04,DECOTEX,GB,ZONE 81,PH19
04,DECOTEX,GB,ZONE 81,PH20
04,DECOTEX,GB,ZONE 81,PH21
04,DECOTEX,GB,ZONE 81,PH22
04,DECOTEX,GB,ZONE 81,PH23
04,DECOTEX,GB,ZONE 81,PH24
04,DECOTEX,GB,ZONE 81,PH25
04,DECOTEX,GB,ZONE 81,PH26
04,DECOTEX,GB,ZONE 81,PH30
04,DECOTEX,GB,ZONE 81,PH31
04,DECOTEX,GB,ZONE 81,PH32
04,DECOTEX,GB,ZONE 81,PH33
04,DECOTEX,GB,ZONE 81,PH34
04,DECOTEX,GB,ZONE 81,PH35
04,DECOTEX,GB,ZONE 81,PH36
04,DECOTEX,GB,ZONE 81,PH37
04,DECOTEX,GB,ZONE 81,PH38
04,DECOTEX,GB,ZONE 81,PH39
04,DECOTEX,GB,ZONE 81,PH40
04,DECOTEX,GB,ZONE 81,PH41
04,DECOTEX,GB,,PH42
04,DECOTEX,GB,,PH43
04,DECOTEX,GB,,PH44
04,DECOTEX,GB,ZONE 81,PH49
04,DECOTEX,GB,ZONE 81,PH50
04,DECOTEX,GB,ZONE 75,TD1
04,DECOTEX,GB,ZONE 75,TD2
04,DECOTEX,GB,ZONE 75,TD3
04,DECOTEX,GB,ZONE 75,TD4
04,DECOTEX,GB,ZONE 75,TD5
04,DECOTEX,GB,ZONE 75,TD6
04,DECOTEX,GB,ZONE 75,TD7
04,DECOTEX,GB,ZONE 75,TD8
04,DECOTEX,GB,ZONE 75,TD9
04,DECOTEX,GB,ZONE 75,TD10
04,DECOTEX,GB,ZONE 75,TD11
04,DECOTEX,GB,ZONE 75,TD12
04,DECOTEX,GB,ZONE 75,TD13
04,DECOTEX,GB,ZONE 75,TD14
04,DECOTEX,GB,ZONE 75,TD15
04,DECOTEX,GB,,ZE1
04,DECOTEX,GB,,ZE2
04,DECOTEX,GB,,ZE3
