04,EDEN,GB,SCO 4,AB10
04,EDEN,GB,SCO 4,AB11
04,EDEN,GB,SCO 4,AB12
04,EDEN,GB,SCO 4,AB13
04,EDEN,GB,SCO 4,AB14
04,EDEN,GB,SCO 4,AB15
04,EDEN,GB,SCO 4,AB16
04,EDEN,GB,SCO 4,AB21
04,EDEN,GB,SCO 4,AB22
04,EDEN,GB,SCO 4,AB23
04,EDEN,GB,SCO 4,AB24
04,EDEN,GB,SCO 4,AB25
04,EDEN,GB,SCO 5,AB30
04,EDEN,GB,SCO 5,AB31
04,EDEN,GB,SCO 5,AB32
04,EDEN,GB,SCO 5,AB33
04,EDEN,GB,SCO 5,AB34
04,EDEN,GB,SCO 5,AB35
04,EDEN,GB,SCO 5,AB36
04,EDEN,GB,SCO 5,AB37
04,EDEN,GB,SCO 5,AB38
04,EDEN,GB,SCO 5,AB39
04,EDEN,GB,SCO 5,AB41
04,EDEN,GB,SCO 5,AB42
04,EDEN,GB,SCO 5,AB43
04,EDEN,GB,SCO 5,AB44
04,EDEN,GB,SCO 5,AB45
04,EDEN,GB,SCO 5,AB51
04,EDEN,GB,SCO 5,AB52
04,EDEN,GB,SCO 5,AB53
04,EDEN,GB,SCO 5,AB54
04,EDEN,GB,SCO 5,AB55
04,EDEN,GB,SCO 5,AB56
04,EDEN,GB,SCO 5,AB99
04,EDEN,GB,SCO 4,DD1
04,EDEN,GB,SCO 4,DD2
04,EDEN,GB,SCO 4,DD3
04,EDEN,GB,SCO 4,DD4
04,EDEN,GB,SCO 4,DD5
04,EDEN,GB,SCO 4,DD6
04,EDEN,GB,SCO 4,DD7
04,EDEN,GB,SCO 4,DD8
04,EDEN,GB,SCO 4,DD9
04,EDEN,GB,SCO 4,DD10
04,EDEN,GB,SCO 4,DD11
04,EDEN,GB,SCO 3,DG1
04,EDEN,GB,SCO 3,DG2
04,EDEN,GB,SCO 3,DG3
04,EDEN,GB,SCO 3,DG4
04,EDEN,GB,SCO 3,DG5
04,EDEN,GB,SCO 3,DG6
04,EDEN,GB,SCO 3,DG7
04,EDEN,GB,SCO 3,DG8
04,EDEN,GB,SCO 3,DG9
04,EDEN,GB,SCO 3,DG10
04,EDEN,GB,SCO 3,DG11
04,EDEN,GB,SCO 3,DG12
04,EDEN,GB,SCO 3,DG13
04,EDEN,GB,SCO 3,DG14
04,EDEN,GB,SCO 3,DG16
04,EDEN,GB,SCO 1,EH1
04,EDEN,GB,SCO 1,EH2
04,EDEN,GB,SCO 1,EH3
04,EDEN,GB,SCO 1,EH4
04,EDEN,GB,SCO 1,EH5
04,EDEN,GB,SCO 1,EH6
04,EDEN,GB,SCO 1,EH7
04,EDEN,GB,SCO 1,EH8
04,EDEN,GB,SCO 1,EH9
04,EDEN,GB,SCO 1,EH10
04,EDEN,GB,SCO 1,EH11
04,EDEN,GB,SCO 1,EH12
04,EDEN,GB,SCO 1,EH13
04,EDEN,GB,SCO 1,EH14
04,EDEN,GB,SCO 1,EH15
04,EDEN,GB,SCO 1,EH16
04,EDEN,GB,SCO 1,EH17
04,EDEN,GB,SCO 1,EH18
04,EDEN,GB,SCO 1,EH19
04,EDEN,GB,SCO 1,EH20
04,EDEN,GB,SCO 1,EH21
04,EDEN,GB,SCO 1,EH22
04,EDEN,GB,SCO 1,EH23
04,EDEN,GB,SCO 1,EH24
04,EDEN,GB,SCO 1,EH25
04,EDEN,GB,SCO 1,EH26
04,EDEN,GB,SCO 1,EH27
04,EDEN,GB,SCO 1,EH28
04,EDEN,GB,SCO 1,EH29
04,EDEN,GB,SCO 1,EH30
04,EDEN,GB,SCO 1,EH31
04,EDEN,GB,SCO 1,EH32
04,EDEN,GB,SCO 1,EH33
04,EDEN,GB,SCO 1,EH34
04,EDEN,GB,SCO 1,EH35
04,EDEN,GB,SCO 1,EH36
04,EDEN,GB,SCO 1,EH37
04,EDEN,GB,SCO 1,EH38
04,EDEN,GB,SCO 1,EH39
04,EDEN,GB,SCO 1,EH40
04,EDEN,GB,SCO 1,EH41
04,EDEN,GB,SCO 2,EH42
04,EDEN,GB,SCO 2,EH43
04,EDEN,GB,SCO 2,EH44
04,EDEN,GB,SCO 2,EH45
04,EDEN,GB,SCO 2,EH46
04,EDEN,GB,SCO 2,EH47
04,EDEN,GB,SCO 2,EH48
04,EDEN,GB,SCO 2,EH49
04,EDEN,GB,SCO 2,EH51
04,EDEN,GB,SCO 2,EH52
04,EDEN,GB,SCO 2,EH53
04,EDEN,GB,SCO 2,EH54
04,EDEN,GB,SCO 1,EH55
04,EDEN,GB,SCO 2,EH91
04,EDEN,GB,SCO 2,EH95
04,EDEN,GB,SCO 2,EH99
04,EDEN,GB,SCO 1,FK1
04,EDEN,GB,SCO 1,FK2
04,EDEN,GB,SCO 1,FK3
04,EDEN,GB,SCO 1,FK4
04,EDEN,GB,SCO 1,FK5
04,EDEN,GB,SCO 1,FK6
04,EDEN,GB,SCO 1,FK7
04,EDEN,GB,SCO 1,FK8
04,EDEN,GB,SCO 1,FK9
04,EDEN,GB,SCO 1,FK10
04,EDEN,GB,SCO 1,FK11
04,EDEN,GB,SCO 1,FK12
04,EDEN,GB,SCO 1,FK13
04,EDEN,GB,SCO 1,FK14
04,EDEN,GB,SCO 1,FK15
04,EDEN,GB,SCO 1,FK16
04,EDEN,GB,SCO 2,FK17
04,EDEN,GB,SCO 2,FK18
04,EDEN,GB,SCO 2,FK19
04,EDEN,GB,SCO 2,FK20
04,EDEN,GB,SCO 2,FK21
04,EDEN,GB,SCO 1,G1
04,EDEN,GB,SCO 1,G2
04,EDEN,GB,SCO 1,G3
04,EDEN,GB,SCO 1,G4
04,EDEN,GB,SCO 1,G5
04,EDEN,GB,SCO 1,G9
04,EDEN,GB,SCO 1,G11
04,EDEN,GB,SCO 1,G12
04,EDEN,GB,SCO 1,G13
04,EDEN,GB,SCO 1,G14
04,EDEN,GB,SCO 1,G15
04,EDEN,GB,SCO 1,G20
04,EDEN,GB,SCO 1,G21
04,EDEN,GB,SCO 1,G22
04,EDEN,GB,SCO 1,G23
04,EDEN,GB,SCO 1,G31
04,EDEN,GB,SCO 1,G32
04,EDEN,GB,SCO 1,G33
04,EDEN,GB,SCO 1,G34
04,EDEN,GB,SCO 1,G40
04,EDEN,GB,SCO 1,G41
04,EDEN,GB,SCO 1,G42
04,EDEN,GB,SCO 1,G43
04,EDEN,GB,SCO 1,G44
04,EDEN,GB,SCO 1,G45
04,EDEN,GB,SCO 1,G46
04,EDEN,GB,SCO 1,G51
04,EDEN,GB,SCO 1,G52
04,EDEN,GB,SCO 1,G53
04,EDEN,GB,SCO 1,G58
04,EDEN,GB,SCO 1,G60
04,EDEN,GB,SCO 1,G61
04,EDEN,GB,SCO 1,G62
04,EDEN,GB,SCO 1,G63
04,EDEN,GB,SCO 1,G64
04,EDEN,GB,SCO 1,G65
04,EDEN,GB,SCO 1,G66
04,EDEN,GB,SCO 1,G67
04,EDEN,GB,SCO 1,G68
04,EDEN,GB,SCO 1,G69
04,EDEN,GB,SCO 1,G70
04,EDEN,GB,SCO 1,G71
04,EDEN,GB,SCO 1,G72
04,EDEN,GB,SCO 1,G73
04,EDEN,GB,SCO 1,G74
04,EDEN,GB,SCO 1,G75
04,EDEN,GB,SCO 1,G76
04,EDEN,GB,SCO 1,G77
04,EDEN,GB,SCO 1,G78
04,EDEN,GB,SCO 1,G79
04,EDEN,GB,SCO 1,G81
04,EDEN,GB,SCO 1,G82
04,EDEN,GB,SCO 2,G83
04,EDEN,GB,SCO 2,G84
04,EDEN,GB,SCO 2,G90
04,EDEN,GB,SCO 6,HS1
04,EDEN,GB,SCO 6,HS2
04,EDEN,GB,SCO 6,HS3
04,EDEN,GB,SCO 6,HS4
04,EDEN,GB,SCO 6,HS5
04,EDEN,GB,SCO 6,HS6
04,EDEN,GB,SCO 6,HS7
04,EDEN,GB,SCO 6,HS8
04,EDEN,GB,SCO 6,HS9
04,EDEN,GB,SCO 4,IV1
04,EDEN,GB,SCO 4,IV2
04,EDEN,GB,SCO 4,IV3
04,EDEN,GB,SCO 5,IV4
04,EDEN,GB,SCO 5,IV5
04,EDEN,GB,SCO 5,IV6
04,EDEN,GB,SCO 5,IV7
04,EDEN,GB,SCO 5,IV8
04,EDEN,GB,SCO 5,IV9
04,EDEN,GB,SCO 5,IV10
04,EDEN,GB,SCO 5,IV11
04,EDEN,GB,SCO 5,IV12
04,EDEN,GB,SCO 5,IV13
04,EDEN,GB,SCO 5,IV14
04,EDEN,GB,SCO 5,IV15
04,EDEN,GB,SCO 5,IV16
04,EDEN,GB,SCO 5,IV17
04,EDEN,GB,SCO 5,IV18
04,EDEN,GB,SCO 5,IV19
04,EDEN,GB,SCO 5,IV20
04,EDEN,GB,SCO 5,IV21
04,EDEN,GB,SCO 5,IV22
04,EDEN,GB,SCO 5,IV23
04,EDEN,GB,SCO 5,IV24
04,EDEN,GB,SCO 5,IV25
04,EDEN,GB,SCO 5,IV26
04,EDEN,GB,SCO 5,IV27
04,EDEN,GB,SCO 5,IV28
04,EDEN,GB,SCO 5,IV30
04,EDEN,GB,SCO 5,IV31
04,EDEN,GB,SCO 5,IV32
04,EDEN,GB,SCO 5,IV36
04,EDEN,GB,SCO 5,IV40
04,EDEN,GB,SCO 6,IV41
04,EDEN,GB,SCO 6,IV42
04,EDEN,GB,SCO 6,IV43
04,EDEN,GB,SCO 6,IV44
04,EDEN,GB,SCO 6,IV45
04,EDEN,GB,SCO 6,IV46
04,EDEN,GB,SCO 6,IV47
04,EDEN,GB,SCO 6,IV48
04,EDEN,GB,SCO 6,IV49
04,EDEN,GB,SCO 6,IV51
04,EDEN,GB,SCO 5,IV52
04,EDEN,GB,SCO 5,IV53
04,EDEN,GB,SCO 5,IV54
04,EDEN,GB,SCO 6,IV55
04,EDEN,GB,SCO 6,IV56
04,EDEN,GB,SCO 5,IV63
04,EDEN,GB,SCO 4,IV99
04,EDEN,GB,SCO 1,KA1
04,EDEN,GB,SCO 1,KA2
04,EDEN,GB,SCO 1,KA3
04,EDEN,GB,SCO 1,KA4
04,EDEN,GB,SCO 1,KA5
04,EDEN,GB,SCO 1,KA6
04,EDEN,GB,SCO 1,KA7
04,EDEN,GB,SCO 1,KA8
04,EDEN,GB,SCO 1,KA9
04,EDEN,GB,SCO 1,KA10
04,EDEN,GB,SCO 1,KA11
04,EDEN,GB,SCO 1,KA12
04,EDEN,GB,SCO 1,KA13
04,EDEN,GB,SCO 1,KA14
04,EDEN,GB,SCO 1,KA15
04,EDEN,GB,SCO 1,KA16
04,EDEN,GB,SCO 1,KA17
04,EDEN,GB,SCO 1,KA18
04,EDEN,GB,SCO 1,KA19
04,EDEN,GB,SCO 1,KA20
04,EDEN,GB,SCO 1,KA21
04,EDEN,GB,SCO 1,KA22
04,EDEN,GB,SCO 1,KA23
04,EDEN,GB,SCO 1,KA24
04,EDEN,GB,SCO 1,KA25
04,EDEN,GB,SCO 2,KA26
04,EDEN,GB,SCO 6,KA27
04,EDEN,GB,SCO 6,KA28
04,EDEN,GB,SCO 1,KA29
04,EDEN,GB,SCO 1,KA30
04,EDEN,GB,SCO 5,KW1
04,EDEN,GB,SCO 5,KW2
04,EDEN,GB,SCO 5,KW3
04,EDEN,GB,SCO 5,KW5
04,EDEN,GB,SCO 5,KW6
04,EDEN,GB,SCO 5,KW7
04,EDEN,GB,SCO 5,KW8
04,EDEN,GB,SCO 5,KW9
04,EDEN,GB,SCO 5,KW10
04,EDEN,GB,SCO 5,KW11
04,EDEN,GB,SCO 5,KW12
04,EDEN,GB,SCO 5,KW13
04,EDEN,GB,SCO 5,KW14
04,EDEN,GB,SCO 6,KW15
04,EDEN,GB,SCO 6,KW16
04,EDEN,GB,SCO 6,KW17
04,EDEN,GB,SCO 1,KY1
04,EDEN,GB,SCO 1,KY2
04,EDEN,GB,SCO 1,KY3
04,EDEN,GB,SCO 1,KY4
04,EDEN,GB,SCO 1,KY5
04,EDEN,GB,SCO 1,KY6
04,EDEN,GB,SCO 1,KY7
04,EDEN,GB,SCO 1,KY8
04,EDEN,GB,SCO 1,KY9
04,EDEN,GB,SCO 1,KY10
04,EDEN,GB,SCO 1,KY11
04,EDEN,GB,SCO 1,KY12
04,EDEN,GB,SCO 1,KY13
04,EDEN,GB,SCO 2,KY14
04,EDEN,GB,SCO 2,KY15
04,EDEN,GB,SCO 2,KY16
04,EDEN,GB,SCO 1,KY99
04,EDEN,GB,SCO 1,ML1
04,EDEN,GB,SCO 1,ML2
04,EDEN,GB,SCO 1,ML3
04,EDEN,GB,SCO 1,ML4
04,EDEN,GB,SCO 1,ML5
04,EDEN,GB,SCO 1,ML6
04,EDEN,GB,SCO 1,ML7
04,EDEN,GB,SCO 1,ML8
04,EDEN,GB,SCO 1,ML9
04,EDEN,GB,SCO 2,ML10
04,EDEN,GB,SCO 2,ML11
04,EDEN,GB,SCO 2,ML12
04,EDEN,GB,SCO 1,PA1
04,EDEN,GB,SCO 1,PA2
04,EDEN,GB,SCO 1,PA3
04,EDEN,GB,SCO 1,PA4
04,EDEN,GB,SCO 1,PA5
04,EDEN,GB,SCO 1,PA6
04,EDEN,GB,SCO 1,PA7
04,EDEN,GB,SCO 1,PA8
04,EDEN,GB,SCO 1,PA9
04,EDEN,GB,SCO 1,PA10
04,EDEN,GB,SCO 1,PA11
04,EDEN,GB,SCO 1,PA12
04,EDEN,GB,SCO 1,PA13
04,EDEN,GB,SCO 1,PA14
04,EDEN,GB,SCO 1,PA15
04,EDEN,GB,SCO 1,PA16
04,EDEN,GB,SCO 1,PA17
04,EDEN,GB,SCO 1,PA18
04,EDEN,GB,SCO 1,PA19
04,EDEN,GB,SCO 6,PA20
04,EDEN,GB,SCO 5,PA21
04,EDEN,GB,SCO 5,PA22
04,EDEN,GB,SCO 5,PA23
04,EDEN,GB,SCO 5,PA24
04,EDEN,GB,SCO 5,PA25
04,EDEN,GB,SCO 5,PA26
04,EDEN,GB,SCO 5,PA27
04,EDEN,GB,SCO 5,PA28
04,EDEN,GB,SCO 5,PA29
04,EDEN,GB,SCO 5,PA30
04,EDEN,GB,SCO 5,PA31
04,EDEN,GB,SCO 5,PA32
04,EDEN,GB,SCO 5,PA33
04,EDEN,GB,SCO 5,PA34
04,EDEN,GB,SCO 5,PA35
04,EDEN,GB,SCO 5,PA36
04,EDEN,GB,SCO 5,PA37
04,EDEN,GB,SCO 5,PA38
04,EDEN,GB,SCO 6,PA41
04,EDEN,GB,SCO 6,PA42
04,EDEN,GB,SCO 6,PA43
04,EDEN,GB,SCO 6,PA44
04,EDEN,GB,SCO 6,PA45
04,EDEN,GB,SCO 6,PA46
04,EDEN,GB,SCO 6,PA47
04,EDEN,GB,SCO 6,PA48
04,EDEN,GB,SCO 6,PA49
04,EDEN,GB,SCO 6,PA60
04,EDEN,GB,SCO 6,PA61
04,EDEN,GB,SCO 6,PA62
04,EDEN,GB,SCO 6,PA63
04,EDEN,GB,SCO 6,PA64
04,EDEN,GB,SCO 6,PA65
04,EDEN,GB,SCO 6,PA66
04,EDEN,GB,SCO 6,PA67
04,EDEN,GB,SCO 6,PA68
04,EDEN,GB,SCO 6,PA69
04,EDEN,GB,SCO 6,PA70
04,EDEN,GB,SCO 6,PA71
04,EDEN,GB,SCO 6,PA72
04,EDEN,GB,SCO 6,PA73
04,EDEN,GB,SCO 6,PA74
04,EDEN,GB,SCO 6,PA75
04,EDEN,GB,SCO 6,PA76
04,EDEN,GB,SCO 6,PA77
04,EDEN,GB,SCO 6,PA78
04,EDEN,GB,SCO 1,PH1
04,EDEN,GB,SCO 1,PH2
04,EDEN,GB,SCO 1,PH3
04,EDEN,GB,SCO 1,PH4
04,EDEN,GB,SCO 1,PH5
04,EDEN,GB,SCO 1,PH6
04,EDEN,GB,SCO 1,PH7
04,EDEN,GB,SCO 1,PH8
04,EDEN,GB,SCO 1,PH9
04,EDEN,GB,SCO 1,PH10
04,EDEN,GB,SCO 1,PH11
04,EDEN,GB,SCO 1,PH12
04,EDEN,GB,SCO 1,PH13
04,EDEN,GB,SCO 1,PH14
04,EDEN,GB,SCO 2,PH15
04,EDEN,GB,SCO 2,PH16
04,EDEN,GB,SCO 2,PH17
04,EDEN,GB,SCO 2,PH18
04,EDEN,GB,SCO 5,PH19
04,EDEN,GB,SCO 5,PH20
04,EDEN,GB,SCO 5,PH21
04,EDEN,GB,SCO 5,PH22
04,EDEN,GB,SCO 5,PH23
04,EDEN,GB,SCO 5,PH24
04,EDEN,GB,SCO 5,PH25
04,EDEN,GB,SCO 5,PH26
04,EDEN,GB,SCO 5,PH30
04,EDEN,GB,SCO 5,PH31
04,EDEN,GB,SCO 5,PH32
04,EDEN,GB,SCO 5,PH33
04,EDEN,GB,SCO 5,PH34
04,EDEN,GB,SCO 5,PH35
04,EDEN,GB,SCO 5,PH36
04,EDEN,GB,SCO 5,PH37
04,EDEN,GB,SCO 5,PH38
04,EDEN,GB,SCO 5,PH39
04,EDEN,GB,SCO 5,PH40
04,EDEN,GB,SCO 5,PH41
04,EDEN,GB,SCO 6,PH42
04,EDEN,GB,SCO 6,PH43
04,EDEN,GB,SCO 6,PH44
04,EDEN,GB,SCO 5,PH49
04,EDEN,GB,SCO 5,PH50
04,EDEN,GB,SCO 3,TD1
04,EDEN,GB,SCO 3,TD2
04,EDEN,GB,SCO 3,TD3
04,EDEN,GB,SCO 3,TD4
04,EDEN,GB,SCO 3,TD5
04,EDEN,GB,SCO 3,TD6
04,EDEN,GB,SCO 3,TD7
04,EDEN,GB,SCO 3,TD8
04,EDEN,GB,SCO 3,TD9
04,EDEN,GB,SCO 3,TD10
04,EDEN,GB,SCO 3,TD11
04,EDEN,GB,SCO 3,TD12
04,EDEN,GB,SCO 3,TD13
04,EDEN,GB,SCO 3,TD14
04,EDEN,GB,SCO 3,TD15
04,EDEN,GB,SCO 6,ZE1
04,EDEN,GB,SCO 6,ZE2
04,EDEN,GB,SCO 6,ZE3
