04,JC PEACOCK,GB,ZONE 7,AL1
04,JC PEACOCK,GB,ZONE 7,AL2
04,JC PEACOCK,GB,ZONE 7,AL3
04,JC PEACOCK,GB,ZONE 7,AL4
04,JC PEACOCK,GB,ZONE 7,AL5
04,JC PEACOCK,GB,ZONE 7,AL6
04,JC PEACOCK,GB,ZONE 7,AL7
04,JC PEACOCK,GB,ZONE 7,AL8
04,JC PEACOCK,GB,ZONE 7,AL9
04,JC PEACOCK,GB,ZONE 7,AL10
04,JC PEACOCK,GB,ZONE 2,B1
04,JC PEACOCK,GB,ZONE 2,B2
04,JC PEACOCK,GB,ZONE 2,B3
04,JC PEACOCK,GB,ZONE 2,B4
04,JC PEACOCK,GB,ZONE 2,B5
04,JC PEACOCK,GB,ZONE 2,B6
04,JC PEACOCK,GB,ZONE 2,B7
04,JC PEACOCK,GB,ZONE 2,B8
04,JC PEACOCK,GB,ZONE 2,B9
04,JC PEACOCK,GB,ZONE 2,B10
04,JC PEACOCK,GB,ZONE 2,B11
04,JC PEACOCK,GB,ZONE 2,B12
04,JC PEACOCK,GB,ZONE 2,B13
04,JC PEACOCK,GB,ZONE 2,B14
04,JC PEACOCK,GB,ZONE 2,B15
04,JC PEACOCK,GB,ZONE 2,B16
04,JC PEACOCK,GB,ZONE 2,B17
04,JC PEACOCK,GB,ZONE 2,B18
04,JC PEACOCK,GB,ZONE 2,B19
04,JC PEACOCK,GB,ZONE 2,B20
04,JC PEACOCK,GB,ZONE 2,B21
04,JC PEACOCK,GB,ZONE 2,B23
04,JC PEACOCK,GB,ZONE 2,B24
04,JC PEACOCK,GB,ZONE 2,B25
04,JC PEACOCK,GB,ZONE 2,B26
04,JC PEACOCK,GB,ZONE 2,B27
04,JC PEACOCK,GB,ZONE 2,B28
04,JC PEACOCK,GB,ZONE 2,B29
04,JC PEACOCK,GB,ZONE 2,B30
04,JC PEACOCK,GB,ZONE 2,B31
04,JC PEACOCK,GB,ZONE 2,B32
04,JC PEACOCK,GB,ZONE 2,B33
04,JC PEACOCK,GB,ZONE 2,B34
04,JC PEACOCK,GB,ZONE 2,B35
04,JC PEACOCK,GB,ZONE 2,B36
04,JC PEACOCK,GB,ZONE 2,B37
04,JC PEACOCK,GB,ZONE 2,B38
04,JC PEACOCK,GB,ZONE 2,B40
04,JC PEACOCK,GB,ZONE 2,B42
04,JC PEACOCK,GB,ZONE 2,B43
04,JC PEACOCK,GB,ZONE 2,B44
04,JC PEACOCK,GB,ZONE 2,B45
04,JC PEACOCK,GB,ZONE 2,B46
04,JC PEACOCK,GB,ZONE 2,B47
04,JC PEACOCK,GB,ZONE 2,B48
04,JC PEACOCK,GB,ZONE 2,B49
04,JC PEACOCK,GB,ZONE 2,B50
04,JC PEACOCK,GB,ZONE 2,B60
04,JC PEACOCK,GB,ZONE 2,B61
04,JC PEACOCK,GB,ZONE 2,B62
04,JC PEACOCK,GB,ZONE 2,B63
04,JC PEACOCK,GB,ZONE 2,B64
04,JC PEACOCK,GB,ZONE 2,B65
04,JC PEACOCK,GB,ZONE 2,B66
04,JC PEACOCK,GB,ZONE 2,B67
04,JC PEACOCK,GB,ZONE 2,B68
04,JC PEACOCK,GB,ZONE 2,B69
04,JC PEACOCK,GB,ZONE 2,B70
04,JC PEACOCK,GB,ZONE 2,B71
04,JC PEACOCK,GB,ZONE 2,B72
04,JC PEACOCK,GB,ZONE 2,B73
04,JC PEACOCK,GB,ZONE 2,B74
04,JC PEACOCK,GB,ZONE 2,B75
04,JC PEACOCK,GB,ZONE 2,B76
04,JC PEACOCK,GB,ZONE 2,B77
04,JC PEACOCK,GB,ZONE 2,B78
04,JC PEACOCK,GB,ZONE 2,B79
04,JC PEACOCK,GB,ZONE 2,B80
04,JC PEACOCK,GB,ZONE 2,B90
04,JC PEACOCK,GB,ZONE 2,B91
04,JC PEACOCK,GB,ZONE 2,B92
04,JC PEACOCK,GB,ZONE 2,B93
04,JC PEACOCK,GB,ZONE 2,B94
04,JC PEACOCK,GB,ZONE 2,B95
04,JC PEACOCK,GB,ZONE 2,B96
04,JC PEACOCK,GB,ZONE 2,B97
04,JC PEACOCK,GB,ZONE 2,B98
04,JC PEACOCK,GB,ZONE 2,B99
04,JC PEACOCK,GB,ZONE 4,BA1
04,JC PEACOCK,GB,ZONE 4,BA2
04,JC PEACOCK,GB,ZONE 4,BA3
04,JC PEACOCK,GB,ZONE 4,BA4
04,JC PEACOCK,GB,ZONE 4,BA5
04,JC PEACOCK,GB,ZONE 4,BA6
04,JC PEACOCK,GB,ZONE 4,BA7
04,JC PEACOCK,GB,ZONE 4,BA8
04,JC PEACOCK,GB,ZONE 4,BA9
04,JC PEACOCK,GB,ZONE 4,BA10
04,JC PEACOCK,GB,ZONE 4,BA11
04,JC PEACOCK,GB,ZONE 4,BA12
04,JC PEACOCK,GB,ZONE 4,BA13
04,JC PEACOCK,GB,ZONE 4,BA14
04,JC PEACOCK,GB,ZONE 4,BA15
04,JC PEACOCK,GB,ZONE 4,BA16
04,JC PEACOCK,GB,ZONE 4,BA20
04,JC PEACOCK,GB,ZONE 4,BA21
04,JC PEACOCK,GB,ZONE 4,BA22
04,JC PEACOCK,GB,ZONE 2,BB1
04,JC PEACOCK,GB,ZONE 2,BB2
04,JC PEACOCK,GB,ZONE 2,BB3
04,JC PEACOCK,GB,ZONE 2,BB4
04,JC PEACOCK,GB,ZONE 2,BB5
04,JC PEACOCK,GB,ZONE 2,BB6
04,JC PEACOCK,GB,ZONE 2,BB7
04,JC PEACOCK,GB,ZONE 2,BB8
04,JC PEACOCK,GB,ZONE 2,BB9
04,JC PEACOCK,GB,ZONE 2,BB10
04,JC PEACOCK,GB,ZONE 2,BB11
04,JC PEACOCK,GB,ZONE 2,BB12
04,JC PEACOCK,GB,ZONE 2,BB18
04,JC PEACOCK,GB,ZONE 2,BB94
04,JC PEACOCK,GB,ZONE 2,BD1
04,JC PEACOCK,GB,ZONE 2,BD2
04,JC PEACOCK,GB,ZONE 2,BD3
04,JC PEACOCK,GB,ZONE 2,BD4
04,JC PEACOCK,GB,ZONE 2,BD5
04,JC PEACOCK,GB,ZONE 2,BD6
04,JC PEACOCK,GB,ZONE 2,BD7
04,JC PEACOCK,GB,ZONE 2,BD8
04,JC PEACOCK,GB,ZONE 2,BD9
04,JC PEACOCK,GB,ZONE 2,BD10
04,JC PEACOCK,GB,ZONE 2,BD11
04,JC PEACOCK,GB,ZONE 2,BD12
04,JC PEACOCK,GB,ZONE 2,BD13
04,JC PEACOCK,GB,ZONE 2,BD14
04,JC PEACOCK,GB,ZONE 2,BD15
04,JC PEACOCK,GB,ZONE 2,BD16
04,JC PEACOCK,GB,ZONE 2,BD17
04,JC PEACOCK,GB,ZONE 2,BD18
04,JC PEACOCK,GB,ZONE 2,BD19
04,JC PEACOCK,GB,ZONE 2,BD20
04,JC PEACOCK,GB,ZONE 2,BD21
04,JC PEACOCK,GB,ZONE 2,BD22
04,JC PEACOCK,GB,ZONE 2,BD23
04,JC PEACOCK,GB,ZONE 2,BD24
04,JC PEACOCK,GB,ZONE 2,BD97
04,JC PEACOCK,GB,ZONE 2,BD98
04,JC PEACOCK,GB,ZONE 2,BD99
04,JC PEACOCK,GB,ZONE 9,BH1
04,JC PEACOCK,GB,ZONE 9,BH2
04,JC PEACOCK,GB,ZONE 9,BH3
04,JC PEACOCK,GB,ZONE 9,BH4
04,JC PEACOCK,GB,ZONE 9,BH5
04,JC PEACOCK,GB,ZONE 9,BH6
04,JC PEACOCK,GB,ZONE 9,BH7
04,JC PEACOCK,GB,ZONE 9,BH8
04,JC PEACOCK,GB,ZONE 9,BH9
04,JC PEACOCK,GB,ZONE 9,BH10
04,JC PEACOCK,GB,ZONE 9,BH11
04,JC PEACOCK,GB,ZONE 9,BH12
04,JC PEACOCK,GB,ZONE 9,BH13
04,JC PEACOCK,GB,ZONE 9,BH14
04,JC PEACOCK,GB,ZONE 9,BH15
04,JC PEACOCK,GB,ZONE 9,BH16
04,JC PEACOCK,GB,ZONE 9,BH17
04,JC PEACOCK,GB,ZONE 9,BH18
04,JC PEACOCK,GB,ZONE 9,BH19
04,JC PEACOCK,GB,ZONE 9,BH20
04,JC PEACOCK,GB,ZONE 9,BH21
04,JC PEACOCK,GB,ZONE 9,BH22
04,JC PEACOCK,GB,ZONE 9,BH23
04,JC PEACOCK,GB,ZONE 9,BH24
04,JC PEACOCK,GB,ZONE 9,BH25
04,JC PEACOCK,GB,ZONE 9,BH31
04,JC PEACOCK,GB,ZONE 2,BL0
04,JC PEACOCK,GB,ZONE 2,BL1
04,JC PEACOCK,GB,ZONE 2,BL2
04,JC PEACOCK,GB,ZONE 2,BL3
04,JC PEACOCK,GB,ZONE 2,BL4
04,JC PEACOCK,GB,ZONE 2,BL5
04,JC PEACOCK,GB,ZONE 2,BL6
04,JC PEACOCK,GB,ZONE 2,BL7
04,JC PEACOCK,GB,ZONE 2,BL8
04,JC PEACOCK,GB,ZONE 2,BL9
04,JC PEACOCK,GB,ZONE 2,BL11
04,JC PEACOCK,GB,ZONE 2,BL78
04,JC PEACOCK,GB,ZONE 10,BN1
04,JC PEACOCK,GB,ZONE 10,BN2
04,JC PEACOCK,GB,ZONE 10,BN3
04,JC PEACOCK,GB,ZONE 10,BN5
04,JC PEACOCK,GB,ZONE 10,BN6
04,JC PEACOCK,GB,ZONE 10,BN7
04,JC PEACOCK,GB,ZONE 10,BN8
04,JC PEACOCK,GB,ZONE 10,BN9
04,JC PEACOCK,GB,ZONE 10,BN10
04,JC PEACOCK,GB,ZONE 10,BN11
04,JC PEACOCK,GB,ZONE 10,BN12
04,JC PEACOCK,GB,ZONE 10,BN13
04,JC PEACOCK,GB,ZONE 10,BN14
04,JC PEACOCK,GB,ZONE 10,BN15
04,JC PEACOCK,GB,ZONE 10,BN16
04,JC PEACOCK,GB,ZONE 10,BN17
04,JC PEACOCK,GB,ZONE 10,BN18
04,JC PEACOCK,GB,ZONE 10,BN20
04,JC PEACOCK,GB,ZONE 10,BN21
04,JC PEACOCK,GB,ZONE 10,BN22
04,JC PEACOCK,GB,ZONE 10,BN23
04,JC PEACOCK,GB,ZONE 10,BN24
04,JC PEACOCK,GB,ZONE 10,BN25
04,JC PEACOCK,GB,ZONE 10,BN26
04,JC PEACOCK,GB,ZONE 10,BN27
04,JC PEACOCK,GB,ZONE 10,BN41
04,JC PEACOCK,GB,ZONE 10,BN42
04,JC PEACOCK,GB,ZONE 10,BN43
04,JC PEACOCK,GB,ZONE 10,BN44
04,JC PEACOCK,GB,ZONE 10,BN45
04,JC PEACOCK,GB,ZONE 10,BN50
04,JC PEACOCK,GB,ZONE 10,BN51
04,JC PEACOCK,GB,ZONE 10,BN52
04,JC PEACOCK,GB,ZONE 10,BN88
04,JC PEACOCK,GB,ZONE 10,BN99
04,JC PEACOCK,GB,ZONE 14,BR1
04,JC PEACOCK,GB,ZONE 14,BR2
04,JC PEACOCK,GB,ZONE 14,BR3
04,JC PEACOCK,GB,ZONE 14,BR4
04,JC PEACOCK,GB,ZONE 14,BR5
04,JC PEACOCK,GB,ZONE 14,BR6
04,JC PEACOCK,GB,ZONE 14,BR7
04,JC PEACOCK,GB,ZONE 14,BR8
04,JC PEACOCK,GB,ZONE 2,BS0
04,JC PEACOCK,GB,ZONE 2,BS1
04,JC PEACOCK,GB,ZONE 2,BS2
04,JC PEACOCK,GB,ZONE 2,BS3
04,JC PEACOCK,GB,ZONE 2,BS4
04,JC PEACOCK,GB,ZONE 2,BS5
04,JC PEACOCK,GB,ZONE 2,BS6
04,JC PEACOCK,GB,ZONE 2,BS7
04,JC PEACOCK,GB,ZONE 2,BS8
04,JC PEACOCK,GB,ZONE 2,BS9
04,JC PEACOCK,GB,ZONE 2,BS10
04,JC PEACOCK,GB,ZONE 2,BS11
04,JC PEACOCK,GB,ZONE 2,BS13
04,JC PEACOCK,GB,ZONE 2,BS14
04,JC PEACOCK,GB,ZONE 2,BS15
04,JC PEACOCK,GB,ZONE 2,BS16
04,JC PEACOCK,GB,ZONE 2,BS20
04,JC PEACOCK,GB,ZONE 2,BS21
04,JC PEACOCK,GB,ZONE 2,BS22
04,JC PEACOCK,GB,ZONE 2,BS23
04,JC PEACOCK,GB,ZONE 2,BS24
04,JC PEACOCK,GB,ZONE 2,BS25
04,JC PEACOCK,GB,ZONE 2,BS26
04,JC PEACOCK,GB,ZONE 2,BS27
04,JC PEACOCK,GB,ZONE 2,BS28
04,JC PEACOCK,GB,ZONE 2,BS29
04,JC PEACOCK,GB,ZONE 2,BS30
04,JC PEACOCK,GB,ZONE 2,BS31
04,JC PEACOCK,GB,ZONE 2,BS32
04,JC PEACOCK,GB,ZONE 2,BS34
04,JC PEACOCK,GB,ZONE 2,BS35
04,JC PEACOCK,GB,ZONE 2,BS36
04,JC PEACOCK,GB,ZONE 2,BS37
04,JC PEACOCK,GB,ZONE 2,BS39
04,JC PEACOCK,GB,ZONE 2,BS40
04,JC PEACOCK,GB,ZONE 2,BS41
04,JC PEACOCK,GB,ZONE 2,BS48
04,JC PEACOCK,GB,ZONE 2,BS49
04,JC PEACOCK,GB,ZONE 2,BS80
04,JC PEACOCK,GB,ZONE 2,BS98
04,JC PEACOCK,GB,ZONE 2,BS99
04,JC PEACOCK,GB,ZONE 19,CA1
04,JC PEACOCK,GB,ZONE 19,CA2
04,JC PEACOCK,GB,ZONE 19,CA3
04,JC PEACOCK,GB,ZONE 19,CA4
04,JC PEACOCK,GB,ZONE 19,CA5
04,JC PEACOCK,GB,ZONE 19,CA6
04,JC PEACOCK,GB,ZONE 19,CA7
04,JC PEACOCK,GB,ZONE 19,CA8
04,JC PEACOCK,GB,ZONE 19,CA9
04,JC PEACOCK,GB,ZONE 19,CA10
04,JC PEACOCK,GB,ZONE 19,CA11
04,JC PEACOCK,GB,ZONE 19,CA12
04,JC PEACOCK,GB,ZONE 19,CA13
04,JC PEACOCK,GB,ZONE 19,CA14
04,JC PEACOCK,GB,ZONE 19,CA15
04,JC PEACOCK,GB,ZONE 19,CA16
04,JC PEACOCK,GB,ZONE 19,CA17
04,JC PEACOCK,GB,ZONE 19,CA18
04,JC PEACOCK,GB,ZONE 19,CA19
04,JC PEACOCK,GB,ZONE 19,CA20
04,JC PEACOCK,GB,ZONE 19,CA21
04,JC PEACOCK,GB,ZONE 19,CA22
04,JC PEACOCK,GB,ZONE 19,CA23
04,JC PEACOCK,GB,ZONE 19,CA24
04,JC PEACOCK,GB,ZONE 19,CA25
04,JC PEACOCK,GB,ZONE 19,CA26
04,JC PEACOCK,GB,ZONE 19,CA27
04,JC PEACOCK,GB,ZONE 19,CA28
04,JC PEACOCK,GB,ZONE 19,CA95
04,JC PEACOCK,GB,ZONE 19,CA99
04,JC PEACOCK,GB,ZONE 2,CB1
04,JC PEACOCK,GB,ZONE 2,CB2
04,JC PEACOCK,GB,ZONE 2,CB3
04,JC PEACOCK,GB,ZONE 2,CB4
04,JC PEACOCK,GB,ZONE 2,CB5
04,JC PEACOCK,GB,ZONE 2,CB6
04,JC PEACOCK,GB,ZONE 2,CB7
04,JC PEACOCK,GB,ZONE 2,CB8
04,JC PEACOCK,GB,ZONE 2,CB9
04,JC PEACOCK,GB,ZONE 2,CB10
04,JC PEACOCK,GB,ZONE 2,CB11
04,JC PEACOCK,GB,ZONE 2,CB21
04,JC PEACOCK,GB,ZONE 2,CB22
04,JC PEACOCK,GB,ZONE 2,CB23
04,JC PEACOCK,GB,ZONE 2,CB24
04,JC PEACOCK,GB,ZONE 2,CB25
04,JC PEACOCK,GB,ZONE 16,CF3
04,JC PEACOCK,GB,ZONE 16,CF5
04,JC PEACOCK,GB,ZONE 16,CF10
04,JC PEACOCK,GB,ZONE 16,CF11
04,JC PEACOCK,GB,ZONE 16,CF14
04,JC PEACOCK,GB,ZONE 16,CF15
04,JC PEACOCK,GB,ZONE 16,CF23
04,JC PEACOCK,GB,ZONE 16,CF24
04,JC PEACOCK,GB,ZONE 16,CF31
04,JC PEACOCK,GB,ZONE 16,CF32
04,JC PEACOCK,GB,ZONE 16,CF33
04,JC PEACOCK,GB,ZONE 16,CF34
04,JC PEACOCK,GB,ZONE 16,CF35
04,JC PEACOCK,GB,ZONE 16,CF36
04,JC PEACOCK,GB,ZONE 16,CF37
04,JC PEACOCK,GB,ZONE 16,CF38
04,JC PEACOCK,GB,ZONE 16,CF39
04,JC PEACOCK,GB,ZONE 16,CF40
04,JC PEACOCK,GB,ZONE 16,CF41
04,JC PEACOCK,GB,ZONE 16,CF42
04,JC PEACOCK,GB,ZONE 16,CF43
04,JC PEACOCK,GB,ZONE 16,CF44
04,JC PEACOCK,GB,ZONE 16,CF45
04,JC PEACOCK,GB,ZONE 16,CF46
04,JC PEACOCK,GB,ZONE 16,CF47
04,JC PEACOCK,GB,ZONE 16,CF48
04,JC PEACOCK,GB,ZONE 16,CF61
04,JC PEACOCK,GB,ZONE 16,CF62
04,JC PEACOCK,GB,ZONE 16,CF63
04,JC PEACOCK,GB,ZONE 16,CF64
04,JC PEACOCK,GB,ZONE 16,CF71
04,JC PEACOCK,GB,ZONE 16,CF72
04,JC PEACOCK,GB,ZONE 16,CF81
04,JC PEACOCK,GB,ZONE 16,CF82
04,JC PEACOCK,GB,ZONE 16,CF83
04,JC PEACOCK,GB,ZONE 16,CF91
04,JC PEACOCK,GB,ZONE 16,CF95
04,JC PEACOCK,GB,ZONE 16,CF99
04,JC PEACOCK,GB,ZONE 2,CH1
04,JC PEACOCK,GB,ZONE 2,CH2
04,JC PEACOCK,GB,ZONE 2,CH3
04,JC PEACOCK,GB,ZONE 2,CH4
04,JC PEACOCK,GB,ZONE 2,CH5
04,JC PEACOCK,GB,ZONE 2,CH6
04,JC PEACOCK,GB,ZONE 2,CH7
04,JC PEACOCK,GB,ZONE 2,CH8
04,JC PEACOCK,GB,ZONE 2,CH25
04,JC PEACOCK,GB,ZONE 2,CH26
04,JC PEACOCK,GB,ZONE 2,CH27
04,JC PEACOCK,GB,ZONE 2,CH28
04,JC PEACOCK,GB,ZONE 2,CH29
04,JC PEACOCK,GB,ZONE 2,CH30
04,JC PEACOCK,GB,ZONE 2,CH31
04,JC PEACOCK,GB,ZONE 2,CH32
04,JC PEACOCK,GB,ZONE 2,CH33
04,JC PEACOCK,GB,ZONE 2,CH34
04,JC PEACOCK,GB,ZONE 2,CH41
04,JC PEACOCK,GB,ZONE 2,CH42
04,JC PEACOCK,GB,ZONE 2,CH43
04,JC PEACOCK,GB,ZONE 2,CH44
04,JC PEACOCK,GB,ZONE 2,CH45
04,JC PEACOCK,GB,ZONE 2,CH46
04,JC PEACOCK,GB,ZONE 2,CH47
04,JC PEACOCK,GB,ZONE 2,CH48
04,JC PEACOCK,GB,ZONE 2,CH49
04,JC PEACOCK,GB,ZONE 2,CH60
04,JC PEACOCK,GB,ZONE 2,CH61
04,JC PEACOCK,GB,ZONE 2,CH62
04,JC PEACOCK,GB,ZONE 2,CH63
04,JC PEACOCK,GB,ZONE 2,CH64
04,JC PEACOCK,GB,ZONE 2,CH65
04,JC PEACOCK,GB,ZONE 2,CH66
04,JC PEACOCK,GB,ZONE 2,CH70
04,JC PEACOCK,GB,ZONE 2,CH88
04,JC PEACOCK,GB,ZONE 2,CH99
04,JC PEACOCK,GB,ZONE 9,CM0
04,JC PEACOCK,GB,ZONE 9,CM1
04,JC PEACOCK,GB,ZONE 9,CM2
04,JC PEACOCK,GB,ZONE 9,CM3
04,JC PEACOCK,GB,ZONE 9,CM4
04,JC PEACOCK,GB,ZONE 9,CM5
04,JC PEACOCK,GB,ZONE 9,CM6
04,JC PEACOCK,GB,ZONE 9,CM7
04,JC PEACOCK,GB,ZONE 9,CM8
04,JC PEACOCK,GB,ZONE 9,CM9
04,JC PEACOCK,GB,ZONE 9,CM11
04,JC PEACOCK,GB,ZONE 9,CM12
04,JC PEACOCK,GB,ZONE 9,CM13
04,JC PEACOCK,GB,ZONE 9,CM14
04,JC PEACOCK,GB,ZONE 9,CM15
04,JC PEACOCK,GB,ZONE 9,CM16
04,JC PEACOCK,GB,ZONE 9,CM17
04,JC PEACOCK,GB,ZONE 9,CM18
04,JC PEACOCK,GB,ZONE 9,CM19
04,JC PEACOCK,GB,ZONE 9,CM20
04,JC PEACOCK,GB,ZONE 9,CM21
04,JC PEACOCK,GB,ZONE 9,CM22
04,JC PEACOCK,GB,ZONE 9,CM23
04,JC PEACOCK,GB,ZONE 9,CM24
04,JC PEACOCK,GB,ZONE 9,CM77
04,JC PEACOCK,GB,ZONE 9,CM98
04,JC PEACOCK,GB,ZONE 9,CM99
04,JC PEACOCK,GB,ZONE 9,CO1
04,JC PEACOCK,GB,ZONE 9,CO2
04,JC PEACOCK,GB,ZONE 9,CO3
04,JC PEACOCK,GB,ZONE 9,CO4
04,JC PEACOCK,GB,ZONE 9,CO5
04,JC PEACOCK,GB,ZONE 9,CO6
04,JC PEACOCK,GB,ZONE 9,CO7
04,JC PEACOCK,GB,ZONE 9,CO8
04,JC PEACOCK,GB,ZONE 9,CO9
04,JC PEACOCK,GB,ZONE 9,CO10
04,JC PEACOCK,GB,ZONE 9,CO11
04,JC PEACOCK,GB,ZONE 9,CO12
04,JC PEACOCK,GB,ZONE 9,CO13
04,JC PEACOCK,GB,ZONE 9,CO14
04,JC PEACOCK,GB,ZONE 9,CO15
04,JC PEACOCK,GB,ZONE 9,CO16
04,JC PEACOCK,GB,ZONE 14,CR0
04,JC PEACOCK,GB,ZONE 14,CR2
04,JC PEACOCK,GB,ZONE 14,CR3
04,JC PEACOCK,GB,ZONE 14,CR4
04,JC PEACOCK,GB,ZONE 14,CR5
04,JC PEACOCK,GB,ZONE 14,CR6
04,JC PEACOCK,GB,ZONE 14,CR7
04,JC PEACOCK,GB,ZONE 14,CR8
04,JC PEACOCK,GB,ZONE 14,CR9
04,JC PEACOCK,GB,ZONE 14,CR44
04,JC PEACOCK,GB,ZONE 16,CT1
04,JC PEACOCK,GB,ZONE 16,CT2
04,JC PEACOCK,GB,ZONE 16,CT3
04,JC PEACOCK,GB,ZONE 16,CT4
04,JC PEACOCK,GB,ZONE 16,CT5
04,JC PEACOCK,GB,ZONE 16,CT6
04,JC PEACOCK,GB,ZONE 16,CT7
04,JC PEACOCK,GB,ZONE 16,CT8
04,JC PEACOCK,GB,ZONE 16,CT9
04,JC PEACOCK,GB,ZONE 16,CT10
04,JC PEACOCK,GB,ZONE 16,CT11
04,JC PEACOCK,GB,ZONE 16,CT12
04,JC PEACOCK,GB,ZONE 16,CT13
04,JC PEACOCK,GB,ZONE 16,CT14
04,JC PEACOCK,GB,ZONE 16,CT15
04,JC PEACOCK,GB,ZONE 16,CT16
04,JC PEACOCK,GB,ZONE 16,CT17
04,JC PEACOCK,GB,ZONE 16,CT18
04,JC PEACOCK,GB,ZONE 16,CT19
04,JC PEACOCK,GB,ZONE 16,CT20
04,JC PEACOCK,GB,ZONE 16,CT21
04,JC PEACOCK,GB,ZONE 16,CT50
04,JC PEACOCK,GB,ZONE 2,CV1
04,JC PEACOCK,GB,ZONE 2,CV2
04,JC PEACOCK,GB,ZONE 2,CV3
04,JC PEACOCK,GB,ZONE 2,CV4
04,JC PEACOCK,GB,ZONE 2,CV5
04,JC PEACOCK,GB,ZONE 2,CV6
04,JC PEACOCK,GB,ZONE 2,CV7
04,JC PEACOCK,GB,ZONE 2,CV8
04,JC PEACOCK,GB,ZONE 2,CV9
04,JC PEACOCK,GB,ZONE 2,CV10
04,JC PEACOCK,GB,ZONE 2,CV11
04,JC PEACOCK,GB,ZONE 2,CV12
04,JC PEACOCK,GB,ZONE 2,CV13
04,JC PEACOCK,GB,ZONE 2,CV21
04,JC PEACOCK,GB,ZONE 2,CV22
04,JC PEACOCK,GB,ZONE 2,CV23
04,JC PEACOCK,GB,ZONE 2,CV31
04,JC PEACOCK,GB,ZONE 2,CV32
04,JC PEACOCK,GB,ZONE 2,CV33
04,JC PEACOCK,GB,ZONE 2,CV34
04,JC PEACOCK,GB,ZONE 2,CV35
04,JC PEACOCK,GB,ZONE 2,CV36
04,JC PEACOCK,GB,ZONE 2,CV37
04,JC PEACOCK,GB,ZONE 2,CV47
04,JC PEACOCK,GB,ZONE 2,CW1
04,JC PEACOCK,GB,ZONE 2,CW2
04,JC PEACOCK,GB,ZONE 2,CW3
04,JC PEACOCK,GB,ZONE 2,CW4
04,JC PEACOCK,GB,ZONE 2,CW5
04,JC PEACOCK,GB,ZONE 2,CW6
04,JC PEACOCK,GB,ZONE 2,CW7
04,JC PEACOCK,GB,ZONE 2,CW8
04,JC PEACOCK,GB,ZONE 2,CW9
04,JC PEACOCK,GB,ZONE 2,CW10
04,JC PEACOCK,GB,ZONE 2,CW11
04,JC PEACOCK,GB,ZONE 2,CW12
04,JC PEACOCK,GB,ZONE 2,CW98
04,JC PEACOCK,GB,ZONE 7,DA1
04,JC PEACOCK,GB,ZONE 7,DA2
04,JC PEACOCK,GB,ZONE 7,DA3
04,JC PEACOCK,GB,ZONE 7,DA4
04,JC PEACOCK,GB,ZONE 7,DA5
04,JC PEACOCK,GB,ZONE 7,DA6
04,JC PEACOCK,GB,ZONE 7,DA7
04,JC PEACOCK,GB,ZONE 7,DA8
04,JC PEACOCK,GB,ZONE 7,DA9
04,JC PEACOCK,GB,ZONE 7,DA10
04,JC PEACOCK,GB,ZONE 7,DA11
04,JC PEACOCK,GB,ZONE 7,DA12
04,JC PEACOCK,GB,ZONE 7,DA13
04,JC PEACOCK,GB,ZONE 7,DA14
04,JC PEACOCK,GB,ZONE 7,DA15
04,JC PEACOCK,GB,ZONE 7,DA16
04,JC PEACOCK,GB,ZONE 7,DA17
04,JC PEACOCK,GB,ZONE 7,DA18
04,JC PEACOCK,GB,ZONE 2,DE1
04,JC PEACOCK,GB,ZONE 2,DE3
04,JC PEACOCK,GB,ZONE 2,DE4
04,JC PEACOCK,GB,ZONE 2,DE5
04,JC PEACOCK,GB,ZONE 2,DE6
04,JC PEACOCK,GB,ZONE 2,DE7
04,JC PEACOCK,GB,ZONE 2,DE11
04,JC PEACOCK,GB,ZONE 2,DE12
04,JC PEACOCK,GB,ZONE 2,DE13
04,JC PEACOCK,GB,ZONE 2,DE14
04,JC PEACOCK,GB,ZONE 2,DE15
04,JC PEACOCK,GB,ZONE 2,DE21
04,JC PEACOCK,GB,ZONE 2,DE22
04,JC PEACOCK,GB,ZONE 2,DE23
04,JC PEACOCK,GB,ZONE 2,DE24
04,JC PEACOCK,GB,ZONE 2,DE45
04,JC PEACOCK,GB,ZONE 2,DE55
04,JC PEACOCK,GB,ZONE 2,DE56
04,JC PEACOCK,GB,ZONE 2,DE65
04,JC PEACOCK,GB,ZONE 2,DE72
04,JC PEACOCK,GB,ZONE 2,DE73
04,JC PEACOCK,GB,ZONE 2,DE74
04,JC PEACOCK,GB,ZONE 2,DE75
04,JC PEACOCK,GB,ZONE 2,DE99
04,JC PEACOCK,GB,ZONE 11,DH1
04,JC PEACOCK,GB,ZONE 11,DH2
04,JC PEACOCK,GB,ZONE 11,DH3
04,JC PEACOCK,GB,ZONE 11,DH4
04,JC PEACOCK,GB,ZONE 11,DH5
04,JC PEACOCK,GB,ZONE 11,DH6
04,JC PEACOCK,GB,ZONE 11,DH7
04,JC PEACOCK,GB,ZONE 11,DH8
04,JC PEACOCK,GB,ZONE 11,DH9
04,JC PEACOCK,GB,ZONE 11,DH97
04,JC PEACOCK,GB,ZONE 11,DH98
04,JC PEACOCK,GB,ZONE 11,DH99
04,JC PEACOCK,GB,ZONE 14,DL1
04,JC PEACOCK,GB,ZONE 14,DL2
04,JC PEACOCK,GB,ZONE 14,DL3
04,JC PEACOCK,GB,ZONE 14,DL4
04,JC PEACOCK,GB,ZONE 14,DL5
04,JC PEACOCK,GB,ZONE 14,DL6
04,JC PEACOCK,GB,ZONE 14,DL7
04,JC PEACOCK,GB,ZONE 14,DL8
04,JC PEACOCK,GB,ZONE 14,DL9
04,JC PEACOCK,GB,ZONE 14,DL10
04,JC PEACOCK,GB,ZONE 14,DL11
04,JC PEACOCK,GB,ZONE 14,DL12
04,JC PEACOCK,GB,ZONE 14,DL13
04,JC PEACOCK,GB,ZONE 14,DL14
04,JC PEACOCK,GB,ZONE 14,DL15
04,JC PEACOCK,GB,ZONE 14,DL16
04,JC PEACOCK,GB,ZONE 14,DL17
04,JC PEACOCK,GB,ZONE 2,DN1
04,JC PEACOCK,GB,ZONE 2,DN2
04,JC PEACOCK,GB,ZONE 2,DN3
04,JC PEACOCK,GB,ZONE 2,DN4
04,JC PEACOCK,GB,ZONE 2,DN5
04,JC PEACOCK,GB,ZONE 2,DN6
04,JC PEACOCK,GB,ZONE 2,DN7
04,JC PEACOCK,GB,ZONE 2,DN8
04,JC PEACOCK,GB,ZONE 2,DN9
04,JC PEACOCK,GB,ZONE 2,DN10
04,JC PEACOCK,GB,ZONE 2,DN11
04,JC PEACOCK,GB,ZONE 2,DN12
04,JC PEACOCK,GB,ZONE 2,DN14
04,JC PEACOCK,GB,ZONE 2,DN15
04,JC PEACOCK,GB,ZONE 2,DN16
04,JC PEACOCK,GB,ZONE 2,DN17
04,JC PEACOCK,GB,ZONE 2,DN18
04,JC PEACOCK,GB,ZONE 2,DN19
04,JC PEACOCK,GB,ZONE 2,DN20
04,JC PEACOCK,GB,ZONE 2,DN21
04,JC PEACOCK,GB,ZONE 2,DN22
04,JC PEACOCK,GB,ZONE 2,DN31
04,JC PEACOCK,GB,ZONE 2,DN32
04,JC PEACOCK,GB,ZONE 2,DN33
04,JC PEACOCK,GB,ZONE 2,DN34
04,JC PEACOCK,GB,ZONE 2,DN35
04,JC PEACOCK,GB,ZONE 2,DN36
04,JC PEACOCK,GB,ZONE 2,DN37
04,JC PEACOCK,GB,ZONE 2,DN38
04,JC PEACOCK,GB,ZONE 2,DN39
04,JC PEACOCK,GB,ZONE 2,DN40
04,JC PEACOCK,GB,ZONE 2,DN41
04,JC PEACOCK,GB,ZONE 2,DN55
04,JC PEACOCK,GB,ZONE 19,DT1
04,JC PEACOCK,GB,ZONE 19,DT2
04,JC PEACOCK,GB,ZONE 19,DT3
04,JC PEACOCK,GB,ZONE 19,DT4
04,JC PEACOCK,GB,ZONE 19,DT5
04,JC PEACOCK,GB,ZONE 19,DT6
04,JC PEACOCK,GB,ZONE 19,DT7
04,JC PEACOCK,GB,ZONE 19,DT8
04,JC PEACOCK,GB,ZONE 19,DT9
04,JC PEACOCK,GB,ZONE 19,DT10
04,JC PEACOCK,GB,ZONE 19,DT11
04,JC PEACOCK,GB,ZONE 2,DY1
04,JC PEACOCK,GB,ZONE 2,DY2
04,JC PEACOCK,GB,ZONE 2,DY3
04,JC PEACOCK,GB,ZONE 2,DY4
04,JC PEACOCK,GB,ZONE 2,DY5
04,JC PEACOCK,GB,ZONE 2,DY6
04,JC PEACOCK,GB,ZONE 2,DY7
04,JC PEACOCK,GB,ZONE 2,DY8
04,JC PEACOCK,GB,ZONE 2,DY9
04,JC PEACOCK,GB,ZONE 2,DY10
04,JC PEACOCK,GB,ZONE 2,DY11
04,JC PEACOCK,GB,ZONE 2,DY12
04,JC PEACOCK,GB,ZONE 2,DY13
04,JC PEACOCK,GB,ZONE 2,DY14
04,JC PEACOCK,GB,ZONE 13,E10
04,JC PEACOCK,GB,ZONE 13,E20
04,JC PEACOCK,GB,ZONE 13,E1
04,JC PEACOCK,GB,ZONE 13,E11
04,JC PEACOCK,GB,ZONE 13,E12
04,JC PEACOCK,GB,ZONE 13,E2
04,JC PEACOCK,GB,ZONE 13,E13
04,JC PEACOCK,GB,ZONE 13,E3
04,JC PEACOCK,GB,ZONE 13,E14
04,JC PEACOCK,GB,ZONE 13,E4
04,JC PEACOCK,GB,ZONE 13,E15
04,JC PEACOCK,GB,ZONE 13,E5
04,JC PEACOCK,GB,ZONE 13,E16
04,JC PEACOCK,GB,ZONE 13,E6
04,JC PEACOCK,GB,ZONE 13,E17
04,JC PEACOCK,GB,ZONE 13,E7
04,JC PEACOCK,GB,ZONE 13,E77
04,JC PEACOCK,GB,ZONE 13,E18
04,JC PEACOCK,GB,ZONE 13,E8
04,JC PEACOCK,GB,ZONE 13,E98
04,JC PEACOCK,GB,ZONE 13,E9
04,JC PEACOCK,GB,ZONE 13,E1W
04,JC PEACOCK,GB,ZONE 13,EC1A
04,JC PEACOCK,GB,ZONE 13,EC1M
04,JC PEACOCK,GB,ZONE 13,EC1N
04,JC PEACOCK,GB,ZONE 13,EC1P
04,JC PEACOCK,GB,ZONE 13,EC1R
04,JC PEACOCK,GB,ZONE 13,EC1V
04,JC PEACOCK,GB,ZONE 13,EC1Y
04,JC PEACOCK,GB,ZONE 13,EC2A
04,JC PEACOCK,GB,ZONE 13,EC2M
04,JC PEACOCK,GB,ZONE 13,EC2N
04,JC PEACOCK,GB,ZONE 13,EC2P
04,JC PEACOCK,GB,ZONE 13,EC2R
04,JC PEACOCK,GB,ZONE 13,EC2V
04,JC PEACOCK,GB,ZONE 13,EC2Y
04,JC PEACOCK,GB,ZONE 13,EC3A
04,JC PEACOCK,GB,ZONE 13,EC3M
04,JC PEACOCK,GB,ZONE 13,EC3N
04,JC PEACOCK,GB,ZONE 13,EC3P
04,JC PEACOCK,GB,ZONE 13,EC3R
04,JC PEACOCK,GB,ZONE 13,EC3V
04,JC PEACOCK,GB,ZONE 13,EC4A
04,JC PEACOCK,GB,ZONE 13,EC4M
04,JC PEACOCK,GB,ZONE 13,EC4N
04,JC PEACOCK,GB,ZONE 13,EC4P
04,JC PEACOCK,GB,ZONE 13,EC4R
04,JC PEACOCK,GB,ZONE 13,EC4V
04,JC PEACOCK,GB,ZONE 13,EC4Y
04,JC PEACOCK,GB,ZONE 13,EC50
04,JC PEACOCK,GB,ZONE 7,EN1
04,JC PEACOCK,GB,ZONE 7,EN2
04,JC PEACOCK,GB,ZONE 7,EN3
04,JC PEACOCK,GB,ZONE 7,EN4
04,JC PEACOCK,GB,ZONE 7,EN5
04,JC PEACOCK,GB,ZONE 7,EN6
04,JC PEACOCK,GB,ZONE 7,EN7
04,JC PEACOCK,GB,ZONE 7,EN8
04,JC PEACOCK,GB,ZONE 7,EN9
04,JC PEACOCK,GB,ZONE 7,EN10
04,JC PEACOCK,GB,ZONE 7,EN11
04,JC PEACOCK,GB,ZONE 18,EX1
04,JC PEACOCK,GB,ZONE 18,EX2
04,JC PEACOCK,GB,ZONE 18,EX3
04,JC PEACOCK,GB,ZONE 18,EX4
04,JC PEACOCK,GB,ZONE 18,EX5
04,JC PEACOCK,GB,ZONE 18,EX6
04,JC PEACOCK,GB,ZONE 18,EX7
04,JC PEACOCK,GB,ZONE 18,EX8
04,JC PEACOCK,GB,ZONE 18,EX9
04,JC PEACOCK,GB,ZONE 18,EX10
04,JC PEACOCK,GB,ZONE 18,EX11
04,JC PEACOCK,GB,ZONE 18,EX12
04,JC PEACOCK,GB,ZONE 18,EX13
04,JC PEACOCK,GB,ZONE 18,EX14
04,JC PEACOCK,GB,ZONE 18,EX15
04,JC PEACOCK,GB,ZONE 18,EX16
04,JC PEACOCK,GB,ZONE 18,EX17
04,JC PEACOCK,GB,ZONE 18,EX18
04,JC PEACOCK,GB,ZONE 18,EX19
04,JC PEACOCK,GB,ZONE 18,EX20
04,JC PEACOCK,GB,ZONE 18,EX21
04,JC PEACOCK,GB,ZONE 18,EX22
04,JC PEACOCK,GB,ZONE 18,EX23
04,JC PEACOCK,GB,ZONE 18,EX24
04,JC PEACOCK,GB,ZONE 18,EX31
04,JC PEACOCK,GB,ZONE 18,EX32
04,JC PEACOCK,GB,ZONE 18,EX33
04,JC PEACOCK,GB,ZONE 18,EX34
04,JC PEACOCK,GB,ZONE 18,EX35
04,JC PEACOCK,GB,ZONE 18,EX36
04,JC PEACOCK,GB,ZONE 18,EX37
04,JC PEACOCK,GB,ZONE 18,EX38
04,JC PEACOCK,GB,ZONE 18,EX39
04,JC PEACOCK,GB,ZONE 11,FY0
04,JC PEACOCK,GB,ZONE 11,FY1
04,JC PEACOCK,GB,ZONE 11,FY2
04,JC PEACOCK,GB,ZONE 11,FY3
04,JC PEACOCK,GB,ZONE 11,FY4
04,JC PEACOCK,GB,ZONE 11,FY5
04,JC PEACOCK,GB,ZONE 11,FY6
04,JC PEACOCK,GB,ZONE 11,FY7
04,JC PEACOCK,GB,ZONE 11,FY8
04,JC PEACOCK,GB,ZONE 2,GL1
04,JC PEACOCK,GB,ZONE 2,GL2
04,JC PEACOCK,GB,ZONE 2,GL3
04,JC PEACOCK,GB,ZONE 2,GL4
04,JC PEACOCK,GB,ZONE 2,GL5
04,JC PEACOCK,GB,ZONE 2,GL6
04,JC PEACOCK,GB,ZONE 2,GL7
04,JC PEACOCK,GB,ZONE 2,GL8
04,JC PEACOCK,GB,ZONE 2,GL9
04,JC PEACOCK,GB,ZONE 2,GL10
04,JC PEACOCK,GB,ZONE 2,GL11
04,JC PEACOCK,GB,ZONE 2,GL12
04,JC PEACOCK,GB,ZONE 2,GL13
04,JC PEACOCK,GB,ZONE 2,GL14
04,JC PEACOCK,GB,ZONE 2,GL15
04,JC PEACOCK,GB,ZONE 2,GL16
04,JC PEACOCK,GB,ZONE 2,GL17
04,JC PEACOCK,GB,ZONE 2,GL18
04,JC PEACOCK,GB,ZONE 2,GL19
04,JC PEACOCK,GB,ZONE 2,GL20
04,JC PEACOCK,GB,ZONE 2,GL50
04,JC PEACOCK,GB,ZONE 2,GL51
04,JC PEACOCK,GB,ZONE 2,GL52
04,JC PEACOCK,GB,ZONE 2,GL53
04,JC PEACOCK,GB,ZONE 2,GL54
04,JC PEACOCK,GB,ZONE 2,GL55
04,JC PEACOCK,GB,ZONE 2,GL56
04,JC PEACOCK,GB,ZONE 18,GU1
04,JC PEACOCK,GB,ZONE 18,GU2
04,JC PEACOCK,GB,ZONE 18,GU3
04,JC PEACOCK,GB,ZONE 18,GU4
04,JC PEACOCK,GB,ZONE 18,GU5
04,JC PEACOCK,GB,ZONE 18,GU6
04,JC PEACOCK,GB,ZONE 18,GU7
04,JC PEACOCK,GB,ZONE 18,GU8
04,JC PEACOCK,GB,ZONE 18,GU9
04,JC PEACOCK,GB,ZONE 18,GU10
04,JC PEACOCK,GB,ZONE 18,GU11
04,JC PEACOCK,GB,ZONE 18,GU12
04,JC PEACOCK,GB,ZONE 18,GU14
04,JC PEACOCK,GB,ZONE 18,GU15
04,JC PEACOCK,GB,ZONE 18,GU16
04,JC PEACOCK,GB,ZONE 18,GU17
04,JC PEACOCK,GB,ZONE 18,GU18
04,JC PEACOCK,GB,ZONE 18,GU19
04,JC PEACOCK,GB,ZONE 18,GU20
04,JC PEACOCK,GB,ZONE 18,GU21
04,JC PEACOCK,GB,ZONE 18,GU22
04,JC PEACOCK,GB,ZONE 18,GU23
04,JC PEACOCK,GB,ZONE 18,GU24
04,JC PEACOCK,GB,ZONE 18,GU25
04,JC PEACOCK,GB,ZONE 18,GU26
04,JC PEACOCK,GB,ZONE 18,GU27
04,JC PEACOCK,GB,ZONE 18,GU28
04,JC PEACOCK,GB,ZONE 18,GU29
04,JC PEACOCK,GB,ZONE 18,GU30
04,JC PEACOCK,GB,ZONE 18,GU31
04,JC PEACOCK,GB,ZONE 18,GU32
04,JC PEACOCK,GB,ZONE 18,GU33
04,JC PEACOCK,GB,ZONE 18,GU34
04,JC PEACOCK,GB,ZONE 18,GU35
04,JC PEACOCK,GB,ZONE 18,GU46
04,JC PEACOCK,GB,ZONE 18,GU47
04,JC PEACOCK,GB,ZONE 18,GU51
04,JC PEACOCK,GB,ZONE 18,GU52
04,JC PEACOCK,GB,ZONE 18,GU95
04,JC PEACOCK,GB,ZONE 7,HA0
04,JC PEACOCK,GB,ZONE 7,HA1
04,JC PEACOCK,GB,ZONE 7,HA2
04,JC PEACOCK,GB,ZONE 7,HA3
04,JC PEACOCK,GB,ZONE 7,HA4
04,JC PEACOCK,GB,ZONE 7,HA5
04,JC PEACOCK,GB,ZONE 7,HA6
04,JC PEACOCK,GB,ZONE 7,HA7
04,JC PEACOCK,GB,ZONE 7,HA8
04,JC PEACOCK,GB,ZONE 7,HA9
04,JC PEACOCK,GB,ZONE 2,HD1
04,JC PEACOCK,GB,ZONE 2,HD2
04,JC PEACOCK,GB,ZONE 2,HD3
04,JC PEACOCK,GB,ZONE 2,HD4
04,JC PEACOCK,GB,ZONE 2,HD5
04,JC PEACOCK,GB,ZONE 2,HD6
04,JC PEACOCK,GB,ZONE 2,HD7
04,JC PEACOCK,GB,ZONE 2,HD8
04,JC PEACOCK,GB,ZONE 2,HD9
04,JC PEACOCK,GB,ZONE 2,HG1
04,JC PEACOCK,GB,ZONE 2,HG2
04,JC PEACOCK,GB,ZONE 2,HG3
04,JC PEACOCK,GB,ZONE 2,HG4
04,JC PEACOCK,GB,ZONE 2,HG5
04,JC PEACOCK,GB,ZONE 2,HP1
04,JC PEACOCK,GB,ZONE 2,HP2
04,JC PEACOCK,GB,ZONE 2,HP3
04,JC PEACOCK,GB,ZONE 2,HP4
04,JC PEACOCK,GB,ZONE 2,HP5
04,JC PEACOCK,GB,ZONE 2,HP6
04,JC PEACOCK,GB,ZONE 2,HP7
04,JC PEACOCK,GB,ZONE 2,HP8
04,JC PEACOCK,GB,ZONE 2,HP9
04,JC PEACOCK,GB,ZONE 2,HP10
04,JC PEACOCK,GB,ZONE 2,HP11
04,JC PEACOCK,GB,ZONE 2,HP12
04,JC PEACOCK,GB,ZONE 2,HP13
04,JC PEACOCK,GB,ZONE 2,HP14
04,JC PEACOCK,GB,ZONE 2,HP15
04,JC PEACOCK,GB,ZONE 2,HP16
04,JC PEACOCK,GB,ZONE 2,HP17
04,JC PEACOCK,GB,ZONE 2,HP18
04,JC PEACOCK,GB,ZONE 2,HP19
04,JC PEACOCK,GB,ZONE 2,HP20
04,JC PEACOCK,GB,ZONE 2,HP21
04,JC PEACOCK,GB,ZONE 2,HP22
04,JC PEACOCK,GB,ZONE 2,HP23
04,JC PEACOCK,GB,ZONE 2,HP27
04,JC PEACOCK,GB,ZONE 11,HR1
04,JC PEACOCK,GB,ZONE 11,HR2
04,JC PEACOCK,GB,ZONE 11,HR3
04,JC PEACOCK,GB,ZONE 11,HR4
04,JC PEACOCK,GB,ZONE 11,HR5
04,JC PEACOCK,GB,ZONE 11,HR6
04,JC PEACOCK,GB,ZONE 11,HR7
04,JC PEACOCK,GB,ZONE 11,HR8
04,JC PEACOCK,GB,ZONE 11,HR9
04,JC PEACOCK,GB,ZONE 11,HU1
04,JC PEACOCK,GB,ZONE 11,HU2
04,JC PEACOCK,GB,ZONE 11,HU3
04,JC PEACOCK,GB,ZONE 11,HU4
04,JC PEACOCK,GB,ZONE 11,HU5
04,JC PEACOCK,GB,ZONE 11,HU6
04,JC PEACOCK,GB,ZONE 11,HU7
04,JC PEACOCK,GB,ZONE 11,HU8
04,JC PEACOCK,GB,ZONE 11,HU9
04,JC PEACOCK,GB,ZONE 11,HU10
04,JC PEACOCK,GB,ZONE 11,HU11
04,JC PEACOCK,GB,ZONE 11,HU12
04,JC PEACOCK,GB,ZONE 11,HU13
04,JC PEACOCK,GB,ZONE 11,HU14
04,JC PEACOCK,GB,ZONE 11,HU15
04,JC PEACOCK,GB,ZONE 11,HU16
04,JC PEACOCK,GB,ZONE 11,HU17
04,JC PEACOCK,GB,ZONE 11,HU18
04,JC PEACOCK,GB,ZONE 11,HU19
04,JC PEACOCK,GB,ZONE 11,HU20
04,JC PEACOCK,GB,ZONE 2,HX1
04,JC PEACOCK,GB,ZONE 2,HX2
04,JC PEACOCK,GB,ZONE 2,HX3
04,JC PEACOCK,GB,ZONE 2,HX4
04,JC PEACOCK,GB,ZONE 2,HX5
04,JC PEACOCK,GB,ZONE 2,HX6
04,JC PEACOCK,GB,ZONE 2,HX7
04,JC PEACOCK,GB,ZONE 7,IG1
04,JC PEACOCK,GB,ZONE 7,IG2
04,JC PEACOCK,GB,ZONE 7,IG3
04,JC PEACOCK,GB,ZONE 7,IG4
04,JC PEACOCK,GB,ZONE 7,IG5
04,JC PEACOCK,GB,ZONE 7,IG6
04,JC PEACOCK,GB,ZONE 7,IG7
04,JC PEACOCK,GB,ZONE 7,IG8
04,JC PEACOCK,GB,ZONE 7,IG9
04,JC PEACOCK,GB,ZONE 7,IG10
04,JC PEACOCK,GB,ZONE 7,IG11
04,JC PEACOCK,GB,ZONE 11,IP1
04,JC PEACOCK,GB,ZONE 11,IP2
04,JC PEACOCK,GB,ZONE 11,IP3
04,JC PEACOCK,GB,ZONE 11,IP4
04,JC PEACOCK,GB,ZONE 11,IP5
04,JC PEACOCK,GB,ZONE 11,IP6
04,JC PEACOCK,GB,ZONE 11,IP7
04,JC PEACOCK,GB,ZONE 11,IP8
04,JC PEACOCK,GB,ZONE 11,IP9
04,JC PEACOCK,GB,ZONE 11,IP10
04,JC PEACOCK,GB,ZONE 11,IP11
04,JC PEACOCK,GB,ZONE 11,IP12
04,JC PEACOCK,GB,ZONE 11,IP13
04,JC PEACOCK,GB,ZONE 11,IP14
04,JC PEACOCK,GB,ZONE 11,IP15
04,JC PEACOCK,GB,ZONE 11,IP16
04,JC PEACOCK,GB,ZONE 11,IP17
04,JC PEACOCK,GB,ZONE 11,IP18
04,JC PEACOCK,GB,ZONE 11,IP19
04,JC PEACOCK,GB,ZONE 11,IP20
04,JC PEACOCK,GB,ZONE 11,IP21
04,JC PEACOCK,GB,ZONE 11,IP22
04,JC PEACOCK,GB,ZONE 11,IP23
04,JC PEACOCK,GB,ZONE 11,IP24
04,JC PEACOCK,GB,ZONE 11,IP25
04,JC PEACOCK,GB,ZONE 11,IP26
04,JC PEACOCK,GB,ZONE 11,IP27
04,JC PEACOCK,GB,ZONE 11,IP28
04,JC PEACOCK,GB,ZONE 11,IP29
04,JC PEACOCK,GB,ZONE 11,IP30
04,JC PEACOCK,GB,ZONE 11,IP31
04,JC PEACOCK,GB,ZONE 11,IP32
04,JC PEACOCK,GB,ZONE 11,IP33
04,JC PEACOCK,GB,ZONE 11,IP98
04,JC PEACOCK,GB,ZONE 14,KT1
04,JC PEACOCK,GB,ZONE 14,KT2
04,JC PEACOCK,GB,ZONE 14,KT3
04,JC PEACOCK,GB,ZONE 14,KT4
04,JC PEACOCK,GB,ZONE 14,KT5
04,JC PEACOCK,GB,ZONE 14,KT6
04,JC PEACOCK,GB,ZONE 14,KT7
04,JC PEACOCK,GB,ZONE 14,KT8
04,JC PEACOCK,GB,ZONE 14,KT9
04,JC PEACOCK,GB,ZONE 14,KT10
04,JC PEACOCK,GB,ZONE 14,KT11
04,JC PEACOCK,GB,ZONE 14,KT12
04,JC PEACOCK,GB,ZONE 14,KT13
04,JC PEACOCK,GB,ZONE 14,KT14
04,JC PEACOCK,GB,ZONE 14,KT15
04,JC PEACOCK,GB,ZONE 14,KT16
04,JC PEACOCK,GB,ZONE 14,KT17
04,JC PEACOCK,GB,ZONE 14,KT18
04,JC PEACOCK,GB,ZONE 14,KT19
04,JC PEACOCK,GB,ZONE 14,KT20
04,JC PEACOCK,GB,ZONE 14,KT21
04,JC PEACOCK,GB,ZONE 14,KT22
04,JC PEACOCK,GB,ZONE 14,KT23
04,JC PEACOCK,GB,ZONE 14,KT24
04,JC PEACOCK,GB,ZONE 1,L1
04,JC PEACOCK,GB,ZONE 1,L2
04,JC PEACOCK,GB,ZONE 1,L3
04,JC PEACOCK,GB,ZONE 1,L4
04,JC PEACOCK,GB,ZONE 1,L5
04,JC PEACOCK,GB,ZONE 1,L6
04,JC PEACOCK,GB,ZONE 1,L7
04,JC PEACOCK,GB,ZONE 1,L8
04,JC PEACOCK,GB,ZONE 1,L9
04,JC PEACOCK,GB,ZONE 1,L10
04,JC PEACOCK,GB,ZONE 1,L11
04,JC PEACOCK,GB,ZONE 1,L12
04,JC PEACOCK,GB,ZONE 1,L13
04,JC PEACOCK,GB,ZONE 1,L14
04,JC PEACOCK,GB,ZONE 1,L15
04,JC PEACOCK,GB,ZONE 1,L16
04,JC PEACOCK,GB,ZONE 1,L17
04,JC PEACOCK,GB,ZONE 1,L18
04,JC PEACOCK,GB,ZONE 1,L19
04,JC PEACOCK,GB,ZONE 1,L20
04,JC PEACOCK,GB,ZONE 1,L21
04,JC PEACOCK,GB,ZONE 1,L22
04,JC PEACOCK,GB,ZONE 1,L23
04,JC PEACOCK,GB,ZONE 1,L24
04,JC PEACOCK,GB,ZONE 1,L25
04,JC PEACOCK,GB,ZONE 1,L26
04,JC PEACOCK,GB,ZONE 1,L27
04,JC PEACOCK,GB,ZONE 1,L28
04,JC PEACOCK,GB,ZONE 1,L29
04,JC PEACOCK,GB,ZONE 1,L30
04,JC PEACOCK,GB,ZONE 1,L31
04,JC PEACOCK,GB,ZONE 1,L32
04,JC PEACOCK,GB,ZONE 1,L33
04,JC PEACOCK,GB,ZONE 1,L34
04,JC PEACOCK,GB,ZONE 1,L35
04,JC PEACOCK,GB,ZONE 1,L36
04,JC PEACOCK,GB,ZONE 1,L37
04,JC PEACOCK,GB,ZONE 1,L38
04,JC PEACOCK,GB,ZONE 1,L39
04,JC PEACOCK,GB,ZONE 1,L40
04,JC PEACOCK,GB,ZONE 1,L67
04,JC PEACOCK,GB,ZONE 1,L68
04,JC PEACOCK,GB,ZONE 1,L69
04,JC PEACOCK,GB,ZONE 1,L70
04,JC PEACOCK,GB,ZONE 1,L71
04,JC PEACOCK,GB,ZONE 1,L72
04,JC PEACOCK,GB,ZONE 1,L73
04,JC PEACOCK,GB,ZONE 1,L74
04,JC PEACOCK,GB,ZONE 1,L75
04,JC PEACOCK,GB,ZONE 1,L99
04,JC PEACOCK,GB,ZONE 16,LA1
04,JC PEACOCK,GB,ZONE 16,LA2
04,JC PEACOCK,GB,ZONE 16,LA3
04,JC PEACOCK,GB,ZONE 16,LA4
04,JC PEACOCK,GB,ZONE 16,LA5
04,JC PEACOCK,GB,ZONE 16,LA6
04,JC PEACOCK,GB,ZONE 16,LA7
04,JC PEACOCK,GB,ZONE 16,LA8
04,JC PEACOCK,GB,ZONE 16,LA9
04,JC PEACOCK,GB,ZONE 16,LA10
04,JC PEACOCK,GB,ZONE 16,LA11
04,JC PEACOCK,GB,ZONE 16,LA12
04,JC PEACOCK,GB,ZONE 16,LA13
04,JC PEACOCK,GB,ZONE 16,LA14
04,JC PEACOCK,GB,ZONE 16,LA15
04,JC PEACOCK,GB,ZONE 16,LA16
04,JC PEACOCK,GB,ZONE 16,LA17
04,JC PEACOCK,GB,ZONE 16,LA18
04,JC PEACOCK,GB,ZONE 16,LA19
04,JC PEACOCK,GB,ZONE 16,LA20
04,JC PEACOCK,GB,ZONE 16,LA21
04,JC PEACOCK,GB,ZONE 16,LA22
04,JC PEACOCK,GB,ZONE 16,LA23
04,JC PEACOCK,GB,ZONE 19,LD1
04,JC PEACOCK,GB,ZONE 19,LD2
04,JC PEACOCK,GB,ZONE 19,LD3
04,JC PEACOCK,GB,ZONE 19,LD4
04,JC PEACOCK,GB,ZONE 19,LD5
04,JC PEACOCK,GB,ZONE 19,LD6
04,JC PEACOCK,GB,ZONE 19,LD7
04,JC PEACOCK,GB,ZONE 19,LD8
04,JC PEACOCK,GB,ZONE 2,LE1
04,JC PEACOCK,GB,ZONE 2,LE2
04,JC PEACOCK,GB,ZONE 2,LE3
04,JC PEACOCK,GB,ZONE 2,LE4
04,JC PEACOCK,GB,ZONE 2,LE5
04,JC PEACOCK,GB,ZONE 2,LE6
04,JC PEACOCK,GB,ZONE 2,LE7
04,JC PEACOCK,GB,ZONE 2,LE8
04,JC PEACOCK,GB,ZONE 2,LE9
04,JC PEACOCK,GB,ZONE 2,LE10
04,JC PEACOCK,GB,ZONE 2,LE11
04,JC PEACOCK,GB,ZONE 2,LE12
04,JC PEACOCK,GB,ZONE 2,LE13
04,JC PEACOCK,GB,ZONE 2,LE14
04,JC PEACOCK,GB,ZONE 2,LE15
04,JC PEACOCK,GB,ZONE 2,LE16
04,JC PEACOCK,GB,ZONE 2,LE17
04,JC PEACOCK,GB,ZONE 2,LE18
04,JC PEACOCK,GB,ZONE 2,LE19
04,JC PEACOCK,GB,ZONE 2,LE21
04,JC PEACOCK,GB,ZONE 2,LE41
04,JC PEACOCK,GB,ZONE 2,LE55
04,JC PEACOCK,GB,ZONE 2,LE65
04,JC PEACOCK,GB,ZONE 2,LE67
04,JC PEACOCK,GB,ZONE 2,LE87
04,JC PEACOCK,GB,ZONE 2,LE94
04,JC PEACOCK,GB,ZONE 2,LE95
04,JC PEACOCK,GB,ZONE 19,LL11
04,JC PEACOCK,GB,ZONE 19,LL12
04,JC PEACOCK,GB,ZONE 19,LL13
04,JC PEACOCK,GB,ZONE 19,LL14
04,JC PEACOCK,GB,ZONE 19,LL15
04,JC PEACOCK,GB,ZONE 19,LL16
04,JC PEACOCK,GB,ZONE 19,LL17
04,JC PEACOCK,GB,ZONE 19,LL18
04,JC PEACOCK,GB,ZONE 19,LL19
04,JC PEACOCK,GB,ZONE 19,LL20
04,JC PEACOCK,GB,ZONE 19,LL21
04,JC PEACOCK,GB,ZONE 19,LL22
04,JC PEACOCK,GB,ZONE 19,LL23
04,JC PEACOCK,GB,ZONE 19,LL24
04,JC PEACOCK,GB,ZONE 19,LL25
04,JC PEACOCK,GB,ZONE 19,LL26
04,JC PEACOCK,GB,ZONE 19,LL27
04,JC PEACOCK,GB,ZONE 19,LL28
04,JC PEACOCK,GB,ZONE 19,LL29
04,JC PEACOCK,GB,ZONE 19,LL30
04,JC PEACOCK,GB,ZONE 19,LL31
04,JC PEACOCK,GB,ZONE 19,LL32
04,JC PEACOCK,GB,ZONE 19,LL33
04,JC PEACOCK,GB,ZONE 19,LL34
04,JC PEACOCK,GB,ZONE 19,LL35
04,JC PEACOCK,GB,ZONE 19,LL36
04,JC PEACOCK,GB,ZONE 19,LL37
04,JC PEACOCK,GB,ZONE 19,LL38
04,JC PEACOCK,GB,ZONE 19,LL39
04,JC PEACOCK,GB,ZONE 19,LL40
04,JC PEACOCK,GB,ZONE 19,LL41
04,JC PEACOCK,GB,ZONE 19,LL42
04,JC PEACOCK,GB,ZONE 19,LL43
04,JC PEACOCK,GB,ZONE 19,LL44
04,JC PEACOCK,GB,ZONE 19,LL45
04,JC PEACOCK,GB,ZONE 19,LL46
04,JC PEACOCK,GB,ZONE 19,LL47
04,JC PEACOCK,GB,ZONE 19,LL48
04,JC PEACOCK,GB,ZONE 19,LL49
04,JC PEACOCK,GB,ZONE 19,LL51
04,JC PEACOCK,GB,ZONE 19,LL52
04,JC PEACOCK,GB,ZONE 19,LL53
04,JC PEACOCK,GB,ZONE 19,LL54
04,JC PEACOCK,GB,ZONE 19,LL55
04,JC PEACOCK,GB,ZONE 19,LL56
04,JC PEACOCK,GB,ZONE 19,LL57
04,JC PEACOCK,GB,ZONE 19,LL58
04,JC PEACOCK,GB,ZONE 19,LL59
04,JC PEACOCK,GB,ZONE 19,LL60
04,JC PEACOCK,GB,ZONE 19,LL61
04,JC PEACOCK,GB,ZONE 19,LL62
04,JC PEACOCK,GB,ZONE 19,LL63
04,JC PEACOCK,GB,ZONE 19,LL64
04,JC PEACOCK,GB,ZONE 19,LL65
04,JC PEACOCK,GB,ZONE 19,LL66
04,JC PEACOCK,GB,ZONE 19,LL67
04,JC PEACOCK,GB,ZONE 19,LL68
04,JC PEACOCK,GB,ZONE 19,LL69
04,JC PEACOCK,GB,ZONE 19,LL70
04,JC PEACOCK,GB,ZONE 19,LL71
04,JC PEACOCK,GB,ZONE 19,LL72
04,JC PEACOCK,GB,ZONE 19,LL73
04,JC PEACOCK,GB,ZONE 19,LL74
04,JC PEACOCK,GB,ZONE 19,LL75
04,JC PEACOCK,GB,ZONE 19,LL76
04,JC PEACOCK,GB,ZONE 19,LL77
04,JC PEACOCK,GB,ZONE 19,LL78
04,JC PEACOCK,GB,ZONE 11,LN1
04,JC PEACOCK,GB,ZONE 11,LN2
04,JC PEACOCK,GB,ZONE 11,LN3
04,JC PEACOCK,GB,ZONE 11,LN4
04,JC PEACOCK,GB,ZONE 11,LN5
04,JC PEACOCK,GB,ZONE 11,LN6
04,JC PEACOCK,GB,ZONE 11,LN7
04,JC PEACOCK,GB,ZONE 11,LN8
04,JC PEACOCK,GB,ZONE 11,LN9
04,JC PEACOCK,GB,ZONE 11,LN10
04,JC PEACOCK,GB,ZONE 11,LN11
04,JC PEACOCK,GB,ZONE 11,LN12
04,JC PEACOCK,GB,ZONE 11,LN13
04,JC PEACOCK,GB,ZONE 2,LS1
04,JC PEACOCK,GB,ZONE 2,LS2
04,JC PEACOCK,GB,ZONE 2,LS3
04,JC PEACOCK,GB,ZONE 2,LS4
04,JC PEACOCK,GB,ZONE 2,LS5
04,JC PEACOCK,GB,ZONE 2,LS6
04,JC PEACOCK,GB,ZONE 2,LS7
04,JC PEACOCK,GB,ZONE 2,LS8
04,JC PEACOCK,GB,ZONE 2,LS9
04,JC PEACOCK,GB,ZONE 2,LS10
04,JC PEACOCK,GB,ZONE 2,LS11
04,JC PEACOCK,GB,ZONE 2,LS12
04,JC PEACOCK,GB,ZONE 2,LS13
04,JC PEACOCK,GB,ZONE 2,LS14
04,JC PEACOCK,GB,ZONE 2,LS15
04,JC PEACOCK,GB,ZONE 2,LS16
04,JC PEACOCK,GB,ZONE 2,LS17
04,JC PEACOCK,GB,ZONE 2,LS18
04,JC PEACOCK,GB,ZONE 2,LS19
04,JC PEACOCK,GB,ZONE 2,LS20
04,JC PEACOCK,GB,ZONE 2,LS21
04,JC PEACOCK,GB,ZONE 2,LS22
04,JC PEACOCK,GB,ZONE 2,LS23
04,JC PEACOCK,GB,ZONE 2,LS24
04,JC PEACOCK,GB,ZONE 2,LS25
04,JC PEACOCK,GB,ZONE 2,LS26
04,JC PEACOCK,GB,ZONE 2,LS27
04,JC PEACOCK,GB,ZONE 2,LS28
04,JC PEACOCK,GB,ZONE 2,LS29
04,JC PEACOCK,GB,ZONE 2,LS88
04,JC PEACOCK,GB,ZONE 2,LS98
04,JC PEACOCK,GB,ZONE 2,LS99
04,JC PEACOCK,GB,ZONE 2,LU1
04,JC PEACOCK,GB,ZONE 2,LU2
04,JC PEACOCK,GB,ZONE 2,LU3
04,JC PEACOCK,GB,ZONE 2,LU4
04,JC PEACOCK,GB,ZONE 2,LU5
04,JC PEACOCK,GB,ZONE 2,LU6
04,JC PEACOCK,GB,ZONE 2,LU7
04,JC PEACOCK,GB,ZONE 2,LU95
04,JC PEACOCK,GB,ZONE 2,M1
04,JC PEACOCK,GB,ZONE 2,M2
04,JC PEACOCK,GB,ZONE 2,M3
04,JC PEACOCK,GB,ZONE 2,M4
04,JC PEACOCK,GB,ZONE 2,M5
04,JC PEACOCK,GB,ZONE 2,M6
04,JC PEACOCK,GB,ZONE 2,M7
04,JC PEACOCK,GB,ZONE 2,M8
04,JC PEACOCK,GB,ZONE 2,M9
04,JC PEACOCK,GB,ZONE 2,M11
04,JC PEACOCK,GB,ZONE 2,M12
04,JC PEACOCK,GB,ZONE 2,M13
04,JC PEACOCK,GB,ZONE 2,M14
04,JC PEACOCK,GB,ZONE 2,M15
04,JC PEACOCK,GB,ZONE 2,M16
04,JC PEACOCK,GB,ZONE 2,M17
04,JC PEACOCK,GB,ZONE 2,M18
04,JC PEACOCK,GB,ZONE 2,M19
04,JC PEACOCK,GB,ZONE 2,M20
04,JC PEACOCK,GB,ZONE 2,M21
04,JC PEACOCK,GB,ZONE 2,M22
04,JC PEACOCK,GB,ZONE 2,M23
04,JC PEACOCK,GB,ZONE 2,M24
04,JC PEACOCK,GB,ZONE 2,M25
04,JC PEACOCK,GB,ZONE 2,M26
04,JC PEACOCK,GB,ZONE 2,M27
04,JC PEACOCK,GB,ZONE 2,M28
04,JC PEACOCK,GB,ZONE 2,M29
04,JC PEACOCK,GB,ZONE 2,M30
04,JC PEACOCK,GB,ZONE 2,M31
04,JC PEACOCK,GB,ZONE 2,M32
04,JC PEACOCK,GB,ZONE 2,M33
04,JC PEACOCK,GB,ZONE 2,M34
04,JC PEACOCK,GB,ZONE 2,M35
04,JC PEACOCK,GB,ZONE 2,M38
04,JC PEACOCK,GB,ZONE 2,M40
04,JC PEACOCK,GB,ZONE 2,M41
04,JC PEACOCK,GB,ZONE 2,M43
04,JC PEACOCK,GB,ZONE 2,M44
04,JC PEACOCK,GB,ZONE 2,M45
04,JC PEACOCK,GB,ZONE 2,M46
04,JC PEACOCK,GB,ZONE 2,M50
04,JC PEACOCK,GB,ZONE 2,M60
04,JC PEACOCK,GB,ZONE 2,M61
04,JC PEACOCK,GB,ZONE 2,M90
04,JC PEACOCK,GB,ZONE 2,M99
04,JC PEACOCK,GB,ZONE 11,ME1
04,JC PEACOCK,GB,ZONE 11,ME2
04,JC PEACOCK,GB,ZONE 11,ME3
04,JC PEACOCK,GB,ZONE 11,ME4
04,JC PEACOCK,GB,ZONE 11,ME5
04,JC PEACOCK,GB,ZONE 11,ME6
04,JC PEACOCK,GB,ZONE 11,ME7
04,JC PEACOCK,GB,ZONE 11,ME8
04,JC PEACOCK,GB,ZONE 11,ME9
04,JC PEACOCK,GB,ZONE 11,ME10
04,JC PEACOCK,GB,ZONE 11,ME11
04,JC PEACOCK,GB,ZONE 11,ME12
04,JC PEACOCK,GB,ZONE 11,ME13
04,JC PEACOCK,GB,ZONE 11,ME14
04,JC PEACOCK,GB,ZONE 11,ME15
04,JC PEACOCK,GB,ZONE 11,ME16
04,JC PEACOCK,GB,ZONE 11,ME17
04,JC PEACOCK,GB,ZONE 11,ME18
04,JC PEACOCK,GB,ZONE 11,ME19
04,JC PEACOCK,GB,ZONE 11,ME20
04,JC PEACOCK,GB,ZONE 11,ME99
04,JC PEACOCK,GB,ZONE 3,MK1
04,JC PEACOCK,GB,ZONE 3,MK2
04,JC PEACOCK,GB,ZONE 3,MK3
04,JC PEACOCK,GB,ZONE 3,MK4
04,JC PEACOCK,GB,ZONE 3,MK5
04,JC PEACOCK,GB,ZONE 3,MK6
04,JC PEACOCK,GB,ZONE 3,MK7
04,JC PEACOCK,GB,ZONE 3,MK8
04,JC PEACOCK,GB,ZONE 3,MK9
04,JC PEACOCK,GB,ZONE 3,MK10
04,JC PEACOCK,GB,ZONE 3,MK11
04,JC PEACOCK,GB,ZONE 3,MK12
04,JC PEACOCK,GB,ZONE 3,MK13
04,JC PEACOCK,GB,ZONE 3,MK14
04,JC PEACOCK,GB,ZONE 3,MK15
04,JC PEACOCK,GB,ZONE 3,MK16
04,JC PEACOCK,GB,ZONE 3,MK17
04,JC PEACOCK,GB,ZONE 3,MK18
04,JC PEACOCK,GB,ZONE 3,MK19
04,JC PEACOCK,GB,ZONE 3,MK40
04,JC PEACOCK,GB,ZONE 3,MK41
04,JC PEACOCK,GB,ZONE 3,MK42
04,JC PEACOCK,GB,ZONE 3,MK43
04,JC PEACOCK,GB,ZONE 3,MK44
04,JC PEACOCK,GB,ZONE 3,MK45
04,JC PEACOCK,GB,ZONE 3,MK46
04,JC PEACOCK,GB,ZONE 3,MK77
04,JC PEACOCK,GB,ZONE 12,N1C
04,JC PEACOCK,GB,ZONE 12,N1
04,JC PEACOCK,GB,ZONE 12,N2
04,JC PEACOCK,GB,ZONE 12,N3
04,JC PEACOCK,GB,ZONE 12,N4
04,JC PEACOCK,GB,ZONE 12,N5
04,JC PEACOCK,GB,ZONE 12,N6
04,JC PEACOCK,GB,ZONE 12,N7
04,JC PEACOCK,GB,ZONE 12,N8
04,JC PEACOCK,GB,ZONE 12,N9
04,JC PEACOCK,GB,ZONE 12,N10
04,JC PEACOCK,GB,ZONE 12,N11
04,JC PEACOCK,GB,ZONE 12,N12
04,JC PEACOCK,GB,ZONE 12,N13
04,JC PEACOCK,GB,ZONE 12,N14
04,JC PEACOCK,GB,ZONE 12,N15
04,JC PEACOCK,GB,ZONE 12,N16
04,JC PEACOCK,GB,ZONE 12,N17
04,JC PEACOCK,GB,ZONE 12,N18
04,JC PEACOCK,GB,ZONE 12,N19
04,JC PEACOCK,GB,ZONE 12,N20
04,JC PEACOCK,GB,ZONE 12,N21
04,JC PEACOCK,GB,ZONE 12,N22
04,JC PEACOCK,GB,ZONE 12,N81
04,JC PEACOCK,GB,ZONE 11,NE1
04,JC PEACOCK,GB,ZONE 11,NE2
04,JC PEACOCK,GB,ZONE 11,NE3
04,JC PEACOCK,GB,ZONE 11,NE4
04,JC PEACOCK,GB,ZONE 11,NE5
04,JC PEACOCK,GB,ZONE 11,NE6
04,JC PEACOCK,GB,ZONE 11,NE7
04,JC PEACOCK,GB,ZONE 11,NE8
04,JC PEACOCK,GB,ZONE 11,NE9
04,JC PEACOCK,GB,ZONE 11,NE10
04,JC PEACOCK,GB,ZONE 11,NE11
04,JC PEACOCK,GB,ZONE 11,NE12
04,JC PEACOCK,GB,ZONE 11,NE13
04,JC PEACOCK,GB,ZONE 11,NE15
04,JC PEACOCK,GB,ZONE 11,NE16
04,JC PEACOCK,GB,ZONE 11,NE17
04,JC PEACOCK,GB,ZONE 11,NE18
04,JC PEACOCK,GB,ZONE 11,NE19
04,JC PEACOCK,GB,ZONE 11,NE20
04,JC PEACOCK,GB,ZONE 11,NE21
04,JC PEACOCK,GB,ZONE 11,NE22
04,JC PEACOCK,GB,ZONE 11,NE23
04,JC PEACOCK,GB,ZONE 11,NE24
04,JC PEACOCK,GB,ZONE 11,NE25
04,JC PEACOCK,GB,ZONE 11,NE26
04,JC PEACOCK,GB,ZONE 11,NE27
04,JC PEACOCK,GB,ZONE 11,NE28
04,JC PEACOCK,GB,ZONE 11,NE29
04,JC PEACOCK,GB,ZONE 11,NE30
04,JC PEACOCK,GB,ZONE 11,NE31
04,JC PEACOCK,GB,ZONE 11,NE32
04,JC PEACOCK,GB,ZONE 11,NE33
04,JC PEACOCK,GB,ZONE 11,NE34
04,JC PEACOCK,GB,ZONE 11,NE35
04,JC PEACOCK,GB,ZONE 11,NE36
04,JC PEACOCK,GB,ZONE 11,NE37
04,JC PEACOCK,GB,ZONE 11,NE38
04,JC PEACOCK,GB,ZONE 11,NE39
04,JC PEACOCK,GB,ZONE 11,NE40
04,JC PEACOCK,GB,ZONE 11,NE41
04,JC PEACOCK,GB,ZONE 11,NE42
04,JC PEACOCK,GB,ZONE 11,NE43
04,JC PEACOCK,GB,ZONE 11,NE44
04,JC PEACOCK,GB,ZONE 11,NE45
04,JC PEACOCK,GB,ZONE 11,NE46
04,JC PEACOCK,GB,ZONE 11,NE47
04,JC PEACOCK,GB,ZONE 11,NE48
04,JC PEACOCK,GB,ZONE 11,NE49
04,JC PEACOCK,GB,ZONE 11,NE61
04,JC PEACOCK,GB,ZONE 11,NE62
04,JC PEACOCK,GB,ZONE 11,NE63
04,JC PEACOCK,GB,ZONE 11,NE64
04,JC PEACOCK,GB,ZONE 11,NE65
04,JC PEACOCK,GB,ZONE 11,NE66
04,JC PEACOCK,GB,ZONE 11,NE67
04,JC PEACOCK,GB,ZONE 11,NE68
04,JC PEACOCK,GB,ZONE 11,NE69
04,JC PEACOCK,GB,ZONE 11,NE70
04,JC PEACOCK,GB,ZONE 11,NE71
04,JC PEACOCK,GB,ZONE 11,NE82
04,JC PEACOCK,GB,ZONE 11,NE83
04,JC PEACOCK,GB,ZONE 11,NE85
04,JC PEACOCK,GB,ZONE 11,NE88
04,JC PEACOCK,GB,ZONE 11,NE98
04,JC PEACOCK,GB,ZONE 11,NE99
04,JC PEACOCK,GB,ZONE 2,NG1
04,JC PEACOCK,GB,ZONE 2,NG2
04,JC PEACOCK,GB,ZONE 2,NG3
04,JC PEACOCK,GB,ZONE 2,NG4
04,JC PEACOCK,GB,ZONE 2,NG5
04,JC PEACOCK,GB,ZONE 2,NG6
04,JC PEACOCK,GB,ZONE 2,NG7
04,JC PEACOCK,GB,ZONE 2,NG8
04,JC PEACOCK,GB,ZONE 2,NG9
04,JC PEACOCK,GB,ZONE 2,NG10
04,JC PEACOCK,GB,ZONE 2,NG11
04,JC PEACOCK,GB,ZONE 2,NG12
04,JC PEACOCK,GB,ZONE 2,NG13
04,JC PEACOCK,GB,ZONE 2,NG14
04,JC PEACOCK,GB,ZONE 2,NG15
04,JC PEACOCK,GB,ZONE 2,NG16
04,JC PEACOCK,GB,ZONE 2,NG17
04,JC PEACOCK,GB,ZONE 2,NG18
04,JC PEACOCK,GB,ZONE 2,NG19
04,JC PEACOCK,GB,ZONE 2,NG20
04,JC PEACOCK,GB,ZONE 2,NG21
04,JC PEACOCK,GB,ZONE 2,NG22
04,JC PEACOCK,GB,ZONE 2,NG23
04,JC PEACOCK,GB,ZONE 2,NG24
04,JC PEACOCK,GB,ZONE 2,NG25
04,JC PEACOCK,GB,ZONE 2,NG31
04,JC PEACOCK,GB,ZONE 2,NG32
04,JC PEACOCK,GB,ZONE 2,NG33
04,JC PEACOCK,GB,ZONE 2,NG34
04,JC PEACOCK,GB,ZONE 2,NG70
04,JC PEACOCK,GB,ZONE 2,NG80
04,JC PEACOCK,GB,ZONE 2,NG90
04,JC PEACOCK,GB,ZONE 2,NN1
04,JC PEACOCK,GB,ZONE 2,NN2
04,JC PEACOCK,GB,ZONE 2,NN3
04,JC PEACOCK,GB,ZONE 2,NN4
04,JC PEACOCK,GB,ZONE 2,NN5
04,JC PEACOCK,GB,ZONE 2,NN6
04,JC PEACOCK,GB,ZONE 2,NN7
04,JC PEACOCK,GB,ZONE 2,NN8
04,JC PEACOCK,GB,ZONE 2,NN9
04,JC PEACOCK,GB,ZONE 2,NN10
04,JC PEACOCK,GB,ZONE 2,NN11
04,JC PEACOCK,GB,ZONE 2,NN12
04,JC PEACOCK,GB,ZONE 2,NN13
04,JC PEACOCK,GB,ZONE 2,NN14
04,JC PEACOCK,GB,ZONE 2,NN15
04,JC PEACOCK,GB,ZONE 2,NN16
04,JC PEACOCK,GB,ZONE 2,NN17
04,JC PEACOCK,GB,ZONE 2,NN18
04,JC PEACOCK,GB,ZONE 2,NN29
04,JC PEACOCK,GB,ZONE 16,NP4
04,JC PEACOCK,GB,ZONE 16,NP7
04,JC PEACOCK,GB,ZONE 16,NP8
04,JC PEACOCK,GB,ZONE 16,NP9
04,JC PEACOCK,GB,ZONE 16,NP10
04,JC PEACOCK,GB,ZONE 16,NP11
04,JC PEACOCK,GB,ZONE 16,NP12
04,JC PEACOCK,GB,ZONE 16,NP13
04,JC PEACOCK,GB,ZONE 16,NP15
04,JC PEACOCK,GB,ZONE 16,NP16
04,JC PEACOCK,GB,ZONE 16,NP18
04,JC PEACOCK,GB,ZONE 16,NP19
04,JC PEACOCK,GB,ZONE 16,NP20
04,JC PEACOCK,GB,ZONE 16,NP22
04,JC PEACOCK,GB,ZONE 16,NP23
04,JC PEACOCK,GB,ZONE 16,NP24
04,JC PEACOCK,GB,ZONE 16,NP25
04,JC PEACOCK,GB,ZONE 16,NP26
04,JC PEACOCK,GB,ZONE 16,NP44
04,JC PEACOCK,GB,ZONE 11,NR1
04,JC PEACOCK,GB,ZONE 11,NR2
04,JC PEACOCK,GB,ZONE 11,NR3
04,JC PEACOCK,GB,ZONE 11,NR4
04,JC PEACOCK,GB,ZONE 11,NR5
04,JC PEACOCK,GB,ZONE 11,NR6
04,JC PEACOCK,GB,ZONE 11,NR7
04,JC PEACOCK,GB,ZONE 11,NR8
04,JC PEACOCK,GB,ZONE 11,NR9
04,JC PEACOCK,GB,ZONE 11,NR10
04,JC PEACOCK,GB,ZONE 11,NR11
04,JC PEACOCK,GB,ZONE 11,NR12
04,JC PEACOCK,GB,ZONE 11,NR13
04,JC PEACOCK,GB,ZONE 11,NR14
04,JC PEACOCK,GB,ZONE 11,NR15
04,JC PEACOCK,GB,ZONE 11,NR16
04,JC PEACOCK,GB,ZONE 11,NR17
04,JC PEACOCK,GB,ZONE 11,NR18
04,JC PEACOCK,GB,ZONE 11,NR19
04,JC PEACOCK,GB,ZONE 11,NR20
04,JC PEACOCK,GB,ZONE 11,NR21
04,JC PEACOCK,GB,ZONE 11,NR22
04,JC PEACOCK,GB,ZONE 11,NR23
04,JC PEACOCK,GB,ZONE 11,NR24
04,JC PEACOCK,GB,ZONE 11,NR25
04,JC PEACOCK,GB,ZONE 11,NR26
04,JC PEACOCK,GB,ZONE 11,NR27
04,JC PEACOCK,GB,ZONE 11,NR28
04,JC PEACOCK,GB,ZONE 11,NR29
04,JC PEACOCK,GB,ZONE 11,NR30
04,JC PEACOCK,GB,ZONE 11,NR31
04,JC PEACOCK,GB,ZONE 11,NR32
04,JC PEACOCK,GB,ZONE 11,NR33
04,JC PEACOCK,GB,ZONE 11,NR34
04,JC PEACOCK,GB,ZONE 11,NR35
04,JC PEACOCK,GB,ZONE 11,NR99
04,JC PEACOCK,GB,ZONE 13,NW1
04,JC PEACOCK,GB,ZONE 13,NW2
04,JC PEACOCK,GB,ZONE 13,NW3
04,JC PEACOCK,GB,ZONE 13,NW4
04,JC PEACOCK,GB,ZONE 13,NW5
04,JC PEACOCK,GB,ZONE 13,NW6
04,JC PEACOCK,GB,ZONE 13,NW7
04,JC PEACOCK,GB,ZONE 13,NW8
04,JC PEACOCK,GB,ZONE 13,NW9
04,JC PEACOCK,GB,ZONE 13,NW10
04,JC PEACOCK,GB,ZONE 13,NW11
04,JC PEACOCK,GB,ZONE 13,NW1W
04,JC PEACOCK,GB,ZONE 2,OL1
04,JC PEACOCK,GB,ZONE 2,OL2
04,JC PEACOCK,GB,ZONE 2,OL3
04,JC PEACOCK,GB,ZONE 2,OL4
04,JC PEACOCK,GB,ZONE 2,OL5
04,JC PEACOCK,GB,ZONE 2,OL6
04,JC PEACOCK,GB,ZONE 2,OL7
04,JC PEACOCK,GB,ZONE 2,OL8
04,JC PEACOCK,GB,ZONE 2,OL9
04,JC PEACOCK,GB,ZONE 2,OL10
04,JC PEACOCK,GB,ZONE 2,OL11
04,JC PEACOCK,GB,ZONE 2,OL12
04,JC PEACOCK,GB,ZONE 2,OL13
04,JC PEACOCK,GB,ZONE 2,OL14
04,JC PEACOCK,GB,ZONE 2,OL15
04,JC PEACOCK,GB,ZONE 2,OL16
04,JC PEACOCK,GB,ZONE 2,OL95
04,JC PEACOCK,GB,ZONE 5,OX1
04,JC PEACOCK,GB,ZONE 5,OX2
04,JC PEACOCK,GB,ZONE 5,OX3
04,JC PEACOCK,GB,ZONE 5,OX4
04,JC PEACOCK,GB,ZONE 5,OX5
04,JC PEACOCK,GB,ZONE 5,OX7
04,JC PEACOCK,GB,ZONE 5,OX9
04,JC PEACOCK,GB,ZONE 5,OX10
04,JC PEACOCK,GB,ZONE 5,OX11
04,JC PEACOCK,GB,ZONE 5,OX12
04,JC PEACOCK,GB,ZONE 5,OX13
04,JC PEACOCK,GB,ZONE 5,OX14
04,JC PEACOCK,GB,ZONE 5,OX15
04,JC PEACOCK,GB,ZONE 5,OX16
04,JC PEACOCK,GB,ZONE 5,OX17
04,JC PEACOCK,GB,ZONE 5,OX18
04,JC PEACOCK,GB,ZONE 5,OX20
04,JC PEACOCK,GB,ZONE 5,OX25
04,JC PEACOCK,GB,ZONE 5,OX26
04,JC PEACOCK,GB,ZONE 5,OX27
04,JC PEACOCK,GB,ZONE 5,OX28
04,JC PEACOCK,GB,ZONE 5,OX29
04,JC PEACOCK,GB,ZONE 5,OX33
04,JC PEACOCK,GB,ZONE 5,OX39
04,JC PEACOCK,GB,ZONE 5,OX44
04,JC PEACOCK,GB,ZONE 5,OX49
04,JC PEACOCK,GB,ZONE 11,PE1
04,JC PEACOCK,GB,ZONE 11,PE2
04,JC PEACOCK,GB,ZONE 11,PE3
04,JC PEACOCK,GB,ZONE 11,PE4
04,JC PEACOCK,GB,ZONE 11,PE5
04,JC PEACOCK,GB,ZONE 11,PE6
04,JC PEACOCK,GB,ZONE 11,PE7
04,JC PEACOCK,GB,ZONE 11,PE8
04,JC PEACOCK,GB,ZONE 11,PE9
04,JC PEACOCK,GB,ZONE 11,PE10
04,JC PEACOCK,GB,ZONE 11,PE11
04,JC PEACOCK,GB,ZONE 11,PE12
04,JC PEACOCK,GB,ZONE 11,PE13
04,JC PEACOCK,GB,ZONE 11,PE14
04,JC PEACOCK,GB,ZONE 11,PE15
04,JC PEACOCK,GB,ZONE 11,PE16
04,JC PEACOCK,GB,ZONE 11,PE19
04,JC PEACOCK,GB,ZONE 11,PE20
04,JC PEACOCK,GB,ZONE 11,PE21
04,JC PEACOCK,GB,ZONE 11,PE22
04,JC PEACOCK,GB,ZONE 11,PE23
04,JC PEACOCK,GB,ZONE 11,PE24
04,JC PEACOCK,GB,ZONE 11,PE25
04,JC PEACOCK,GB,ZONE 11,PE26
04,JC PEACOCK,GB,ZONE 11,PE27
04,JC PEACOCK,GB,ZONE 11,PE28
04,JC PEACOCK,GB,ZONE 11,PE29
04,JC PEACOCK,GB,ZONE 11,PE30
04,JC PEACOCK,GB,ZONE 11,PE31
04,JC PEACOCK,GB,ZONE 11,PE32
04,JC PEACOCK,GB,ZONE 11,PE33
04,JC PEACOCK,GB,ZONE 11,PE34
04,JC PEACOCK,GB,ZONE 11,PE35
04,JC PEACOCK,GB,ZONE 11,PE36
04,JC PEACOCK,GB,ZONE 11,PE37
04,JC PEACOCK,GB,ZONE 11,PE38
04,JC PEACOCK,GB,ZONE 11,PE99
04,JC PEACOCK,GB,ZONE 19,PL1
04,JC PEACOCK,GB,ZONE 19,PL2
04,JC PEACOCK,GB,ZONE 19,PL3
04,JC PEACOCK,GB,ZONE 19,PL4
04,JC PEACOCK,GB,ZONE 19,PL5
04,JC PEACOCK,GB,ZONE 19,PL6
04,JC PEACOCK,GB,ZONE 19,PL7
04,JC PEACOCK,GB,ZONE 19,PL8
04,JC PEACOCK,GB,ZONE 19,PL9
04,JC PEACOCK,GB,ZONE 19,PL10
04,JC PEACOCK,GB,ZONE 19,PL11
04,JC PEACOCK,GB,ZONE 19,PL12
04,JC PEACOCK,GB,ZONE 19,PL13
04,JC PEACOCK,GB,ZONE 19,PL14
04,JC PEACOCK,GB,ZONE 19,PL15
04,JC PEACOCK,GB,ZONE 19,PL16
04,JC PEACOCK,GB,ZONE 19,PL17
04,JC PEACOCK,GB,ZONE 19,PL18
04,JC PEACOCK,GB,ZONE 19,PL19
04,JC PEACOCK,GB,ZONE 19,PL20
04,JC PEACOCK,GB,ZONE 19,PL21
04,JC PEACOCK,GB,ZONE 19,PL22
04,JC PEACOCK,GB,ZONE 19,PL23
04,JC PEACOCK,GB,ZONE 19,PL24
04,JC PEACOCK,GB,ZONE 19,PL25
04,JC PEACOCK,GB,ZONE 19,PL26
04,JC PEACOCK,GB,ZONE 19,PL27
04,JC PEACOCK,GB,ZONE 19,PL28
04,JC PEACOCK,GB,ZONE 19,PL29
04,JC PEACOCK,GB,ZONE 19,PL30
04,JC PEACOCK,GB,ZONE 19,PL31
04,JC PEACOCK,GB,ZONE 19,PL32
04,JC PEACOCK,GB,ZONE 19,PL33
04,JC PEACOCK,GB,ZONE 19,PL34
04,JC PEACOCK,GB,ZONE 19,PL35
04,JC PEACOCK,GB,ZONE 19,PL95
04,JC PEACOCK,GB,ZONE 11,PO1
04,JC PEACOCK,GB,ZONE 11,PO2
04,JC PEACOCK,GB,ZONE 11,PO3
04,JC PEACOCK,GB,ZONE 11,PO4
04,JC PEACOCK,GB,ZONE 11,PO5
04,JC PEACOCK,GB,ZONE 11,PO6
04,JC PEACOCK,GB,ZONE 11,PO7
04,JC PEACOCK,GB,ZONE 11,PO8
04,JC PEACOCK,GB,ZONE 11,PO9
04,JC PEACOCK,GB,ZONE 11,PO10
04,JC PEACOCK,GB,ZONE 11,PO11
04,JC PEACOCK,GB,ZONE 11,PO12
04,JC PEACOCK,GB,ZONE 11,PO13
04,JC PEACOCK,GB,ZONE 11,PO14
04,JC PEACOCK,GB,ZONE 11,PO15
04,JC PEACOCK,GB,ZONE 11,PO16
04,JC PEACOCK,GB,ZONE 11,PO17
04,JC PEACOCK,GB,ZONE 11,PO18
04,JC PEACOCK,GB,ZONE 11,PO19
04,JC PEACOCK,GB,ZONE 11,PO20
04,JC PEACOCK,GB,ZONE 11,PO21
04,JC PEACOCK,GB,ZONE 11,PO22
04,JC PEACOCK,GB,ZONE 1,PR0
04,JC PEACOCK,GB,ZONE 1,PR1
04,JC PEACOCK,GB,ZONE 1,PR2
04,JC PEACOCK,GB,ZONE 1,PR3
04,JC PEACOCK,GB,ZONE 1,PR4
04,JC PEACOCK,GB,ZONE 1,PR5
04,JC PEACOCK,GB,ZONE 1,PR6
04,JC PEACOCK,GB,ZONE 1,PR7
04,JC PEACOCK,GB,ZONE 1,PR8
04,JC PEACOCK,GB,ZONE 1,PR9
04,JC PEACOCK,GB,ZONE 1,PR11
04,JC PEACOCK,GB,ZONE 1,PR25
04,JC PEACOCK,GB,ZONE 1,PR26
04,JC PEACOCK,GB,ZONE 11,RG1
04,JC PEACOCK,GB,ZONE 11,RG2
04,JC PEACOCK,GB,ZONE 11,RG4
04,JC PEACOCK,GB,ZONE 11,RG5
04,JC PEACOCK,GB,ZONE 11,RG6
04,JC PEACOCK,GB,ZONE 11,RG7
04,JC PEACOCK,GB,ZONE 11,RG8
04,JC PEACOCK,GB,ZONE 11,RG9
04,JC PEACOCK,GB,ZONE 11,RG10
04,JC PEACOCK,GB,ZONE 11,RG12
04,JC PEACOCK,GB,ZONE 11,RG14
04,JC PEACOCK,GB,ZONE 11,RG17
04,JC PEACOCK,GB,ZONE 11,RG18
04,JC PEACOCK,GB,ZONE 11,RG19
04,JC PEACOCK,GB,ZONE 11,RG20
04,JC PEACOCK,GB,ZONE 11,RG21
04,JC PEACOCK,GB,ZONE 11,RG22
04,JC PEACOCK,GB,ZONE 11,RG23
04,JC PEACOCK,GB,ZONE 11,RG24
04,JC PEACOCK,GB,ZONE 11,RG25
04,JC PEACOCK,GB,ZONE 11,RG26
04,JC PEACOCK,GB,ZONE 11,RG27
04,JC PEACOCK,GB,ZONE 11,RG28
04,JC PEACOCK,GB,ZONE 11,RG29
04,JC PEACOCK,GB,ZONE 11,RG30
04,JC PEACOCK,GB,ZONE 11,RG31
04,JC PEACOCK,GB,ZONE 11,RG40
04,JC PEACOCK,GB,ZONE 11,RG41
04,JC PEACOCK,GB,ZONE 11,RG42
04,JC PEACOCK,GB,ZONE 11,RG45
04,JC PEACOCK,GB,ZONE 11,RH1
04,JC PEACOCK,GB,ZONE 11,RH2
04,JC PEACOCK,GB,ZONE 11,RH3
04,JC PEACOCK,GB,ZONE 11,RH4
04,JC PEACOCK,GB,ZONE 11,RH5
04,JC PEACOCK,GB,ZONE 11,RH6
04,JC PEACOCK,GB,ZONE 11,RH7
04,JC PEACOCK,GB,ZONE 11,RH8
04,JC PEACOCK,GB,ZONE 11,RH9
04,JC PEACOCK,GB,ZONE 11,RH10
04,JC PEACOCK,GB,ZONE 11,RH11
04,JC PEACOCK,GB,ZONE 11,RH12
04,JC PEACOCK,GB,ZONE 11,RH13
04,JC PEACOCK,GB,ZONE 11,RH14
04,JC PEACOCK,GB,ZONE 11,RH15
04,JC PEACOCK,GB,ZONE 11,RH16
04,JC PEACOCK,GB,ZONE 11,RH17
04,JC PEACOCK,GB,ZONE 11,RH18
04,JC PEACOCK,GB,ZONE 11,RH19
04,JC PEACOCK,GB,ZONE 11,RH20
04,JC PEACOCK,GB,ZONE 11,RH77
04,JC PEACOCK,GB,ZONE 7,RM1
04,JC PEACOCK,GB,ZONE 7,RM2
04,JC PEACOCK,GB,ZONE 7,RM3
04,JC PEACOCK,GB,ZONE 7,RM4
04,JC PEACOCK,GB,ZONE 7,RM5
04,JC PEACOCK,GB,ZONE 7,RM6
04,JC PEACOCK,GB,ZONE 7,RM7
04,JC PEACOCK,GB,ZONE 7,RM8
04,JC PEACOCK,GB,ZONE 7,RM9
04,JC PEACOCK,GB,ZONE 7,RM10
04,JC PEACOCK,GB,ZONE 7,RM11
04,JC PEACOCK,GB,ZONE 7,RM12
04,JC PEACOCK,GB,ZONE 7,RM13
04,JC PEACOCK,GB,ZONE 7,RM14
04,JC PEACOCK,GB,ZONE 7,RM15
04,JC PEACOCK,GB,ZONE 7,RM16
04,JC PEACOCK,GB,ZONE 7,RM17
04,JC PEACOCK,GB,ZONE 7,RM18
04,JC PEACOCK,GB,ZONE 7,RM19
04,JC PEACOCK,GB,ZONE 7,RM20
04,JC PEACOCK,GB,ZONE 7,RM50
04,JC PEACOCK,GB,ZONE 2,S1
04,JC PEACOCK,GB,ZONE 2,S2
04,JC PEACOCK,GB,ZONE 2,S3
04,JC PEACOCK,GB,ZONE 2,S4
04,JC PEACOCK,GB,ZONE 2,S5
04,JC PEACOCK,GB,ZONE 2,S6
04,JC PEACOCK,GB,ZONE 2,S7
04,JC PEACOCK,GB,ZONE 2,S8
04,JC PEACOCK,GB,ZONE 2,S9
04,JC PEACOCK,GB,ZONE 2,S10
04,JC PEACOCK,GB,ZONE 2,S11
04,JC PEACOCK,GB,ZONE 2,S12
04,JC PEACOCK,GB,ZONE 2,S13
04,JC PEACOCK,GB,ZONE 2,S14
04,JC PEACOCK,GB,ZONE 2,S17
04,JC PEACOCK,GB,ZONE 2,S18
04,JC PEACOCK,GB,ZONE 2,S20
04,JC PEACOCK,GB,ZONE 2,S21
04,JC PEACOCK,GB,ZONE 2,S25
04,JC PEACOCK,GB,ZONE 2,S26
04,JC PEACOCK,GB,ZONE 2,S32
04,JC PEACOCK,GB,ZONE 2,S33
04,JC PEACOCK,GB,ZONE 2,S35
04,JC PEACOCK,GB,ZONE 2,S36
04,JC PEACOCK,GB,ZONE 2,S40
04,JC PEACOCK,GB,ZONE 2,S41
04,JC PEACOCK,GB,ZONE 2,S42
04,JC PEACOCK,GB,ZONE 2,S43
04,JC PEACOCK,GB,ZONE 2,S44
04,JC PEACOCK,GB,ZONE 2,S45
04,JC PEACOCK,GB,ZONE 2,S49
04,JC PEACOCK,GB,ZONE 2,S60
04,JC PEACOCK,GB,ZONE 2,S61
04,JC PEACOCK,GB,ZONE 2,S62
04,JC PEACOCK,GB,ZONE 2,S63
04,JC PEACOCK,GB,ZONE 2,S64
04,JC PEACOCK,GB,ZONE 2,S65
04,JC PEACOCK,GB,ZONE 2,S66
04,JC PEACOCK,GB,ZONE 2,S70
04,JC PEACOCK,GB,ZONE 2,S71
04,JC PEACOCK,GB,ZONE 2,S72
04,JC PEACOCK,GB,ZONE 2,S73
04,JC PEACOCK,GB,ZONE 2,S74
04,JC PEACOCK,GB,ZONE 2,S75
04,JC PEACOCK,GB,ZONE 2,S80
04,JC PEACOCK,GB,ZONE 2,S81
04,JC PEACOCK,GB,ZONE 2,S96
04,JC PEACOCK,GB,ZONE 2,S97
04,JC PEACOCK,GB,ZONE 2,S98
04,JC PEACOCK,GB,ZONE 2,S99
04,JC PEACOCK,GB,ZONE 19,SA1
04,JC PEACOCK,GB,ZONE 19,SA2
04,JC PEACOCK,GB,ZONE 19,SA3
04,JC PEACOCK,GB,ZONE 19,SA4
04,JC PEACOCK,GB,ZONE 19,SA5
04,JC PEACOCK,GB,ZONE 19,SA6
04,JC PEACOCK,GB,ZONE 19,SA7
04,JC PEACOCK,GB,ZONE 19,SA8
04,JC PEACOCK,GB,ZONE 19,SA9
04,JC PEACOCK,GB,ZONE 19,SA10
04,JC PEACOCK,GB,ZONE 19,SA11
04,JC PEACOCK,GB,ZONE 19,SA12
04,JC PEACOCK,GB,ZONE 19,SA13
04,JC PEACOCK,GB,ZONE 19,SA14
04,JC PEACOCK,GB,ZONE 19,SA15
04,JC PEACOCK,GB,ZONE 19,SA16
04,JC PEACOCK,GB,ZONE 19,SA17
04,JC PEACOCK,GB,ZONE 19,SA18
04,JC PEACOCK,GB,ZONE 19,SA19
04,JC PEACOCK,GB,ZONE 19,SA20
04,JC PEACOCK,GB,ZONE 19,SA31
04,JC PEACOCK,GB,ZONE 19,SA32
04,JC PEACOCK,GB,ZONE 19,SA33
04,JC PEACOCK,GB,ZONE 19,SA34
04,JC PEACOCK,GB,ZONE 19,SA35
04,JC PEACOCK,GB,ZONE 19,SA36
04,JC PEACOCK,GB,ZONE 19,SA37
04,JC PEACOCK,GB,ZONE 19,SA38
04,JC PEACOCK,GB,ZONE 19,SA39
04,JC PEACOCK,GB,ZONE 19,SA40
04,JC PEACOCK,GB,ZONE 19,SA41
04,JC PEACOCK,GB,ZONE 19,SA42
04,JC PEACOCK,GB,ZONE 19,SA43
04,JC PEACOCK,GB,ZONE 19,SA44
04,JC PEACOCK,GB,ZONE 19,SA45
04,JC PEACOCK,GB,ZONE 19,SA46
04,JC PEACOCK,GB,ZONE 19,SA47
04,JC PEACOCK,GB,ZONE 19,SA48
04,JC PEACOCK,GB,ZONE 19,SA61
04,JC PEACOCK,GB,ZONE 19,SA62
04,JC PEACOCK,GB,ZONE 19,SA63
04,JC PEACOCK,GB,ZONE 19,SA64
04,JC PEACOCK,GB,ZONE 19,SA65
04,JC PEACOCK,GB,ZONE 19,SA66
04,JC PEACOCK,GB,ZONE 19,SA67
04,JC PEACOCK,GB,ZONE 19,SA68
04,JC PEACOCK,GB,ZONE 19,SA69
04,JC PEACOCK,GB,ZONE 19,SA70
04,JC PEACOCK,GB,ZONE 19,SA71
04,JC PEACOCK,GB,ZONE 19,SA72
04,JC PEACOCK,GB,ZONE 19,SA73
04,JC PEACOCK,GB,ZONE 19,SA80
04,JC PEACOCK,GB,ZONE 19,SA99
04,JC PEACOCK,GB,ZONE 13,SE1
04,JC PEACOCK,GB,ZONE 13,SE2
04,JC PEACOCK,GB,ZONE 13,SE3
04,JC PEACOCK,GB,ZONE 13,SE4
04,JC PEACOCK,GB,ZONE 13,SE5
04,JC PEACOCK,GB,ZONE 13,SE6
04,JC PEACOCK,GB,ZONE 13,SE7
04,JC PEACOCK,GB,ZONE 13,SE8
04,JC PEACOCK,GB,ZONE 13,SE9
04,JC PEACOCK,GB,ZONE 13,SE10
04,JC PEACOCK,GB,ZONE 13,SE11
04,JC PEACOCK,GB,ZONE 13,SE12
04,JC PEACOCK,GB,ZONE 13,SE13
04,JC PEACOCK,GB,ZONE 13,SE14
04,JC PEACOCK,GB,ZONE 13,SE15
04,JC PEACOCK,GB,ZONE 13,SE16
04,JC PEACOCK,GB,ZONE 13,SE17
04,JC PEACOCK,GB,ZONE 13,SE18
04,JC PEACOCK,GB,ZONE 13,SE19
04,JC PEACOCK,GB,ZONE 13,SE20
04,JC PEACOCK,GB,ZONE 13,SE21
04,JC PEACOCK,GB,ZONE 13,SE22
04,JC PEACOCK,GB,ZONE 13,SE23
04,JC PEACOCK,GB,ZONE 13,SE24
04,JC PEACOCK,GB,ZONE 13,SE25
04,JC PEACOCK,GB,ZONE 13,SE26
04,JC PEACOCK,GB,ZONE 13,SE27
04,JC PEACOCK,GB,ZONE 13,SE28
04,JC PEACOCK,GB,ZONE 5,SG1
04,JC PEACOCK,GB,ZONE 5,SG2
04,JC PEACOCK,GB,ZONE 5,SG3
04,JC PEACOCK,GB,ZONE 5,SG4
04,JC PEACOCK,GB,ZONE 5,SG5
04,JC PEACOCK,GB,ZONE 5,SG6
04,JC PEACOCK,GB,ZONE 5,SG7
04,JC PEACOCK,GB,ZONE 5,SG8
04,JC PEACOCK,GB,ZONE 5,SG9
04,JC PEACOCK,GB,ZONE 5,SG10
04,JC PEACOCK,GB,ZONE 5,SG11
04,JC PEACOCK,GB,ZONE 5,SG12
04,JC PEACOCK,GB,ZONE 5,SG13
04,JC PEACOCK,GB,ZONE 5,SG14
04,JC PEACOCK,GB,ZONE 5,SG15
04,JC PEACOCK,GB,ZONE 5,SG16
04,JC PEACOCK,GB,ZONE 5,SG17
04,JC PEACOCK,GB,ZONE 5,SG18
04,JC PEACOCK,GB,ZONE 5,SG19
04,JC PEACOCK,GB,ZONE 2,SK1
04,JC PEACOCK,GB,ZONE 2,SK2
04,JC PEACOCK,GB,ZONE 2,SK3
04,JC PEACOCK,GB,ZONE 2,SK4
04,JC PEACOCK,GB,ZONE 2,SK5
04,JC PEACOCK,GB,ZONE 2,SK6
04,JC PEACOCK,GB,ZONE 2,SK7
04,JC PEACOCK,GB,ZONE 2,SK8
04,JC PEACOCK,GB,ZONE 2,SK9
04,JC PEACOCK,GB,ZONE 2,SK10
04,JC PEACOCK,GB,ZONE 2,SK11
04,JC PEACOCK,GB,ZONE 2,SK12
04,JC PEACOCK,GB,ZONE 2,SK13
04,JC PEACOCK,GB,ZONE 2,SK14
04,JC PEACOCK,GB,ZONE 2,SK15
04,JC PEACOCK,GB,ZONE 2,SK16
04,JC PEACOCK,GB,ZONE 2,SK17
04,JC PEACOCK,GB,ZONE 2,SK22
04,JC PEACOCK,GB,ZONE 2,SK23
04,JC PEACOCK,GB,ZONE 5,SL0
04,JC PEACOCK,GB,ZONE 5,SL1
04,JC PEACOCK,GB,ZONE 5,SL2
04,JC PEACOCK,GB,ZONE 5,SL3
04,JC PEACOCK,GB,ZONE 5,SL4
04,JC PEACOCK,GB,ZONE 5,SL5
04,JC PEACOCK,GB,ZONE 5,SL6
04,JC PEACOCK,GB,ZONE 5,SL7
04,JC PEACOCK,GB,ZONE 5,SL8
04,JC PEACOCK,GB,ZONE 5,SL9
04,JC PEACOCK,GB,ZONE 5,SL95
04,JC PEACOCK,GB,ZONE 14,SM1
04,JC PEACOCK,GB,ZONE 14,SM2
04,JC PEACOCK,GB,ZONE 14,SM3
04,JC PEACOCK,GB,ZONE 14,SM4
04,JC PEACOCK,GB,ZONE 14,SM5
04,JC PEACOCK,GB,ZONE 14,SM6
04,JC PEACOCK,GB,ZONE 14,SM7
04,JC PEACOCK,GB,ZONE 11,SN1
04,JC PEACOCK,GB,ZONE 11,SN2
04,JC PEACOCK,GB,ZONE 11,SN3
04,JC PEACOCK,GB,ZONE 11,SN4
04,JC PEACOCK,GB,ZONE 11,SN5
04,JC PEACOCK,GB,ZONE 11,SN6
04,JC PEACOCK,GB,ZONE 11,SN7
04,JC PEACOCK,GB,ZONE 11,SN8
04,JC PEACOCK,GB,ZONE 11,SN9
04,JC PEACOCK,GB,ZONE 11,SN10
04,JC PEACOCK,GB,ZONE 11,SN11
04,JC PEACOCK,GB,ZONE 11,SN12
04,JC PEACOCK,GB,ZONE 11,SN13
04,JC PEACOCK,GB,ZONE 11,SN14
04,JC PEACOCK,GB,ZONE 11,SN15
04,JC PEACOCK,GB,ZONE 11,SN16
04,JC PEACOCK,GB,ZONE 11,SN25
04,JC PEACOCK,GB,ZONE 11,SN26
04,JC PEACOCK,GB,ZONE 11,SN38
04,JC PEACOCK,GB,ZONE 11,SN99
04,JC PEACOCK,GB,ZONE 11,SO14
04,JC PEACOCK,GB,ZONE 11,SO15
04,JC PEACOCK,GB,ZONE 11,SO16
04,JC PEACOCK,GB,ZONE 11,SO17
04,JC PEACOCK,GB,ZONE 11,SO18
04,JC PEACOCK,GB,ZONE 11,SO19
04,JC PEACOCK,GB,ZONE 11,SO20
04,JC PEACOCK,GB,ZONE 11,SO21
04,JC PEACOCK,GB,ZONE 11,SO22
04,JC PEACOCK,GB,ZONE 11,SO23
04,JC PEACOCK,GB,ZONE 11,SO24
04,JC PEACOCK,GB,ZONE 11,SO30
04,JC PEACOCK,GB,ZONE 11,SO31
04,JC PEACOCK,GB,ZONE 11,SO32
04,JC PEACOCK,GB,ZONE 11,SO40
04,JC PEACOCK,GB,ZONE 11,SO41
04,JC PEACOCK,GB,ZONE 11,SO42
04,JC PEACOCK,GB,ZONE 11,SO43
04,JC PEACOCK,GB,ZONE 11,SO45
04,JC PEACOCK,GB,ZONE 11,SO50
04,JC PEACOCK,GB,ZONE 11,SO51
04,JC PEACOCK,GB,ZONE 11,SO52
04,JC PEACOCK,GB,ZONE 11,SO53
04,JC PEACOCK,GB,ZONE 11,SO97
04,JC PEACOCK,GB,ZONE 11,SP1
04,JC PEACOCK,GB,ZONE 11,SP2
04,JC PEACOCK,GB,ZONE 11,SP3
04,JC PEACOCK,GB,ZONE 11,SP4
04,JC PEACOCK,GB,ZONE 11,SP5
04,JC PEACOCK,GB,ZONE 11,SP6
04,JC PEACOCK,GB,ZONE 11,SP7
04,JC PEACOCK,GB,ZONE 11,SP8
04,JC PEACOCK,GB,ZONE 11,SP9
04,JC PEACOCK,GB,ZONE 11,SP10
04,JC PEACOCK,GB,ZONE 11,SP11
04,JC PEACOCK,GB,ZONE 11,SR1
04,JC PEACOCK,GB,ZONE 11,SR2
04,JC PEACOCK,GB,ZONE 11,SR3
04,JC PEACOCK,GB,ZONE 11,SR4
04,JC PEACOCK,GB,ZONE 11,SR5
04,JC PEACOCK,GB,ZONE 11,SR6
04,JC PEACOCK,GB,ZONE 11,SR7
04,JC PEACOCK,GB,ZONE 11,SR8
04,JC PEACOCK,GB,ZONE 11,SR9
04,JC PEACOCK,GB,ZONE 11,SS0
04,JC PEACOCK,GB,ZONE 11,SS1
04,JC PEACOCK,GB,ZONE 11,SS2
04,JC PEACOCK,GB,ZONE 11,SS3
04,JC PEACOCK,GB,ZONE 11,SS4
04,JC PEACOCK,GB,ZONE 11,SS5
04,JC PEACOCK,GB,ZONE 11,SS6
04,JC PEACOCK,GB,ZONE 11,SS7
04,JC PEACOCK,GB,ZONE 11,SS8
04,JC PEACOCK,GB,ZONE 11,SS9
04,JC PEACOCK,GB,ZONE 11,SS11
04,JC PEACOCK,GB,ZONE 11,SS12
04,JC PEACOCK,GB,ZONE 11,SS13
04,JC PEACOCK,GB,ZONE 11,SS14
04,JC PEACOCK,GB,ZONE 11,SS15
04,JC PEACOCK,GB,ZONE 11,SS16
04,JC PEACOCK,GB,ZONE 11,SS17
04,JC PEACOCK,GB,ZONE 11,SS22
04,JC PEACOCK,GB,ZONE 11,SS99
04,JC PEACOCK,GB,ZONE 2,ST1
04,JC PEACOCK,GB,ZONE 2,ST2
04,JC PEACOCK,GB,ZONE 2,ST3
04,JC PEACOCK,GB,ZONE 2,ST4
04,JC PEACOCK,GB,ZONE 2,ST5
04,JC PEACOCK,GB,ZONE 2,ST6
04,JC PEACOCK,GB,ZONE 2,ST7
04,JC PEACOCK,GB,ZONE 2,ST8
04,JC PEACOCK,GB,ZONE 2,ST9
04,JC PEACOCK,GB,ZONE 2,ST10
04,JC PEACOCK,GB,ZONE 2,ST11
04,JC PEACOCK,GB,ZONE 2,ST12
04,JC PEACOCK,GB,ZONE 2,ST13
04,JC PEACOCK,GB,ZONE 2,ST14
04,JC PEACOCK,GB,ZONE 2,ST15
04,JC PEACOCK,GB,ZONE 2,ST16
04,JC PEACOCK,GB,ZONE 2,ST17
04,JC PEACOCK,GB,ZONE 2,ST18
04,JC PEACOCK,GB,ZONE 2,ST19
04,JC PEACOCK,GB,ZONE 2,ST20
04,JC PEACOCK,GB,ZONE 2,ST21
04,JC PEACOCK,GB,ZONE 2,ST55
04,JC PEACOCK,GB,ZONE 13,SW1A
04,JC PEACOCK,GB,ZONE 13,SW1E
04,JC PEACOCK,GB,ZONE 13,SW1H
04,JC PEACOCK,GB,ZONE 13,SW1P
04,JC PEACOCK,GB,ZONE 13,SW1V
04,JC PEACOCK,GB,ZONE 13,SW1W
04,JC PEACOCK,GB,ZONE 13,SW1X
04,JC PEACOCK,GB,ZONE 13,SW1Y
04,JC PEACOCK,GB,ZONE 13,SW2
04,JC PEACOCK,GB,ZONE 13,SW3
04,JC PEACOCK,GB,ZONE 13,SW4
04,JC PEACOCK,GB,ZONE 13,SW5
04,JC PEACOCK,GB,ZONE 13,SW6
04,JC PEACOCK,GB,ZONE 13,SW7
04,JC PEACOCK,GB,ZONE 13,SW8
04,JC PEACOCK,GB,ZONE 13,SW9
04,JC PEACOCK,GB,ZONE 13,SW10
04,JC PEACOCK,GB,ZONE 13,SW11
04,JC PEACOCK,GB,ZONE 13,SW12
04,JC PEACOCK,GB,ZONE 13,SW13
04,JC PEACOCK,GB,ZONE 13,SW14
04,JC PEACOCK,GB,ZONE 13,SW15
04,JC PEACOCK,GB,ZONE 13,SW16
04,JC PEACOCK,GB,ZONE 13,SW17
04,JC PEACOCK,GB,ZONE 13,SW18
04,JC PEACOCK,GB,ZONE 13,SW19
04,JC PEACOCK,GB,ZONE 13,SW20
04,JC PEACOCK,GB,ZONE 13,SW95
04,JC PEACOCK,GB,ZONE 13,SW99
04,JC PEACOCK,GB,ZONE 16,SY1
04,JC PEACOCK,GB,ZONE 16,SY2
04,JC PEACOCK,GB,ZONE 16,SY3
04,JC PEACOCK,GB,ZONE 16,SY4
04,JC PEACOCK,GB,ZONE 16,SY5
04,JC PEACOCK,GB,ZONE 16,SY6
04,JC PEACOCK,GB,ZONE 16,SY7
04,JC PEACOCK,GB,ZONE 16,SY8
04,JC PEACOCK,GB,ZONE 16,SY9
04,JC PEACOCK,GB,ZONE 16,SY10
04,JC PEACOCK,GB,ZONE 16,SY11
04,JC PEACOCK,GB,ZONE 16,SY12
04,JC PEACOCK,GB,ZONE 16,SY13
04,JC PEACOCK,GB,ZONE 16,SY14
04,JC PEACOCK,GB,ZONE 16,SY15
04,JC PEACOCK,GB,ZONE 16,SY16
04,JC PEACOCK,GB,ZONE 16,SY17
04,JC PEACOCK,GB,ZONE 16,SY18
04,JC PEACOCK,GB,ZONE 16,SY19
04,JC PEACOCK,GB,ZONE 16,SY20
04,JC PEACOCK,GB,ZONE 16,SY21
04,JC PEACOCK,GB,ZONE 16,SY22
04,JC PEACOCK,GB,ZONE 16,SY23
04,JC PEACOCK,GB,ZONE 16,SY24
04,JC PEACOCK,GB,ZONE 16,SY25
04,JC PEACOCK,GB,ZONE 16,SY99
04,JC PEACOCK,GB,ZONE 15,TA1
04,JC PEACOCK,GB,ZONE 15,TA2
04,JC PEACOCK,GB,ZONE 15,TA3
04,JC PEACOCK,GB,ZONE 15,TA4
04,JC PEACOCK,GB,ZONE 15,TA5
04,JC PEACOCK,GB,ZONE 15,TA6
04,JC PEACOCK,GB,ZONE 15,TA7
04,JC PEACOCK,GB,ZONE 17,TA8
04,JC PEACOCK,GB,ZONE 17,TA9
04,JC PEACOCK,GB,ZONE 17,TA10
04,JC PEACOCK,GB,ZONE 17,TA11
04,JC PEACOCK,GB,ZONE 17,TA12
04,JC PEACOCK,GB,ZONE 17,TA13
04,JC PEACOCK,GB,ZONE 17,TA14
04,JC PEACOCK,GB,ZONE 17,TA15
04,JC PEACOCK,GB,ZONE 17,TA16
04,JC PEACOCK,GB,ZONE 15,TA17
04,JC PEACOCK,GB,ZONE 15,TA18
04,JC PEACOCK,GB,ZONE 15,TA19
04,JC PEACOCK,GB,ZONE 15,TA20
04,JC PEACOCK,GB,ZONE 15,TA21
04,JC PEACOCK,GB,ZONE 15,TA22
04,JC PEACOCK,GB,ZONE 15,TA23
04,JC PEACOCK,GB,ZONE 15,TA24
04,JC PEACOCK,GB,ZONE 2,TF1
04,JC PEACOCK,GB,ZONE 2,TF2
04,JC PEACOCK,GB,ZONE 2,TF3
04,JC PEACOCK,GB,ZONE 2,TF4
04,JC PEACOCK,GB,ZONE 2,TF5
04,JC PEACOCK,GB,ZONE 2,TF6
04,JC PEACOCK,GB,ZONE 2,TF7
04,JC PEACOCK,GB,ZONE 2,TF8
04,JC PEACOCK,GB,ZONE 2,TF9
04,JC PEACOCK,GB,ZONE 2,TF10
04,JC PEACOCK,GB,ZONE 2,TF11
04,JC PEACOCK,GB,ZONE 2,TF12
04,JC PEACOCK,GB,ZONE 2,TF13
04,JC PEACOCK,GB,ZONE 16,TN1
04,JC PEACOCK,GB,ZONE 16,TN2
04,JC PEACOCK,GB,ZONE 16,TN3
04,JC PEACOCK,GB,ZONE 16,TN4
04,JC PEACOCK,GB,ZONE 16,TN5
04,JC PEACOCK,GB,ZONE 16,TN6
04,JC PEACOCK,GB,ZONE 16,TN7
04,JC PEACOCK,GB,ZONE 16,TN8
04,JC PEACOCK,GB,ZONE 16,TN9
04,JC PEACOCK,GB,ZONE 16,TN10
04,JC PEACOCK,GB,ZONE 16,TN11
04,JC PEACOCK,GB,ZONE 16,TN12
04,JC PEACOCK,GB,ZONE 16,TN13
04,JC PEACOCK,GB,ZONE 16,TN14
04,JC PEACOCK,GB,ZONE 16,TN15
04,JC PEACOCK,GB,ZONE 16,TN16
04,JC PEACOCK,GB,ZONE 16,TN17
04,JC PEACOCK,GB,ZONE 16,TN18
04,JC PEACOCK,GB,ZONE 16,TN19
04,JC PEACOCK,GB,ZONE 16,TN20
04,JC PEACOCK,GB,ZONE 16,TN21
04,JC PEACOCK,GB,ZONE 16,TN22
04,JC PEACOCK,GB,ZONE 16,TN23
04,JC PEACOCK,GB,ZONE 16,TN24
04,JC PEACOCK,GB,ZONE 16,TN25
04,JC PEACOCK,GB,ZONE 16,TN26
04,JC PEACOCK,GB,ZONE 16,TN27
04,JC PEACOCK,GB,ZONE 16,TN28
04,JC PEACOCK,GB,ZONE 16,TN29
04,JC PEACOCK,GB,ZONE 16,TN30
04,JC PEACOCK,GB,ZONE 16,TN31
04,JC PEACOCK,GB,ZONE 16,TN32
04,JC PEACOCK,GB,ZONE 16,TN33
04,JC PEACOCK,GB,ZONE 16,TN34
04,JC PEACOCK,GB,ZONE 16,TN35
04,JC PEACOCK,GB,ZONE 16,TN36
04,JC PEACOCK,GB,ZONE 16,TN37
04,JC PEACOCK,GB,ZONE 16,TN38
04,JC PEACOCK,GB,ZONE 16,TN39
04,JC PEACOCK,GB,ZONE 16,TN40
04,JC PEACOCK,GB,ZONE 19,TQ1
04,JC PEACOCK,GB,ZONE 19,TQ2
04,JC PEACOCK,GB,ZONE 19,TQ3
04,JC PEACOCK,GB,ZONE 19,TQ4
04,JC PEACOCK,GB,ZONE 19,TQ5
04,JC PEACOCK,GB,ZONE 19,TQ6
04,JC PEACOCK,GB,ZONE 19,TQ7
04,JC PEACOCK,GB,ZONE 19,TQ8
04,JC PEACOCK,GB,ZONE 19,TQ9
04,JC PEACOCK,GB,ZONE 19,TQ10
04,JC PEACOCK,GB,ZONE 19,TQ11
04,JC PEACOCK,GB,ZONE 19,TQ12
04,JC PEACOCK,GB,ZONE 19,TQ13
04,JC PEACOCK,GB,ZONE 19,TQ14
04,JC PEACOCK,GB,ZONE 19,TR1
04,JC PEACOCK,GB,ZONE 19,TR2
04,JC PEACOCK,GB,ZONE 19,TR3
04,JC PEACOCK,GB,ZONE 19,TR4
04,JC PEACOCK,GB,ZONE 19,TR5
04,JC PEACOCK,GB,ZONE 19,TR6
04,JC PEACOCK,GB,ZONE 19,TR7
04,JC PEACOCK,GB,ZONE 19,TR8
04,JC PEACOCK,GB,ZONE 19,TR9
04,JC PEACOCK,GB,ZONE 19,TR10
04,JC PEACOCK,GB,ZONE 19,TR11
04,JC PEACOCK,GB,ZONE 19,TR12
04,JC PEACOCK,GB,ZONE 19,TR13
04,JC PEACOCK,GB,ZONE 19,TR14
04,JC PEACOCK,GB,ZONE 19,TR15
04,JC PEACOCK,GB,ZONE 19,TR16
04,JC PEACOCK,GB,ZONE 19,TR17
04,JC PEACOCK,GB,ZONE 19,TR18
04,JC PEACOCK,GB,ZONE 19,TR19
04,JC PEACOCK,GB,ZONE 19,TR20
04,JC PEACOCK,GB,ZONE 19,TR21
04,JC PEACOCK,GB,ZONE 19,TR22
04,JC PEACOCK,GB,ZONE 19,TR23
04,JC PEACOCK,GB,ZONE 19,TR24
04,JC PEACOCK,GB,ZONE 19,TR25
04,JC PEACOCK,GB,ZONE 19,TR26
04,JC PEACOCK,GB,ZONE 19,TR27
04,JC PEACOCK,GB,ZONE 19,TR93
04,JC PEACOCK,GB,ZONE 11,TS1
04,JC PEACOCK,GB,ZONE 11,TS2
04,JC PEACOCK,GB,ZONE 11,TS3
04,JC PEACOCK,GB,ZONE 11,TS4
04,JC PEACOCK,GB,ZONE 11,TS5
04,JC PEACOCK,GB,ZONE 11,TS6
04,JC PEACOCK,GB,ZONE 11,TS7
04,JC PEACOCK,GB,ZONE 11,TS8
04,JC PEACOCK,GB,ZONE 11,TS9
04,JC PEACOCK,GB,ZONE 11,TS10
04,JC PEACOCK,GB,ZONE 11,TS11
04,JC PEACOCK,GB,ZONE 11,TS12
04,JC PEACOCK,GB,ZONE 11,TS13
04,JC PEACOCK,GB,ZONE 11,TS14
04,JC PEACOCK,GB,ZONE 11,TS15
04,JC PEACOCK,GB,ZONE 11,TS16
04,JC PEACOCK,GB,ZONE 11,TS17
04,JC PEACOCK,GB,ZONE 11,TS18
04,JC PEACOCK,GB,ZONE 11,TS19
04,JC PEACOCK,GB,ZONE 11,TS20
04,JC PEACOCK,GB,ZONE 11,TS21
04,JC PEACOCK,GB,ZONE 11,TS22
04,JC PEACOCK,GB,ZONE 11,TS23
04,JC PEACOCK,GB,ZONE 11,TS24
04,JC PEACOCK,GB,ZONE 11,TS25
04,JC PEACOCK,GB,ZONE 11,TS26
04,JC PEACOCK,GB,ZONE 11,TS27
04,JC PEACOCK,GB,ZONE 11,TS28
04,JC PEACOCK,GB,ZONE 11,TS29
04,JC PEACOCK,GB,ZONE 11,TS90
04,JC PEACOCK,GB,ZONE 6,TW1
04,JC PEACOCK,GB,ZONE 6,TW2
04,JC PEACOCK,GB,ZONE 6,TW3
04,JC PEACOCK,GB,ZONE 6,TW4
04,JC PEACOCK,GB,ZONE 6,TW5
04,JC PEACOCK,GB,ZONE 6,TW6
04,JC PEACOCK,GB,ZONE 6,TW7
04,JC PEACOCK,GB,ZONE 6,TW8
04,JC PEACOCK,GB,ZONE 6,TW9
04,JC PEACOCK,GB,ZONE 6,TW10
04,JC PEACOCK,GB,ZONE 6,TW11
04,JC PEACOCK,GB,ZONE 6,TW12
04,JC PEACOCK,GB,ZONE 6,TW13
04,JC PEACOCK,GB,ZONE 6,TW14
04,JC PEACOCK,GB,ZONE 6,TW15
04,JC PEACOCK,GB,ZONE 6,TW16
04,JC PEACOCK,GB,ZONE 6,TW17
04,JC PEACOCK,GB,ZONE 6,TW18
04,JC PEACOCK,GB,ZONE 6,TW19
04,JC PEACOCK,GB,ZONE 6,TW20
04,JC PEACOCK,GB,ZONE 6,UB1
04,JC PEACOCK,GB,ZONE 6,UB2
04,JC PEACOCK,GB,ZONE 6,UB3
04,JC PEACOCK,GB,ZONE 6,UB4
04,JC PEACOCK,GB,ZONE 6,UB5
04,JC PEACOCK,GB,ZONE 6,UB6
04,JC PEACOCK,GB,ZONE 6,UB7
04,JC PEACOCK,GB,ZONE 6,UB8
04,JC PEACOCK,GB,ZONE 6,UB9
04,JC PEACOCK,GB,ZONE 6,UB10
04,JC PEACOCK,GB,ZONE 6,UB11
04,JC PEACOCK,GB,ZONE 6,UB18
04,JC PEACOCK,GB,ZONE 13,W1A
04,JC PEACOCK,GB,ZONE 13,W1B
04,JC PEACOCK,GB,ZONE 13,W1C
04,JC PEACOCK,GB,ZONE 13,W1D
04,JC PEACOCK,GB,ZONE 13,W1F
04,JC PEACOCK,GB,ZONE 13,W1G
04,JC PEACOCK,GB,ZONE 13,W1H
04,JC PEACOCK,GB,ZONE 13,W1J
04,JC PEACOCK,GB,ZONE 13,W1K
04,JC PEACOCK,GB,ZONE 13,W1S
04,JC PEACOCK,GB,ZONE 13,W1T
04,JC PEACOCK,GB,ZONE 13,W1U
04,JC PEACOCK,GB,ZONE 13,W1W
04,JC PEACOCK,GB,ZONE 13,W2
04,JC PEACOCK,GB,ZONE 13,W3
04,JC PEACOCK,GB,ZONE 13,W4
04,JC PEACOCK,GB,ZONE 13,W5
04,JC PEACOCK,GB,ZONE 13,W6
04,JC PEACOCK,GB,ZONE 13,W7
04,JC PEACOCK,GB,ZONE 13,W8
04,JC PEACOCK,GB,ZONE 13,W9
04,JC PEACOCK,GB,ZONE 13,W10
04,JC PEACOCK,GB,ZONE 13,W11
04,JC PEACOCK,GB,ZONE 13,W12
04,JC PEACOCK,GB,ZONE 13,W13
04,JC PEACOCK,GB,ZONE 13,W14
04,JC PEACOCK,GB,ZONE 1,WA1
04,JC PEACOCK,GB,ZONE 1,WA2
04,JC PEACOCK,GB,ZONE 1,WA3
04,JC PEACOCK,GB,ZONE 1,WA4
04,JC PEACOCK,GB,ZONE 1,WA5
04,JC PEACOCK,GB,ZONE 1,WA6
04,JC PEACOCK,GB,ZONE 1,WA7
04,JC PEACOCK,GB,ZONE 1,WA8
04,JC PEACOCK,GB,ZONE 1,WA9
04,JC PEACOCK,GB,ZONE 1,WA10
04,JC PEACOCK,GB,ZONE 1,WA11
04,JC PEACOCK,GB,ZONE 1,WA12
04,JC PEACOCK,GB,ZONE 1,WA13
04,JC PEACOCK,GB,ZONE 1,WA14
04,JC PEACOCK,GB,ZONE 1,WA15
04,JC PEACOCK,GB,ZONE 1,WA16
04,JC PEACOCK,GB,ZONE 1,WA55
04,JC PEACOCK,GB,ZONE 1,WA88
04,JC PEACOCK,GB,ZONE 13,WC1A
04,JC PEACOCK,GB,ZONE 13,WC1B
04,JC PEACOCK,GB,ZONE 13,WC1E
04,JC PEACOCK,GB,ZONE 13,WC1H
04,JC PEACOCK,GB,ZONE 13,WC1N
04,JC PEACOCK,GB,ZONE 13,WC1R
04,JC PEACOCK,GB,ZONE 13,WC1V
04,JC PEACOCK,GB,ZONE 13,WC1X
04,JC PEACOCK,GB,ZONE 13,WC2A
04,JC PEACOCK,GB,ZONE 13,WC2B
04,JC PEACOCK,GB,ZONE 13,WC2E
04,JC PEACOCK,GB,ZONE 13,WC2H
04,JC PEACOCK,GB,ZONE 13,WC2N
04,JC PEACOCK,GB,ZONE 13,WC2R
04,JC PEACOCK,GB,ZONE 8,WD3
04,JC PEACOCK,GB,ZONE 8,WD4
04,JC PEACOCK,GB,ZONE 8,WD5
04,JC PEACOCK,GB,ZONE 8,WD6
04,JC PEACOCK,GB,ZONE 8,WD7
04,JC PEACOCK,GB,ZONE 8,WD17
04,JC PEACOCK,GB,ZONE 8,WD18
04,JC PEACOCK,GB,ZONE 8,WD19
04,JC PEACOCK,GB,ZONE 8,WD23
04,JC PEACOCK,GB,ZONE 8,WD24
04,JC PEACOCK,GB,ZONE 8,WD25
04,JC PEACOCK,GB,ZONE 2,WF1
04,JC PEACOCK,GB,ZONE 2,WF2
04,JC PEACOCK,GB,ZONE 2,WF3
04,JC PEACOCK,GB,ZONE 2,WF4
04,JC PEACOCK,GB,ZONE 2,WF5
04,JC PEACOCK,GB,ZONE 2,WF6
04,JC PEACOCK,GB,ZONE 2,WF7
04,JC PEACOCK,GB,ZONE 2,WF8
04,JC PEACOCK,GB,ZONE 2,WF9
04,JC PEACOCK,GB,ZONE 2,WF10
04,JC PEACOCK,GB,ZONE 2,WF11
04,JC PEACOCK,GB,ZONE 2,WF12
04,JC PEACOCK,GB,ZONE 2,WF13
04,JC PEACOCK,GB,ZONE 2,WF14
04,JC PEACOCK,GB,ZONE 2,WF15
04,JC PEACOCK,GB,ZONE 2,WF16
04,JC PEACOCK,GB,ZONE 2,WF17
04,JC PEACOCK,GB,ZONE 1,WN1
04,JC PEACOCK,GB,ZONE 1,WN2
04,JC PEACOCK,GB,ZONE 1,WN3
04,JC PEACOCK,GB,ZONE 1,WN4
04,JC PEACOCK,GB,ZONE 1,WN5
04,JC PEACOCK,GB,ZONE 1,WN6
04,JC PEACOCK,GB,ZONE 1,WN7
04,JC PEACOCK,GB,ZONE 1,WN8
04,JC PEACOCK,GB,ZONE 2,WR1
04,JC PEACOCK,GB,ZONE 2,WR2
04,JC PEACOCK,GB,ZONE 2,WR3
04,JC PEACOCK,GB,ZONE 2,WR4
04,JC PEACOCK,GB,ZONE 2,WR5
04,JC PEACOCK,GB,ZONE 2,WR6
04,JC PEACOCK,GB,ZONE 2,WR7
04,JC PEACOCK,GB,ZONE 2,WR8
04,JC PEACOCK,GB,ZONE 2,WR9
04,JC PEACOCK,GB,ZONE 2,WR10
04,JC PEACOCK,GB,ZONE 2,WR11
04,JC PEACOCK,GB,ZONE 2,WR12
04,JC PEACOCK,GB,ZONE 2,WR13
04,JC PEACOCK,GB,ZONE 2,WR14
04,JC PEACOCK,GB,ZONE 2,WR15
04,JC PEACOCK,GB,ZONE 2,WR78
04,JC PEACOCK,GB,ZONE 2,WR99
04,JC PEACOCK,GB,ZONE 2,WS1
04,JC PEACOCK,GB,ZONE 2,WS2
04,JC PEACOCK,GB,ZONE 2,WS3
04,JC PEACOCK,GB,ZONE 2,WS4
04,JC PEACOCK,GB,ZONE 2,WS5
04,JC PEACOCK,GB,ZONE 2,WS6
04,JC PEACOCK,GB,ZONE 2,WS7
04,JC PEACOCK,GB,ZONE 2,WS8
04,JC PEACOCK,GB,ZONE 2,WS9
04,JC PEACOCK,GB,ZONE 2,WS10
04,JC PEACOCK,GB,ZONE 2,WS11
04,JC PEACOCK,GB,ZONE 2,WS12
04,JC PEACOCK,GB,ZONE 2,WS13
04,JC PEACOCK,GB,ZONE 2,WS14
04,JC PEACOCK,GB,ZONE 2,WS15
04,JC PEACOCK,GB,ZONE 2,WV1
04,JC PEACOCK,GB,ZONE 2,WV2
04,JC PEACOCK,GB,ZONE 2,WV3
04,JC PEACOCK,GB,ZONE 2,WV4
04,JC PEACOCK,GB,ZONE 2,WV5
04,JC PEACOCK,GB,ZONE 2,WV6
04,JC PEACOCK,GB,ZONE 2,WV7
04,JC PEACOCK,GB,ZONE 2,WV8
04,JC PEACOCK,GB,ZONE 2,WV9
04,JC PEACOCK,GB,ZONE 2,WV10
04,JC PEACOCK,GB,ZONE 2,WV11
04,JC PEACOCK,GB,ZONE 2,WV12
04,JC PEACOCK,GB,ZONE 2,WV13
04,JC PEACOCK,GB,ZONE 2,WV14
04,JC PEACOCK,GB,ZONE 2,WV15
04,JC PEACOCK,GB,ZONE 2,WV16
04,JC PEACOCK,GB,ZONE 14,YO1
04,JC PEACOCK,GB,ZONE 14,YO7
04,JC PEACOCK,GB,ZONE 14,YO8
04,JC PEACOCK,GB,ZONE 14,YO10
04,JC PEACOCK,GB,ZONE 14,YO11
04,JC PEACOCK,GB,ZONE 14,YO12
04,JC PEACOCK,GB,ZONE 14,YO13
04,JC PEACOCK,GB,ZONE 14,YO14
04,JC PEACOCK,GB,ZONE 14,YO15
04,JC PEACOCK,GB,ZONE 14,YO16
04,JC PEACOCK,GB,ZONE 14,YO17
04,JC PEACOCK,GB,ZONE 14,YO18
04,JC PEACOCK,GB,ZONE 14,YO19
04,JC PEACOCK,GB,ZONE 14,YO21
04,JC PEACOCK,GB,ZONE 14,YO22
04,JC PEACOCK,GB,ZONE 14,YO23
04,JC PEACOCK,GB,ZONE 14,YO24
04,JC PEACOCK,GB,ZONE 14,YO25
04,JC PEACOCK,GB,ZONE 14,YO26
04,JC PEACOCK,GB,ZONE 14,YO30
04,JC PEACOCK,GB,ZONE 14,YO31
04,JC PEACOCK,GB,ZONE 14,YO32
04,JC PEACOCK,GB,ZONE 14,YO41
04,JC PEACOCK,GB,ZONE 14,YO42
04,JC PEACOCK,GB,ZONE 14,YO43
04,JC PEACOCK,GB,ZONE 14,YO51
04,JC PEACOCK,GB,ZONE 14,YO60
04,JC PEACOCK,GB,ZONE 14,YO61
04,JC PEACOCK,GB,ZONE 14,YO62
04,JC PEACOCK,GB,ZONE 14,YO90
04,JC PEACOCK,GB,ZONE 14,YO91
04,JC PEACOCK,GB,ZONE 14,YO95
