04,KOOLMAX,GB,ZONE 5,AL1
04,KOOLMAX,GB,ZONE 5,AL2
04,KOOLMAX,GB,ZONE 5,AL3
04,KOOLMAX,GB,ZONE 5,AL4
04,KOOLMAX,GB,ZONE 5,AL5
04,KOOLMAX,GB,ZONE 5,AL6
04,KOOLMAX,GB,ZONE 5,AL7
04,KOOLMAX,GB,ZONE 5,AL8
04,KOOLMAX,GB,ZONE 5,AL9
04,KOOLMAX,GB,ZONE 5,AL10
04,KOOLMAX,GB,ZONE 2,B1
04,KOOLMAX,GB,ZONE 2,B2
04,KOOLMAX,GB,ZONE 2,B3
04,KOOLMAX,GB,ZONE 2,B4
04,KOOLMAX,GB,ZONE 2,B5
04,KOOLMAX,GB,ZONE 2,B6
04,KOOLMAX,GB,ZONE 2,B7
04,KOOLMAX,GB,ZONE 2,B8
04,KOOLMAX,GB,ZONE 2,B9
04,KOOLMAX,GB,ZONE 2,B10
04,KOOLMAX,GB,ZONE 2,B11
04,KOOLMAX,GB,ZONE 2,B12
04,KOOLMAX,GB,ZONE 2,B13
04,KOOLMAX,GB,ZONE 2,B14
04,KOOLMAX,GB,ZONE 2,B15
04,KOOLMAX,GB,ZONE 2,B16
04,KOOLMAX,GB,ZONE 2,B17
04,KOOLMAX,GB,ZONE 2,B18
04,KOOLMAX,GB,ZONE 2,B19
04,KOOLMAX,GB,ZONE 2,B20
04,KOOLMAX,GB,ZONE 2,B21
04,KOOLMAX,GB,ZONE 2,B23
04,KOOLMAX,GB,ZONE 2,B24
04,KOOLMAX,GB,ZONE 2,B25
04,KOOLMAX,GB,ZONE 2,B26
04,KOOLMAX,GB,ZONE 2,B27
04,KOOLMAX,GB,ZONE 2,B28
04,KOOLMAX,GB,ZONE 2,B29
04,KOOLMAX,GB,ZONE 2,B30
04,KOOLMAX,GB,ZONE 2,B31
04,KOOLMAX,GB,ZONE 2,B32
04,KOOLMAX,GB,ZONE 2,B33
04,KOOLMAX,GB,ZONE 2,B34
04,KOOLMAX,GB,ZONE 2,B35
04,KOOLMAX,GB,ZONE 2,B36
04,KOOLMAX,GB,ZONE 2,B37
04,KOOLMAX,GB,ZONE 2,B38
04,KOOLMAX,GB,ZONE 2,B40
04,KOOLMAX,GB,ZONE 2,B42
04,KOOLMAX,GB,ZONE 2,B43
04,KOOLMAX,GB,ZONE 2,B44
04,KOOLMAX,GB,ZONE 2,B45
04,KOOLMAX,GB,ZONE 2,B46
04,KOOLMAX,GB,ZONE 2,B47
04,KOOLMAX,GB,ZONE 2,B48
04,KOOLMAX,GB,ZONE 2,B49
04,KOOLMAX,GB,ZONE 2,B50
04,KOOLMAX,GB,ZONE 2,B60
04,KOOLMAX,GB,ZONE 2,B61
04,KOOLMAX,GB,ZONE 2,B62
04,KOOLMAX,GB,ZONE 2,B63
04,KOOLMAX,GB,ZONE 2,B64
04,KOOLMAX,GB,ZONE 2,B65
04,KOOLMAX,GB,ZONE 2,B66
04,KOOLMAX,GB,ZONE 2,B67
04,KOOLMAX,GB,ZONE 2,B68
04,KOOLMAX,GB,ZONE 2,B69
04,KOOLMAX,GB,ZONE 2,B70
04,KOOLMAX,GB,ZONE 2,B71
04,KOOLMAX,GB,ZONE 2,B72
04,KOOLMAX,GB,ZONE 2,B73
04,KOOLMAX,GB,ZONE 2,B74
04,KOOLMAX,GB,ZONE 2,B75
04,KOOLMAX,GB,ZONE 2,B76
04,KOOLMAX,GB,ZONE 2,B77
04,KOOLMAX,GB,ZONE 2,B78
04,KOOLMAX,GB,ZONE 2,B79
04,KOOLMAX,GB,ZONE 2,B80
04,KOOLMAX,GB,ZONE 2,B90
04,KOOLMAX,GB,ZONE 2,B91
04,KOOLMAX,GB,ZONE 2,B92
04,KOOLMAX,GB,ZONE 2,B93
04,KOOLMAX,GB,ZONE 2,B94
04,KOOLMAX,GB,ZONE 2,B95
04,KOOLMAX,GB,ZONE 2,B96
04,KOOLMAX,GB,ZONE 2,B97
04,KOOLMAX,GB,ZONE 2,B98
04,KOOLMAX,GB,ZONE 2,B99
04,KOOLMAX,GB,ZONE 6,BA1
04,KOOLMAX,GB,ZONE 6,BA2
04,KOOLMAX,GB,ZONE 6,BA3
04,KOOLMAX,GB,ZONE 6,BA4
04,KOOLMAX,GB,ZONE 6,BA5
04,KOOLMAX,GB,ZONE 6,BA6
04,KOOLMAX,GB,ZONE 6,BA7
04,KOOLMAX,GB,ZONE 6,BA8
04,KOOLMAX,GB,ZONE 6,BA9
04,KOOLMAX,GB,ZONE 6,BA10
04,KOOLMAX,GB,ZONE 6,BA11
04,KOOLMAX,GB,ZONE 6,BA12
04,KOOLMAX,GB,ZONE 6,BA13
04,KOOLMAX,GB,ZONE 6,BA14
04,KOOLMAX,GB,ZONE 6,BA15
04,KOOLMAX,GB,ZONE 6,BA16
04,KOOLMAX,GB,ZONE 6,BA20
04,KOOLMAX,GB,ZONE 6,BA21
04,KOOLMAX,GB,ZONE 6,BA22
04,KOOLMAX,GB,ZONE 2,BB1
04,KOOLMAX,GB,ZONE 2,BB2
04,KOOLMAX,GB,ZONE 2,BB3
04,KOOLMAX,GB,ZONE 2,BB4
04,KOOLMAX,GB,ZONE 2,BB5
04,KOOLMAX,GB,ZONE 2,BB6
04,KOOLMAX,GB,ZONE 2,BB7
04,KOOLMAX,GB,ZONE 2,BB8
04,KOOLMAX,GB,ZONE 2,BB9
04,KOOLMAX,GB,ZONE 2,BB10
04,KOOLMAX,GB,ZONE 2,BB11
04,KOOLMAX,GB,ZONE 2,BB12
04,KOOLMAX,GB,ZONE 2,BB18
04,KOOLMAX,GB,ZONE 2,BB94
04,KOOLMAX,GB,ZONE 2,BD1
04,KOOLMAX,GB,ZONE 2,BD2
04,KOOLMAX,GB,ZONE 2,BD3
04,KOOLMAX,GB,ZONE 2,BD4
04,KOOLMAX,GB,ZONE 2,BD5
04,KOOLMAX,GB,ZONE 2,BD6
04,KOOLMAX,GB,ZONE 2,BD7
04,KOOLMAX,GB,ZONE 2,BD8
04,KOOLMAX,GB,ZONE 2,BD9
04,KOOLMAX,GB,ZONE 2,BD10
04,KOOLMAX,GB,ZONE 2,BD11
04,KOOLMAX,GB,ZONE 2,BD12
04,KOOLMAX,GB,ZONE 2,BD13
04,KOOLMAX,GB,ZONE 2,BD14
04,KOOLMAX,GB,ZONE 2,BD15
04,KOOLMAX,GB,ZONE 2,BD16
04,KOOLMAX,GB,ZONE 2,BD17
04,KOOLMAX,GB,ZONE 2,BD18
04,KOOLMAX,GB,ZONE 2,BD19
04,KOOLMAX,GB,ZONE 2,BD20
04,KOOLMAX,GB,ZONE 2,BD21
04,KOOLMAX,GB,ZONE 2,BD22
04,KOOLMAX,GB,ZONE 2,BD23
04,KOOLMAX,GB,ZONE 2,BD24
04,KOOLMAX,GB,ZONE 2,BD97
04,KOOLMAX,GB,ZONE 2,BD98
04,KOOLMAX,GB,ZONE 2,BD99
04,KOOLMAX,GB,ZONE 5,BH1
04,KOOLMAX,GB,ZONE 5,BH2
04,KOOLMAX,GB,ZONE 5,BH3
04,KOOLMAX,GB,ZONE 5,BH4
04,KOOLMAX,GB,ZONE 5,BH5
04,KOOLMAX,GB,ZONE 5,BH6
04,KOOLMAX,GB,ZONE 5,BH7
04,KOOLMAX,GB,ZONE 5,BH8
04,KOOLMAX,GB,ZONE 5,BH9
04,KOOLMAX,GB,ZONE 5,BH10
04,KOOLMAX,GB,ZONE 5,BH11
04,KOOLMAX,GB,ZONE 5,BH12
04,KOOLMAX,GB,ZONE 5,BH13
04,KOOLMAX,GB,ZONE 5,BH14
04,KOOLMAX,GB,ZONE 5,BH15
04,KOOLMAX,GB,ZONE 5,BH16
04,KOOLMAX,GB,ZONE 5,BH17
04,KOOLMAX,GB,ZONE 5,BH18
04,KOOLMAX,GB,ZONE 5,BH19
04,KOOLMAX,GB,ZONE 5,BH20
04,KOOLMAX,GB,ZONE 5,BH21
04,KOOLMAX,GB,ZONE 5,BH22
04,KOOLMAX,GB,ZONE 5,BH23
04,KOOLMAX,GB,ZONE 5,BH24
04,KOOLMAX,GB,ZONE 5,BH25
04,KOOLMAX,GB,ZONE 5,BH31
04,KOOLMAX,GB,ZONE 2,BL0
04,KOOLMAX,GB,ZONE 2,BL1
04,KOOLMAX,GB,ZONE 2,BL2
04,KOOLMAX,GB,ZONE 2,BL3
04,KOOLMAX,GB,ZONE 2,BL4
04,KOOLMAX,GB,ZONE 2,BL5
04,KOOLMAX,GB,ZONE 2,BL6
04,KOOLMAX,GB,ZONE 2,BL7
04,KOOLMAX,GB,ZONE 2,BL8
04,KOOLMAX,GB,ZONE 2,BL9
04,KOOLMAX,GB,ZONE 2,BL11
04,KOOLMAX,GB,ZONE 2,BL78
04,KOOLMAX,GB,ZONE 5,BN1
04,KOOLMAX,GB,ZONE 5,BN2
04,KOOLMAX,GB,ZONE 5,BN3
04,KOOLMAX,GB,ZONE 5,BN5
04,KOOLMAX,GB,ZONE 5,BN6
04,KOOLMAX,GB,ZONE 5,BN7
04,KOOLMAX,GB,ZONE 5,BN8
04,KOOLMAX,GB,ZONE 5,BN9
04,KOOLMAX,GB,ZONE 5,BN10
04,KOOLMAX,GB,ZONE 5,BN11
04,KOOLMAX,GB,ZONE 5,BN12
04,KOOLMAX,GB,ZONE 5,BN13
04,KOOLMAX,GB,ZONE 5,BN14
04,KOOLMAX,GB,ZONE 5,BN15
04,KOOLMAX,GB,ZONE 5,BN16
04,KOOLMAX,GB,ZONE 5,BN17
04,KOOLMAX,GB,ZONE 5,BN18
04,KOOLMAX,GB,ZONE 5,BN20
04,KOOLMAX,GB,ZONE 5,BN21
04,KOOLMAX,GB,ZONE 5,BN22
04,KOOLMAX,GB,ZONE 5,BN23
04,KOOLMAX,GB,ZONE 5,BN24
04,KOOLMAX,GB,ZONE 5,BN25
04,KOOLMAX,GB,ZONE 5,BN26
04,KOOLMAX,GB,ZONE 5,BN27
04,KOOLMAX,GB,ZONE 5,BN41
04,KOOLMAX,GB,ZONE 5,BN42
04,KOOLMAX,GB,ZONE 5,BN43
04,KOOLMAX,GB,ZONE 5,BN44
04,KOOLMAX,GB,ZONE 5,BN45
04,KOOLMAX,GB,ZONE 5,BN50
04,KOOLMAX,GB,ZONE 5,BN51
04,KOOLMAX,GB,ZONE 5,BN52
04,KOOLMAX,GB,ZONE 5,BN88
04,KOOLMAX,GB,ZONE 5,BN99
04,KOOLMAX,GB,ZONE 6,BR1
04,KOOLMAX,GB,ZONE 6,BR2
04,KOOLMAX,GB,ZONE 6,BR3
04,KOOLMAX,GB,ZONE 6,BR4
04,KOOLMAX,GB,ZONE 6,BR5
04,KOOLMAX,GB,ZONE 6,BR6
04,KOOLMAX,GB,ZONE 6,BR7
04,KOOLMAX,GB,ZONE 6,BR8
04,KOOLMAX,GB,ZONE 2,BS0
04,KOOLMAX,GB,ZONE 2,BS1
04,KOOLMAX,GB,ZONE 2,BS2
04,KOOLMAX,GB,ZONE 2,BS3
04,KOOLMAX,GB,ZONE 2,BS4
04,KOOLMAX,GB,ZONE 2,BS5
04,KOOLMAX,GB,ZONE 2,BS6
04,KOOLMAX,GB,ZONE 2,BS7
04,KOOLMAX,GB,ZONE 2,BS8
04,KOOLMAX,GB,ZONE 2,BS9
04,KOOLMAX,GB,ZONE 2,BS10
04,KOOLMAX,GB,ZONE 2,BS11
04,KOOLMAX,GB,ZONE 2,BS13
04,KOOLMAX,GB,ZONE 2,BS14
04,KOOLMAX,GB,ZONE 2,BS15
04,KOOLMAX,GB,ZONE 2,BS16
04,KOOLMAX,GB,ZONE 2,BS20
04,KOOLMAX,GB,ZONE 2,BS21
04,KOOLMAX,GB,ZONE 2,BS22
04,KOOLMAX,GB,ZONE 2,BS23
04,KOOLMAX,GB,ZONE 2,BS24
04,KOOLMAX,GB,ZONE 2,BS25
04,KOOLMAX,GB,ZONE 2,BS26
04,KOOLMAX,GB,ZONE 2,BS27
04,KOOLMAX,GB,ZONE 2,BS28
04,KOOLMAX,GB,ZONE 2,BS29
04,KOOLMAX,GB,ZONE 2,BS30
04,KOOLMAX,GB,ZONE 2,BS31
04,KOOLMAX,GB,ZONE 2,BS32
04,KOOLMAX,GB,ZONE 2,BS34
04,KOOLMAX,GB,ZONE 2,BS35
04,KOOLMAX,GB,ZONE 2,BS36
04,KOOLMAX,GB,ZONE 2,BS37
04,KOOLMAX,GB,ZONE 2,BS39
04,KOOLMAX,GB,ZONE 2,BS40
04,KOOLMAX,GB,ZONE 2,BS41
04,KOOLMAX,GB,ZONE 2,BS48
04,KOOLMAX,GB,ZONE 2,BS49
04,KOOLMAX,GB,ZONE 2,BS80
04,KOOLMAX,GB,ZONE 2,BS98
04,KOOLMAX,GB,ZONE 2,BS99
04,KOOLMAX,GB,ZONE 7,CA1
04,KOOLMAX,GB,ZONE 7,CA2
04,KOOLMAX,GB,ZONE 7,CA3
04,KOOLMAX,GB,ZONE 7,CA4
04,KOOLMAX,GB,ZONE 7,CA5
04,KOOLMAX,GB,ZONE 7,CA6
04,KOOLMAX,GB,ZONE 7,CA7
04,KOOLMAX,GB,ZONE 7,CA8
04,KOOLMAX,GB,ZONE 7,CA9
04,KOOLMAX,GB,ZONE 7,CA10
04,KOOLMAX,GB,ZONE 7,CA11
04,KOOLMAX,GB,ZONE 7,CA12
04,KOOLMAX,GB,ZONE 7,CA13
04,KOOLMAX,GB,ZONE 7,CA14
04,KOOLMAX,GB,ZONE 7,CA15
04,KOOLMAX,GB,ZONE 7,CA16
04,KOOLMAX,GB,ZONE 7,CA17
04,KOOLMAX,GB,ZONE 7,CA18
04,KOOLMAX,GB,ZONE 7,CA19
04,KOOLMAX,GB,ZONE 7,CA20
04,KOOLMAX,GB,ZONE 7,CA21
04,KOOLMAX,GB,ZONE 7,CA22
04,KOOLMAX,GB,ZONE 7,CA23
04,KOOLMAX,GB,ZONE 7,CA24
04,KOOLMAX,GB,ZONE 7,CA25
04,KOOLMAX,GB,ZONE 7,CA26
04,KOOLMAX,GB,ZONE 7,CA27
04,KOOLMAX,GB,ZONE 7,CA28
04,KOOLMAX,GB,ZONE 7,CA95
04,KOOLMAX,GB,ZONE 7,CA99
04,KOOLMAX,GB,ZONE 2,CB1
04,KOOLMAX,GB,ZONE 2,CB2
04,KOOLMAX,GB,ZONE 2,CB3
04,KOOLMAX,GB,ZONE 2,CB4
04,KOOLMAX,GB,ZONE 2,CB5
04,KOOLMAX,GB,ZONE 2,CB6
04,KOOLMAX,GB,ZONE 2,CB7
04,KOOLMAX,GB,ZONE 2,CB8
04,KOOLMAX,GB,ZONE 2,CB9
04,KOOLMAX,GB,ZONE 2,CB10
04,KOOLMAX,GB,ZONE 2,CB11
04,KOOLMAX,GB,ZONE 2,CB21
04,KOOLMAX,GB,ZONE 2,CB22
04,KOOLMAX,GB,ZONE 2,CB23
04,KOOLMAX,GB,ZONE 2,CB24
04,KOOLMAX,GB,ZONE 2,CB25
04,KOOLMAX,GB,ZONE 6,CF3
04,KOOLMAX,GB,ZONE 6,CF5
04,KOOLMAX,GB,ZONE 6,CF10
04,KOOLMAX,GB,ZONE 6,CF11
04,KOOLMAX,GB,ZONE 6,CF14
04,KOOLMAX,GB,ZONE 6,CF15
04,KOOLMAX,GB,ZONE 6,CF23
04,KOOLMAX,GB,ZONE 6,CF24
04,KOOLMAX,GB,ZONE 6,CF31
04,KOOLMAX,GB,ZONE 6,CF32
04,KOOLMAX,GB,ZONE 6,CF33
04,KOOLMAX,GB,ZONE 6,CF34
04,KOOLMAX,GB,ZONE 6,CF35
04,KOOLMAX,GB,ZONE 6,CF36
04,KOOLMAX,GB,ZONE 6,CF37
04,KOOLMAX,GB,ZONE 6,CF38
04,KOOLMAX,GB,ZONE 6,CF39
04,KOOLMAX,GB,ZONE 6,CF40
04,KOOLMAX,GB,ZONE 6,CF41
04,KOOLMAX,GB,ZONE 6,CF42
04,KOOLMAX,GB,ZONE 6,CF43
04,KOOLMAX,GB,ZONE 6,CF44
04,KOOLMAX,GB,ZONE 6,CF45
04,KOOLMAX,GB,ZONE 6,CF46
04,KOOLMAX,GB,ZONE 6,CF47
04,KOOLMAX,GB,ZONE 6,CF48
04,KOOLMAX,GB,ZONE 6,CF61
04,KOOLMAX,GB,ZONE 6,CF62
04,KOOLMAX,GB,ZONE 6,CF63
04,KOOLMAX,GB,ZONE 6,CF64
04,KOOLMAX,GB,ZONE 6,CF71
04,KOOLMAX,GB,ZONE 6,CF72
04,KOOLMAX,GB,ZONE 6,CF81
04,KOOLMAX,GB,ZONE 6,CF82
04,KOOLMAX,GB,ZONE 6,CF83
04,KOOLMAX,GB,ZONE 6,CF91
04,KOOLMAX,GB,ZONE 6,CF95
04,KOOLMAX,GB,ZONE 6,CF99
04,KOOLMAX,GB,ZONE 2,CH1
04,KOOLMAX,GB,ZONE 2,CH2
04,KOOLMAX,GB,ZONE 2,CH3
04,KOOLMAX,GB,ZONE 2,CH4
04,KOOLMAX,GB,ZONE 2,CH5
04,KOOLMAX,GB,ZONE 2,CH6
04,KOOLMAX,GB,ZONE 2,CH7
04,KOOLMAX,GB,ZONE 2,CH8
04,KOOLMAX,GB,ZONE 2,CH25
04,KOOLMAX,GB,ZONE 2,CH26
04,KOOLMAX,GB,ZONE 2,CH27
04,KOOLMAX,GB,ZONE 2,CH28
04,KOOLMAX,GB,ZONE 2,CH29
04,KOOLMAX,GB,ZONE 2,CH30
04,KOOLMAX,GB,ZONE 2,CH31
04,KOOLMAX,GB,ZONE 2,CH32
04,KOOLMAX,GB,ZONE 2,CH33
04,KOOLMAX,GB,ZONE 2,CH34
04,KOOLMAX,GB,ZONE 2,CH41
04,KOOLMAX,GB,ZONE 2,CH42
04,KOOLMAX,GB,ZONE 2,CH43
04,KOOLMAX,GB,ZONE 2,CH44
04,KOOLMAX,GB,ZONE 2,CH45
04,KOOLMAX,GB,ZONE 2,CH46
04,KOOLMAX,GB,ZONE 2,CH47
04,KOOLMAX,GB,ZONE 2,CH48
04,KOOLMAX,GB,ZONE 2,CH49
04,KOOLMAX,GB,ZONE 2,CH60
04,KOOLMAX,GB,ZONE 2,CH61
04,KOOLMAX,GB,ZONE 2,CH62
04,KOOLMAX,GB,ZONE 2,CH63
04,KOOLMAX,GB,ZONE 2,CH64
04,KOOLMAX,GB,ZONE 2,CH65
04,KOOLMAX,GB,ZONE 2,CH66
04,KOOLMAX,GB,ZONE 2,CH70
04,KOOLMAX,GB,ZONE 2,CH88
04,KOOLMAX,GB,ZONE 2,CH99
04,KOOLMAX,GB,ZONE 5,CM0
04,KOOLMAX,GB,ZONE 5,CM1
04,KOOLMAX,GB,ZONE 5,CM2
04,KOOLMAX,GB,ZONE 5,CM3
04,KOOLMAX,GB,ZONE 5,CM4
04,KOOLMAX,GB,ZONE 5,CM5
04,KOOLMAX,GB,ZONE 5,CM6
04,KOOLMAX,GB,ZONE 5,CM7
04,KOOLMAX,GB,ZONE 5,CM8
04,KOOLMAX,GB,ZONE 5,CM9
04,KOOLMAX,GB,ZONE 5,CM11
04,KOOLMAX,GB,ZONE 5,CM12
04,KOOLMAX,GB,ZONE 5,CM13
04,KOOLMAX,GB,ZONE 5,CM14
04,KOOLMAX,GB,ZONE 5,CM15
04,KOOLMAX,GB,ZONE 5,CM16
04,KOOLMAX,GB,ZONE 5,CM17
04,KOOLMAX,GB,ZONE 5,CM18
04,KOOLMAX,GB,ZONE 5,CM19
04,KOOLMAX,GB,ZONE 5,CM20
04,KOOLMAX,GB,ZONE 5,CM21
04,KOOLMAX,GB,ZONE 5,CM22
04,KOOLMAX,GB,ZONE 5,CM23
04,KOOLMAX,GB,ZONE 5,CM24
04,KOOLMAX,GB,ZONE 5,CM77
04,KOOLMAX,GB,ZONE 5,CM98
04,KOOLMAX,GB,ZONE 5,CM99
04,KOOLMAX,GB,ZONE 5,CO1
04,KOOLMAX,GB,ZONE 5,CO2
04,KOOLMAX,GB,ZONE 5,CO3
04,KOOLMAX,GB,ZONE 5,CO4
04,KOOLMAX,GB,ZONE 5,CO5
04,KOOLMAX,GB,ZONE 5,CO6
04,KOOLMAX,GB,ZONE 5,CO7
04,KOOLMAX,GB,ZONE 5,CO8
04,KOOLMAX,GB,ZONE 5,CO9
04,KOOLMAX,GB,ZONE 5,CO10
04,KOOLMAX,GB,ZONE 5,CO11
04,KOOLMAX,GB,ZONE 5,CO12
04,KOOLMAX,GB,ZONE 5,CO13
04,KOOLMAX,GB,ZONE 5,CO14
04,KOOLMAX,GB,ZONE 5,CO15
04,KOOLMAX,GB,ZONE 5,CO16
04,KOOLMAX,GB,ZONE 6,CR0
04,KOOLMAX,GB,ZONE 6,CR2
04,KOOLMAX,GB,ZONE 6,CR3
04,KOOLMAX,GB,ZONE 6,CR4
04,KOOLMAX,GB,ZONE 6,CR5
04,KOOLMAX,GB,ZONE 6,CR6
04,KOOLMAX,GB,ZONE 6,CR7
04,KOOLMAX,GB,ZONE 6,CR8
04,KOOLMAX,GB,ZONE 6,CR9
04,KOOLMAX,GB,ZONE 6,CR44
04,KOOLMAX,GB,ZONE 6,CT1
04,KOOLMAX,GB,ZONE 6,CT2
04,KOOLMAX,GB,ZONE 6,CT3
04,KOOLMAX,GB,ZONE 6,CT4
04,KOOLMAX,GB,ZONE 6,CT5
04,KOOLMAX,GB,ZONE 6,CT6
04,KOOLMAX,GB,ZONE 6,CT7
04,KOOLMAX,GB,ZONE 6,CT8
04,KOOLMAX,GB,ZONE 6,CT9
04,KOOLMAX,GB,ZONE 6,CT10
04,KOOLMAX,GB,ZONE 6,CT11
04,KOOLMAX,GB,ZONE 6,CT12
04,KOOLMAX,GB,ZONE 6,CT13
04,KOOLMAX,GB,ZONE 6,CT14
04,KOOLMAX,GB,ZONE 6,CT15
04,KOOLMAX,GB,ZONE 6,CT16
04,KOOLMAX,GB,ZONE 6,CT17
04,KOOLMAX,GB,ZONE 6,CT18
04,KOOLMAX,GB,ZONE 6,CT19
04,KOOLMAX,GB,ZONE 6,CT20
04,KOOLMAX,GB,ZONE 6,CT21
04,KOOLMAX,GB,ZONE 6,CT50
04,KOOLMAX,GB,ZONE 2,CV1
04,KOOLMAX,GB,ZONE 2,CV2
04,KOOLMAX,GB,ZONE 2,CV3
04,KOOLMAX,GB,ZONE 2,CV4
04,KOOLMAX,GB,ZONE 2,CV5
04,KOOLMAX,GB,ZONE 2,CV6
04,KOOLMAX,GB,ZONE 2,CV7
04,KOOLMAX,GB,ZONE 2,CV8
04,KOOLMAX,GB,ZONE 2,CV9
04,KOOLMAX,GB,ZONE 2,CV10
04,KOOLMAX,GB,ZONE 2,CV11
04,KOOLMAX,GB,ZONE 2,CV12
04,KOOLMAX,GB,ZONE 2,CV13
04,KOOLMAX,GB,ZONE 2,CV21
04,KOOLMAX,GB,ZONE 2,CV22
04,KOOLMAX,GB,ZONE 2,CV23
04,KOOLMAX,GB,ZONE 2,CV31
04,KOOLMAX,GB,ZONE 2,CV32
04,KOOLMAX,GB,ZONE 2,CV33
04,KOOLMAX,GB,ZONE 2,CV34
04,KOOLMAX,GB,ZONE 2,CV35
04,KOOLMAX,GB,ZONE 2,CV36
04,KOOLMAX,GB,ZONE 2,CV37
04,KOOLMAX,GB,ZONE 2,CV47
04,KOOLMAX,GB,ZONE 2,CW1
04,KOOLMAX,GB,ZONE 2,CW2
04,KOOLMAX,GB,ZONE 2,CW3
04,KOOLMAX,GB,ZONE 2,CW4
04,KOOLMAX,GB,ZONE 2,CW5
04,KOOLMAX,GB,ZONE 2,CW6
04,KOOLMAX,GB,ZONE 2,CW7
04,KOOLMAX,GB,ZONE 2,CW8
04,KOOLMAX,GB,ZONE 2,CW9
04,KOOLMAX,GB,ZONE 2,CW10
04,KOOLMAX,GB,ZONE 2,CW11
04,KOOLMAX,GB,ZONE 2,CW12
04,KOOLMAX,GB,ZONE 2,CW98
04,KOOLMAX,GB,ZONE 4,DA1
04,KOOLMAX,GB,ZONE 4,DA2
04,KOOLMAX,GB,ZONE 4,DA3
04,KOOLMAX,GB,ZONE 4,DA4
04,KOOLMAX,GB,ZONE 4,DA5
04,KOOLMAX,GB,ZONE 4,DA6
04,KOOLMAX,GB,ZONE 4,DA7
04,KOOLMAX,GB,ZONE 4,DA8
04,KOOLMAX,GB,ZONE 4,DA9
04,KOOLMAX,GB,ZONE 4,DA10
04,KOOLMAX,GB,ZONE 4,DA11
04,KOOLMAX,GB,ZONE 4,DA12
04,KOOLMAX,GB,ZONE 4,DA13
04,KOOLMAX,GB,ZONE 4,DA14
04,KOOLMAX,GB,ZONE 4,DA15
04,KOOLMAX,GB,ZONE 4,DA16
04,KOOLMAX,GB,ZONE 4,DA17
04,KOOLMAX,GB,ZONE 4,DA18
04,KOOLMAX,GB,ZONE 2,DE1
04,KOOLMAX,GB,ZONE 2,DE3
04,KOOLMAX,GB,ZONE 2,DE4
04,KOOLMAX,GB,ZONE 2,DE5
04,KOOLMAX,GB,ZONE 2,DE6
04,KOOLMAX,GB,ZONE 2,DE7
04,KOOLMAX,GB,ZONE 2,DE11
04,KOOLMAX,GB,ZONE 2,DE12
04,KOOLMAX,GB,ZONE 2,DE13
04,KOOLMAX,GB,ZONE 2,DE14
04,KOOLMAX,GB,ZONE 2,DE15
04,KOOLMAX,GB,ZONE 2,DE21
04,KOOLMAX,GB,ZONE 2,DE22
04,KOOLMAX,GB,ZONE 2,DE23
04,KOOLMAX,GB,ZONE 2,DE24
04,KOOLMAX,GB,ZONE 2,DE45
04,KOOLMAX,GB,ZONE 2,DE55
04,KOOLMAX,GB,ZONE 2,DE56
04,KOOLMAX,GB,ZONE 2,DE65
04,KOOLMAX,GB,ZONE 2,DE72
04,KOOLMAX,GB,ZONE 2,DE73
04,KOOLMAX,GB,ZONE 2,DE74
04,KOOLMAX,GB,ZONE 2,DE75
04,KOOLMAX,GB,ZONE 2,DE99
04,KOOLMAX,GB,ZONE 5,DH1
04,KOOLMAX,GB,ZONE 5,DH2
04,KOOLMAX,GB,ZONE 5,DH3
04,KOOLMAX,GB,ZONE 5,DH4
04,KOOLMAX,GB,ZONE 5,DH5
04,KOOLMAX,GB,ZONE 5,DH6
04,KOOLMAX,GB,ZONE 5,DH7
04,KOOLMAX,GB,ZONE 5,DH8
04,KOOLMAX,GB,ZONE 5,DH9
04,KOOLMAX,GB,ZONE 5,DH97
04,KOOLMAX,GB,ZONE 5,DH98
04,KOOLMAX,GB,ZONE 5,DH99
04,KOOLMAX,GB,ZONE 6,DL1
04,KOOLMAX,GB,ZONE 6,DL2
04,KOOLMAX,GB,ZONE 6,DL3
04,KOOLMAX,GB,ZONE 6,DL4
04,KOOLMAX,GB,ZONE 6,DL5
04,KOOLMAX,GB,ZONE 6,DL6
04,KOOLMAX,GB,ZONE 6,DL7
04,KOOLMAX,GB,ZONE 6,DL8
04,KOOLMAX,GB,ZONE 6,DL9
04,KOOLMAX,GB,ZONE 6,DL10
04,KOOLMAX,GB,ZONE 6,DL11
04,KOOLMAX,GB,ZONE 6,DL12
04,KOOLMAX,GB,ZONE 6,DL13
04,KOOLMAX,GB,ZONE 6,DL14
04,KOOLMAX,GB,ZONE 6,DL15
04,KOOLMAX,GB,ZONE 6,DL16
04,KOOLMAX,GB,ZONE 6,DL17
04,KOOLMAX,GB,ZONE 2,DN1
04,KOOLMAX,GB,ZONE 2,DN2
04,KOOLMAX,GB,ZONE 2,DN3
04,KOOLMAX,GB,ZONE 2,DN4
04,KOOLMAX,GB,ZONE 2,DN5
04,KOOLMAX,GB,ZONE 2,DN6
04,KOOLMAX,GB,ZONE 2,DN7
04,KOOLMAX,GB,ZONE 2,DN8
04,KOOLMAX,GB,ZONE 2,DN9
04,KOOLMAX,GB,ZONE 2,DN10
04,KOOLMAX,GB,ZONE 2,DN11
04,KOOLMAX,GB,ZONE 2,DN12
04,KOOLMAX,GB,ZONE 2,DN14
04,KOOLMAX,GB,ZONE 2,DN15
04,KOOLMAX,GB,ZONE 2,DN16
04,KOOLMAX,GB,ZONE 2,DN17
04,KOOLMAX,GB,ZONE 2,DN18
04,KOOLMAX,GB,ZONE 2,DN19
04,KOOLMAX,GB,ZONE 2,DN20
04,KOOLMAX,GB,ZONE 2,DN21
04,KOOLMAX,GB,ZONE 2,DN22
04,KOOLMAX,GB,ZONE 2,DN31
04,KOOLMAX,GB,ZONE 2,DN32
04,KOOLMAX,GB,ZONE 2,DN33
04,KOOLMAX,GB,ZONE 2,DN34
04,KOOLMAX,GB,ZONE 2,DN35
04,KOOLMAX,GB,ZONE 2,DN36
04,KOOLMAX,GB,ZONE 2,DN37
04,KOOLMAX,GB,ZONE 2,DN38
04,KOOLMAX,GB,ZONE 2,DN39
04,KOOLMAX,GB,ZONE 2,DN40
04,KOOLMAX,GB,ZONE 2,DN41
04,KOOLMAX,GB,ZONE 2,DN55
04,KOOLMAX,GB,ZONE 7,DT1
04,KOOLMAX,GB,ZONE 7,DT2
04,KOOLMAX,GB,ZONE 7,DT3
04,KOOLMAX,GB,ZONE 7,DT4
04,KOOLMAX,GB,ZONE 7,DT5
04,KOOLMAX,GB,ZONE 7,DT6
04,KOOLMAX,GB,ZONE 7,DT7
04,KOOLMAX,GB,ZONE 7,DT8
04,KOOLMAX,GB,ZONE 7,DT9
04,KOOLMAX,GB,ZONE 7,DT10
04,KOOLMAX,GB,ZONE 7,DT11
04,KOOLMAX,GB,ZONE 2,DY1
04,KOOLMAX,GB,ZONE 2,DY2
04,KOOLMAX,GB,ZONE 2,DY3
04,KOOLMAX,GB,ZONE 2,DY4
04,KOOLMAX,GB,ZONE 2,DY5
04,KOOLMAX,GB,ZONE 2,DY6
04,KOOLMAX,GB,ZONE 2,DY7
04,KOOLMAX,GB,ZONE 2,DY8
04,KOOLMAX,GB,ZONE 2,DY9
04,KOOLMAX,GB,ZONE 2,DY10
04,KOOLMAX,GB,ZONE 2,DY11
04,KOOLMAX,GB,ZONE 2,DY12
04,KOOLMAX,GB,ZONE 2,DY13
04,KOOLMAX,GB,ZONE 2,DY14
04,KOOLMAX,GB,ZONE 3,E10
04,KOOLMAX,GB,ZONE 3,E20
04,KOOLMAX,GB,ZONE 3,E1
04,KOOLMAX,GB,ZONE 3,E11
04,KOOLMAX,GB,ZONE 3,E12
04,KOOLMAX,GB,ZONE 3,E2
04,KOOLMAX,GB,ZONE 3,E13
04,KOOLMAX,GB,ZONE 3,E3
04,KOOLMAX,GB,ZONE 3,E14
04,KOOLMAX,GB,ZONE 3,E4
04,KOOLMAX,GB,ZONE 3,E15
04,KOOLMAX,GB,ZONE 3,E5
04,KOOLMAX,GB,ZONE 3,E16
04,KOOLMAX,GB,ZONE 3,E6
04,KOOLMAX,GB,ZONE 3,E17
04,KOOLMAX,GB,ZONE 3,E7
04,KOOLMAX,GB,ZONE 3,E77
04,KOOLMAX,GB,ZONE 3,E18
04,KOOLMAX,GB,ZONE 3,E8
04,KOOLMAX,GB,ZONE 3,E98
04,KOOLMAX,GB,ZONE 3,E9
04,KOOLMAX,GB,ZONE 3,E1W
04,KOOLMAX,GB,ZONE 3,EC1A
04,KOOLMAX,GB,ZONE 3,EC1M
04,KOOLMAX,GB,ZONE 3,EC1N
04,KOOLMAX,GB,ZONE 3,EC1P
04,KOOLMAX,GB,ZONE 3,EC1R
04,KOOLMAX,GB,ZONE 3,EC1V
04,KOOLMAX,GB,ZONE 3,EC1Y
04,KOOLMAX,GB,ZONE 3,EC2A
04,KOOLMAX,GB,ZONE 3,EC2M
04,KOOLMAX,GB,ZONE 3,EC2N
04,KOOLMAX,GB,ZONE 3,EC2P
04,KOOLMAX,GB,ZONE 3,EC2R
04,KOOLMAX,GB,ZONE 3,EC2V
04,KOOLMAX,GB,ZONE 3,EC2Y
04,KOOLMAX,GB,ZONE 3,EC3A
04,KOOLMAX,GB,ZONE 3,EC3M
04,KOOLMAX,GB,ZONE 3,EC3N
04,KOOLMAX,GB,ZONE 3,EC3P
04,KOOLMAX,GB,ZONE 3,EC3R
04,KOOLMAX,GB,ZONE 3,EC3V
04,KOOLMAX,GB,ZONE 3,EC4A
04,KOOLMAX,GB,ZONE 3,EC4M
04,KOOLMAX,GB,ZONE 3,EC4N
04,KOOLMAX,GB,ZONE 3,EC4P
04,KOOLMAX,GB,ZONE 3,EC4R
04,KOOLMAX,GB,ZONE 3,EC4V
04,KOOLMAX,GB,ZONE 3,EC4Y
04,KOOLMAX,GB,ZONE 3,EC50
04,KOOLMAX,GB,ZONE 4,EN1
04,KOOLMAX,GB,ZONE 4,EN2
04,KOOLMAX,GB,ZONE 4,EN3
04,KOOLMAX,GB,ZONE 4,EN4
04,KOOLMAX,GB,ZONE 4,EN5
04,KOOLMAX,GB,ZONE 4,EN6
04,KOOLMAX,GB,ZONE 4,EN7
04,KOOLMAX,GB,ZONE 4,EN8
04,KOOLMAX,GB,ZONE 4,EN9
04,KOOLMAX,GB,ZONE 4,EN10
04,KOOLMAX,GB,ZONE 4,EN11
04,KOOLMAX,GB,ZONE 7,EX1
04,KOOLMAX,GB,ZONE 7,EX2
04,KOOLMAX,GB,ZONE 7,EX3
04,KOOLMAX,GB,ZONE 7,EX4
04,KOOLMAX,GB,ZONE 7,EX5
04,KOOLMAX,GB,ZONE 7,EX6
04,KOOLMAX,GB,ZONE 7,EX7
04,KOOLMAX,GB,ZONE 7,EX8
04,KOOLMAX,GB,ZONE 7,EX9
04,KOOLMAX,GB,ZONE 7,EX10
04,KOOLMAX,GB,ZONE 7,EX11
04,KOOLMAX,GB,ZONE 7,EX12
04,KOOLMAX,GB,ZONE 7,EX13
04,KOOLMAX,GB,ZONE 7,EX14
04,KOOLMAX,GB,ZONE 7,EX15
04,KOOLMAX,GB,ZONE 7,EX16
04,KOOLMAX,GB,ZONE 7,EX17
04,KOOLMAX,GB,ZONE 7,EX18
04,KOOLMAX,GB,ZONE 7,EX19
04,KOOLMAX,GB,ZONE 7,EX20
04,KOOLMAX,GB,ZONE 7,EX21
04,KOOLMAX,GB,ZONE 7,EX22
04,KOOLMAX,GB,ZONE 7,EX23
04,KOOLMAX,GB,ZONE 7,EX24
04,KOOLMAX,GB,ZONE 7,EX31
04,KOOLMAX,GB,ZONE 7,EX32
04,KOOLMAX,GB,ZONE 7,EX33
04,KOOLMAX,GB,ZONE 7,EX34
04,KOOLMAX,GB,ZONE 7,EX35
04,KOOLMAX,GB,ZONE 7,EX36
04,KOOLMAX,GB,ZONE 7,EX37
04,KOOLMAX,GB,ZONE 7,EX38
04,KOOLMAX,GB,ZONE 7,EX39
04,KOOLMAX,GB,ZONE 5,FY0
04,KOOLMAX,GB,ZONE 5,FY1
04,KOOLMAX,GB,ZONE 5,FY2
04,KOOLMAX,GB,ZONE 5,FY3
04,KOOLMAX,GB,ZONE 5,FY4
04,KOOLMAX,GB,ZONE 5,FY5
04,KOOLMAX,GB,ZONE 5,FY6
04,KOOLMAX,GB,ZONE 5,FY7
04,KOOLMAX,GB,ZONE 5,FY8
04,KOOLMAX,GB,ZONE 2,GL1
04,KOOLMAX,GB,ZONE 2,GL2
04,KOOLMAX,GB,ZONE 2,GL3
04,KOOLMAX,GB,ZONE 2,GL4
04,KOOLMAX,GB,ZONE 2,GL5
04,KOOLMAX,GB,ZONE 2,GL6
04,KOOLMAX,GB,ZONE 2,GL7
04,KOOLMAX,GB,ZONE 2,GL8
04,KOOLMAX,GB,ZONE 2,GL9
04,KOOLMAX,GB,ZONE 2,GL10
04,KOOLMAX,GB,ZONE 2,GL11
04,KOOLMAX,GB,ZONE 2,GL12
04,KOOLMAX,GB,ZONE 2,GL13
04,KOOLMAX,GB,ZONE 2,GL14
04,KOOLMAX,GB,ZONE 2,GL15
04,KOOLMAX,GB,ZONE 2,GL16
04,KOOLMAX,GB,ZONE 2,GL17
04,KOOLMAX,GB,ZONE 2,GL18
04,KOOLMAX,GB,ZONE 2,GL19
04,KOOLMAX,GB,ZONE 2,GL20
04,KOOLMAX,GB,ZONE 2,GL50
04,KOOLMAX,GB,ZONE 2,GL51
04,KOOLMAX,GB,ZONE 2,GL52
04,KOOLMAX,GB,ZONE 2,GL53
04,KOOLMAX,GB,ZONE 2,GL54
04,KOOLMAX,GB,ZONE 2,GL55
04,KOOLMAX,GB,ZONE 2,GL56
04,KOOLMAX,GB,ZONE 7,GU1
04,KOOLMAX,GB,ZONE 7,GU2
04,KOOLMAX,GB,ZONE 7,GU3
04,KOOLMAX,GB,ZONE 7,GU4
04,KOOLMAX,GB,ZONE 7,GU5
04,KOOLMAX,GB,ZONE 7,GU6
04,KOOLMAX,GB,ZONE 7,GU7
04,KOOLMAX,GB,ZONE 7,GU8
04,KOOLMAX,GB,ZONE 7,GU9
04,KOOLMAX,GB,ZONE 7,GU10
04,KOOLMAX,GB,ZONE 7,GU11
04,KOOLMAX,GB,ZONE 7,GU12
04,KOOLMAX,GB,ZONE 7,GU14
04,KOOLMAX,GB,ZONE 7,GU15
04,KOOLMAX,GB,ZONE 7,GU16
04,KOOLMAX,GB,ZONE 7,GU17
04,KOOLMAX,GB,ZONE 7,GU18
04,KOOLMAX,GB,ZONE 7,GU19
04,KOOLMAX,GB,ZONE 7,GU20
04,KOOLMAX,GB,ZONE 7,GU21
04,KOOLMAX,GB,ZONE 7,GU22
04,KOOLMAX,GB,ZONE 7,GU23
04,KOOLMAX,GB,ZONE 7,GU24
04,KOOLMAX,GB,ZONE 7,GU25
04,KOOLMAX,GB,ZONE 7,GU26
04,KOOLMAX,GB,ZONE 7,GU27
04,KOOLMAX,GB,ZONE 7,GU28
04,KOOLMAX,GB,ZONE 7,GU29
04,KOOLMAX,GB,ZONE 7,GU30
04,KOOLMAX,GB,ZONE 7,GU31
04,KOOLMAX,GB,ZONE 7,GU32
04,KOOLMAX,GB,ZONE 7,GU33
04,KOOLMAX,GB,ZONE 7,GU34
04,KOOLMAX,GB,ZONE 7,GU35
04,KOOLMAX,GB,ZONE 7,GU46
04,KOOLMAX,GB,ZONE 7,GU47
04,KOOLMAX,GB,ZONE 7,GU51
04,KOOLMAX,GB,ZONE 7,GU52
04,KOOLMAX,GB,ZONE 7,GU95
04,KOOLMAX,GB,ZONE 4,HA0
04,KOOLMAX,GB,ZONE 4,HA1
04,KOOLMAX,GB,ZONE 4,HA2
04,KOOLMAX,GB,ZONE 4,HA3
04,KOOLMAX,GB,ZONE 4,HA4
04,KOOLMAX,GB,ZONE 4,HA5
04,KOOLMAX,GB,ZONE 4,HA6
04,KOOLMAX,GB,ZONE 4,HA7
04,KOOLMAX,GB,ZONE 4,HA8
04,KOOLMAX,GB,ZONE 4,HA9
04,KOOLMAX,GB,ZONE 2,HD1
04,KOOLMAX,GB,ZONE 2,HD2
04,KOOLMAX,GB,ZONE 2,HD3
04,KOOLMAX,GB,ZONE 2,HD4
04,KOOLMAX,GB,ZONE 2,HD5
04,KOOLMAX,GB,ZONE 2,HD6
04,KOOLMAX,GB,ZONE 2,HD7
04,KOOLMAX,GB,ZONE 2,HD8
04,KOOLMAX,GB,ZONE 2,HD9
04,KOOLMAX,GB,ZONE 2,HG1
04,KOOLMAX,GB,ZONE 2,HG2
04,KOOLMAX,GB,ZONE 2,HG3
04,KOOLMAX,GB,ZONE 2,HG4
04,KOOLMAX,GB,ZONE 2,HG5
04,KOOLMAX,GB,ZONE 2,HP1
04,KOOLMAX,GB,ZONE 2,HP2
04,KOOLMAX,GB,ZONE 2,HP3
04,KOOLMAX,GB,ZONE 2,HP4
04,KOOLMAX,GB,ZONE 2,HP5
04,KOOLMAX,GB,ZONE 2,HP6
04,KOOLMAX,GB,ZONE 2,HP7
04,KOOLMAX,GB,ZONE 2,HP8
04,KOOLMAX,GB,ZONE 2,HP9
04,KOOLMAX,GB,ZONE 2,HP10
04,KOOLMAX,GB,ZONE 2,HP11
04,KOOLMAX,GB,ZONE 2,HP12
04,KOOLMAX,GB,ZONE 2,HP13
04,KOOLMAX,GB,ZONE 2,HP14
04,KOOLMAX,GB,ZONE 2,HP15
04,KOOLMAX,GB,ZONE 2,HP16
04,KOOLMAX,GB,ZONE 2,HP17
04,KOOLMAX,GB,ZONE 2,HP18
04,KOOLMAX,GB,ZONE 2,HP19
04,KOOLMAX,GB,ZONE 2,HP20
04,KOOLMAX,GB,ZONE 2,HP21
04,KOOLMAX,GB,ZONE 2,HP22
04,KOOLMAX,GB,ZONE 2,HP23
04,KOOLMAX,GB,ZONE 2,HP27
04,KOOLMAX,GB,ZONE 5,HR1
04,KOOLMAX,GB,ZONE 5,HR2
04,KOOLMAX,GB,ZONE 5,HR3
04,KOOLMAX,GB,ZONE 5,HR4
04,KOOLMAX,GB,ZONE 5,HR5
04,KOOLMAX,GB,ZONE 5,HR6
04,KOOLMAX,GB,ZONE 5,HR7
04,KOOLMAX,GB,ZONE 5,HR8
04,KOOLMAX,GB,ZONE 5,HR9
04,KOOLMAX,GB,ZONE 5,HU1
04,KOOLMAX,GB,ZONE 5,HU2
04,KOOLMAX,GB,ZONE 5,HU3
04,KOOLMAX,GB,ZONE 5,HU4
04,KOOLMAX,GB,ZONE 5,HU5
04,KOOLMAX,GB,ZONE 5,HU6
04,KOOLMAX,GB,ZONE 5,HU7
04,KOOLMAX,GB,ZONE 5,HU8
04,KOOLMAX,GB,ZONE 5,HU9
04,KOOLMAX,GB,ZONE 5,HU10
04,KOOLMAX,GB,ZONE 5,HU11
04,KOOLMAX,GB,ZONE 5,HU12
04,KOOLMAX,GB,ZONE 5,HU13
04,KOOLMAX,GB,ZONE 5,HU14
04,KOOLMAX,GB,ZONE 5,HU15
04,KOOLMAX,GB,ZONE 5,HU16
04,KOOLMAX,GB,ZONE 5,HU17
04,KOOLMAX,GB,ZONE 5,HU18
04,KOOLMAX,GB,ZONE 5,HU19
04,KOOLMAX,GB,ZONE 5,HU20
04,KOOLMAX,GB,ZONE 2,HX1
04,KOOLMAX,GB,ZONE 2,HX2
04,KOOLMAX,GB,ZONE 2,HX3
04,KOOLMAX,GB,ZONE 2,HX4
04,KOOLMAX,GB,ZONE 2,HX5
04,KOOLMAX,GB,ZONE 2,HX6
04,KOOLMAX,GB,ZONE 2,HX7
04,KOOLMAX,GB,ZONE 4,IG1
04,KOOLMAX,GB,ZONE 4,IG2
04,KOOLMAX,GB,ZONE 4,IG3
04,KOOLMAX,GB,ZONE 4,IG4
04,KOOLMAX,GB,ZONE 4,IG5
04,KOOLMAX,GB,ZONE 4,IG6
04,KOOLMAX,GB,ZONE 4,IG7
04,KOOLMAX,GB,ZONE 4,IG8
04,KOOLMAX,GB,ZONE 4,IG9
04,KOOLMAX,GB,ZONE 4,IG10
04,KOOLMAX,GB,ZONE 4,IG11
04,KOOLMAX,GB,ZONE 5,IP1
04,KOOLMAX,GB,ZONE 5,IP2
04,KOOLMAX,GB,ZONE 5,IP3
04,KOOLMAX,GB,ZONE 5,IP4
04,KOOLMAX,GB,ZONE 5,IP5
04,KOOLMAX,GB,ZONE 5,IP6
04,KOOLMAX,GB,ZONE 5,IP7
04,KOOLMAX,GB,ZONE 5,IP8
04,KOOLMAX,GB,ZONE 5,IP9
04,KOOLMAX,GB,ZONE 5,IP10
04,KOOLMAX,GB,ZONE 5,IP11
04,KOOLMAX,GB,ZONE 5,IP12
04,KOOLMAX,GB,ZONE 5,IP13
04,KOOLMAX,GB,ZONE 5,IP14
04,KOOLMAX,GB,ZONE 5,IP15
04,KOOLMAX,GB,ZONE 5,IP16
04,KOOLMAX,GB,ZONE 5,IP17
04,KOOLMAX,GB,ZONE 5,IP18
04,KOOLMAX,GB,ZONE 5,IP19
04,KOOLMAX,GB,ZONE 5,IP20
04,KOOLMAX,GB,ZONE 5,IP21
04,KOOLMAX,GB,ZONE 5,IP22
04,KOOLMAX,GB,ZONE 5,IP23
04,KOOLMAX,GB,ZONE 5,IP24
04,KOOLMAX,GB,ZONE 5,IP25
04,KOOLMAX,GB,ZONE 5,IP26
04,KOOLMAX,GB,ZONE 5,IP27
04,KOOLMAX,GB,ZONE 5,IP28
04,KOOLMAX,GB,ZONE 5,IP29
04,KOOLMAX,GB,ZONE 5,IP30
04,KOOLMAX,GB,ZONE 5,IP31
04,KOOLMAX,GB,ZONE 5,IP32
04,KOOLMAX,GB,ZONE 5,IP33
04,KOOLMAX,GB,ZONE 5,IP98
04,KOOLMAX,GB,ZONE 6,KT1
04,KOOLMAX,GB,ZONE 6,KT2
04,KOOLMAX,GB,ZONE 6,KT3
04,KOOLMAX,GB,ZONE 6,KT4
04,KOOLMAX,GB,ZONE 6,KT5
04,KOOLMAX,GB,ZONE 6,KT6
04,KOOLMAX,GB,ZONE 6,KT7
04,KOOLMAX,GB,ZONE 6,KT8
04,KOOLMAX,GB,ZONE 6,KT9
04,KOOLMAX,GB,ZONE 6,KT10
04,KOOLMAX,GB,ZONE 6,KT11
04,KOOLMAX,GB,ZONE 6,KT12
04,KOOLMAX,GB,ZONE 6,KT13
04,KOOLMAX,GB,ZONE 6,KT14
04,KOOLMAX,GB,ZONE 6,KT15
04,KOOLMAX,GB,ZONE 6,KT16
04,KOOLMAX,GB,ZONE 6,KT17
04,KOOLMAX,GB,ZONE 6,KT18
04,KOOLMAX,GB,ZONE 6,KT19
04,KOOLMAX,GB,ZONE 6,KT20
04,KOOLMAX,GB,ZONE 6,KT21
04,KOOLMAX,GB,ZONE 6,KT22
04,KOOLMAX,GB,ZONE 6,KT23
04,KOOLMAX,GB,ZONE 6,KT24
04,KOOLMAX,GB,ZONE 1,L1
04,KOOLMAX,GB,ZONE 1,L2
04,KOOLMAX,GB,ZONE 1,L3
04,KOOLMAX,GB,ZONE 1,L4
04,KOOLMAX,GB,ZONE 1,L5
04,KOOLMAX,GB,ZONE 1,L6
04,KOOLMAX,GB,ZONE 1,L7
04,KOOLMAX,GB,ZONE 1,L8
04,KOOLMAX,GB,ZONE 1,L9
04,KOOLMAX,GB,ZONE 1,L10
04,KOOLMAX,GB,ZONE 1,L11
04,KOOLMAX,GB,ZONE 1,L12
04,KOOLMAX,GB,ZONE 1,L13
04,KOOLMAX,GB,ZONE 1,L14
04,KOOLMAX,GB,ZONE 1,L15
04,KOOLMAX,GB,ZONE 1,L16
04,KOOLMAX,GB,ZONE 1,L17
04,KOOLMAX,GB,ZONE 1,L18
04,KOOLMAX,GB,ZONE 1,L19
04,KOOLMAX,GB,ZONE 1,L20
04,KOOLMAX,GB,ZONE 1,L21
04,KOOLMAX,GB,ZONE 1,L22
04,KOOLMAX,GB,ZONE 1,L23
04,KOOLMAX,GB,ZONE 1,L24
04,KOOLMAX,GB,ZONE 1,L25
04,KOOLMAX,GB,ZONE 1,L26
04,KOOLMAX,GB,ZONE 1,L27
04,KOOLMAX,GB,ZONE 1,L28
04,KOOLMAX,GB,ZONE 1,L29
04,KOOLMAX,GB,ZONE 1,L30
04,KOOLMAX,GB,ZONE 1,L31
04,KOOLMAX,GB,ZONE 1,L32
04,KOOLMAX,GB,ZONE 1,L33
04,KOOLMAX,GB,ZONE 1,L34
04,KOOLMAX,GB,ZONE 1,L35
04,KOOLMAX,GB,ZONE 1,L36
04,KOOLMAX,GB,ZONE 1,L37
04,KOOLMAX,GB,ZONE 1,L38
04,KOOLMAX,GB,ZONE 1,L39
04,KOOLMAX,GB,ZONE 1,L40
04,KOOLMAX,GB,ZONE 1,L67
04,KOOLMAX,GB,ZONE 1,L68
04,KOOLMAX,GB,ZONE 1,L69
04,KOOLMAX,GB,ZONE 1,L70
04,KOOLMAX,GB,ZONE 1,L71
04,KOOLMAX,GB,ZONE 1,L72
04,KOOLMAX,GB,ZONE 1,L73
04,KOOLMAX,GB,ZONE 1,L74
04,KOOLMAX,GB,ZONE 1,L75
04,KOOLMAX,GB,ZONE 1,L99
04,KOOLMAX,GB,ZONE 6,LA1
04,KOOLMAX,GB,ZONE 6,LA2
04,KOOLMAX,GB,ZONE 6,LA3
04,KOOLMAX,GB,ZONE 6,LA4
04,KOOLMAX,GB,ZONE 6,LA5
04,KOOLMAX,GB,ZONE 6,LA6
04,KOOLMAX,GB,ZONE 6,LA7
04,KOOLMAX,GB,ZONE 6,LA8
04,KOOLMAX,GB,ZONE 6,LA9
04,KOOLMAX,GB,ZONE 6,LA10
04,KOOLMAX,GB,ZONE 6,LA11
04,KOOLMAX,GB,ZONE 6,LA12
04,KOOLMAX,GB,ZONE 6,LA13
04,KOOLMAX,GB,ZONE 6,LA14
04,KOOLMAX,GB,ZONE 6,LA15
04,KOOLMAX,GB,ZONE 6,LA16
04,KOOLMAX,GB,ZONE 6,LA17
04,KOOLMAX,GB,ZONE 6,LA18
04,KOOLMAX,GB,ZONE 6,LA19
04,KOOLMAX,GB,ZONE 6,LA20
04,KOOLMAX,GB,ZONE 6,LA21
04,KOOLMAX,GB,ZONE 6,LA22
04,KOOLMAX,GB,ZONE 6,LA23
04,KOOLMAX,GB,ZONE 7,LD1
04,KOOLMAX,GB,ZONE 7,LD2
04,KOOLMAX,GB,ZONE 7,LD3
04,KOOLMAX,GB,ZONE 7,LD4
04,KOOLMAX,GB,ZONE 7,LD5
04,KOOLMAX,GB,ZONE 7,LD6
04,KOOLMAX,GB,ZONE 7,LD7
04,KOOLMAX,GB,ZONE 7,LD8
04,KOOLMAX,GB,ZONE 2,LE1
04,KOOLMAX,GB,ZONE 2,LE2
04,KOOLMAX,GB,ZONE 2,LE3
04,KOOLMAX,GB,ZONE 2,LE4
04,KOOLMAX,GB,ZONE 2,LE5
04,KOOLMAX,GB,ZONE 2,LE6
04,KOOLMAX,GB,ZONE 2,LE7
04,KOOLMAX,GB,ZONE 2,LE8
04,KOOLMAX,GB,ZONE 2,LE9
04,KOOLMAX,GB,ZONE 2,LE10
04,KOOLMAX,GB,ZONE 2,LE11
04,KOOLMAX,GB,ZONE 2,LE12
04,KOOLMAX,GB,ZONE 2,LE13
04,KOOLMAX,GB,ZONE 2,LE14
04,KOOLMAX,GB,ZONE 2,LE15
04,KOOLMAX,GB,ZONE 2,LE16
04,KOOLMAX,GB,ZONE 2,LE17
04,KOOLMAX,GB,ZONE 2,LE18
04,KOOLMAX,GB,ZONE 2,LE19
04,KOOLMAX,GB,ZONE 2,LE21
04,KOOLMAX,GB,ZONE 2,LE41
04,KOOLMAX,GB,ZONE 2,LE55
04,KOOLMAX,GB,ZONE 2,LE65
04,KOOLMAX,GB,ZONE 2,LE67
04,KOOLMAX,GB,ZONE 2,LE87
04,KOOLMAX,GB,ZONE 2,LE94
04,KOOLMAX,GB,ZONE 2,LE95
04,KOOLMAX,GB,ZONE 7,LL11
04,KOOLMAX,GB,ZONE 7,LL12
04,KOOLMAX,GB,ZONE 7,LL13
04,KOOLMAX,GB,ZONE 7,LL14
04,KOOLMAX,GB,ZONE 7,LL15
04,KOOLMAX,GB,ZONE 7,LL16
04,KOOLMAX,GB,ZONE 7,LL17
04,KOOLMAX,GB,ZONE 7,LL18
04,KOOLMAX,GB,ZONE 7,LL19
04,KOOLMAX,GB,ZONE 7,LL20
04,KOOLMAX,GB,ZONE 7,LL21
04,KOOLMAX,GB,ZONE 7,LL22
04,KOOLMAX,GB,ZONE 7,LL23
04,KOOLMAX,GB,ZONE 7,LL24
04,KOOLMAX,GB,ZONE 7,LL25
04,KOOLMAX,GB,ZONE 7,LL26
04,KOOLMAX,GB,ZONE 7,LL27
04,KOOLMAX,GB,ZONE 7,LL28
04,KOOLMAX,GB,ZONE 7,LL29
04,KOOLMAX,GB,ZONE 7,LL30
04,KOOLMAX,GB,ZONE 7,LL31
04,KOOLMAX,GB,ZONE 7,LL32
04,KOOLMAX,GB,ZONE 7,LL33
04,KOOLMAX,GB,ZONE 7,LL34
04,KOOLMAX,GB,ZONE 7,LL35
04,KOOLMAX,GB,ZONE 7,LL36
04,KOOLMAX,GB,ZONE 7,LL37
04,KOOLMAX,GB,ZONE 7,LL38
04,KOOLMAX,GB,ZONE 7,LL39
04,KOOLMAX,GB,ZONE 7,LL40
04,KOOLMAX,GB,ZONE 7,LL41
04,KOOLMAX,GB,ZONE 7,LL42
04,KOOLMAX,GB,ZONE 7,LL43
04,KOOLMAX,GB,ZONE 7,LL44
04,KOOLMAX,GB,ZONE 7,LL45
04,KOOLMAX,GB,ZONE 7,LL46
04,KOOLMAX,GB,ZONE 7,LL47
04,KOOLMAX,GB,ZONE 7,LL48
04,KOOLMAX,GB,ZONE 7,LL49
04,KOOLMAX,GB,ZONE 7,LL51
04,KOOLMAX,GB,ZONE 7,LL52
04,KOOLMAX,GB,ZONE 7,LL53
04,KOOLMAX,GB,ZONE 7,LL54
04,KOOLMAX,GB,ZONE 7,LL55
04,KOOLMAX,GB,ZONE 7,LL56
04,KOOLMAX,GB,ZONE 7,LL57
04,KOOLMAX,GB,ZONE 7,LL58
04,KOOLMAX,GB,ZONE 7,LL59
04,KOOLMAX,GB,ZONE 7,LL60
04,KOOLMAX,GB,ZONE 7,LL61
04,KOOLMAX,GB,ZONE 7,LL62
04,KOOLMAX,GB,ZONE 7,LL63
04,KOOLMAX,GB,ZONE 7,LL64
04,KOOLMAX,GB,ZONE 7,LL65
04,KOOLMAX,GB,ZONE 7,LL66
04,KOOLMAX,GB,ZONE 7,LL67
04,KOOLMAX,GB,ZONE 7,LL68
04,KOOLMAX,GB,ZONE 7,LL69
04,KOOLMAX,GB,ZONE 7,LL70
04,KOOLMAX,GB,ZONE 7,LL71
04,KOOLMAX,GB,ZONE 7,LL72
04,KOOLMAX,GB,ZONE 7,LL73
04,KOOLMAX,GB,ZONE 7,LL74
04,KOOLMAX,GB,ZONE 7,LL75
04,KOOLMAX,GB,ZONE 7,LL76
04,KOOLMAX,GB,ZONE 7,LL77
04,KOOLMAX,GB,ZONE 7,LL78
04,KOOLMAX,GB,ZONE 5,LN1
04,KOOLMAX,GB,ZONE 5,LN2
04,KOOLMAX,GB,ZONE 5,LN3
04,KOOLMAX,GB,ZONE 5,LN4
04,KOOLMAX,GB,ZONE 5,LN5
04,KOOLMAX,GB,ZONE 5,LN6
04,KOOLMAX,GB,ZONE 5,LN7
04,KOOLMAX,GB,ZONE 5,LN8
04,KOOLMAX,GB,ZONE 5,LN9
04,KOOLMAX,GB,ZONE 5,LN10
04,KOOLMAX,GB,ZONE 5,LN11
04,KOOLMAX,GB,ZONE 5,LN12
04,KOOLMAX,GB,ZONE 5,LN13
04,KOOLMAX,GB,ZONE 2,LS1
04,KOOLMAX,GB,ZONE 2,LS2
04,KOOLMAX,GB,ZONE 2,LS3
04,KOOLMAX,GB,ZONE 2,LS4
04,KOOLMAX,GB,ZONE 2,LS5
04,KOOLMAX,GB,ZONE 2,LS6
04,KOOLMAX,GB,ZONE 2,LS7
04,KOOLMAX,GB,ZONE 2,LS8
04,KOOLMAX,GB,ZONE 2,LS9
04,KOOLMAX,GB,ZONE 2,LS10
04,KOOLMAX,GB,ZONE 2,LS11
04,KOOLMAX,GB,ZONE 2,LS12
04,KOOLMAX,GB,ZONE 2,LS13
04,KOOLMAX,GB,ZONE 2,LS14
04,KOOLMAX,GB,ZONE 2,LS15
04,KOOLMAX,GB,ZONE 2,LS16
04,KOOLMAX,GB,ZONE 2,LS17
04,KOOLMAX,GB,ZONE 2,LS18
04,KOOLMAX,GB,ZONE 2,LS19
04,KOOLMAX,GB,ZONE 2,LS20
04,KOOLMAX,GB,ZONE 2,LS21
04,KOOLMAX,GB,ZONE 2,LS22
04,KOOLMAX,GB,ZONE 2,LS23
04,KOOLMAX,GB,ZONE 2,LS24
04,KOOLMAX,GB,ZONE 2,LS25
04,KOOLMAX,GB,ZONE 2,LS26
04,KOOLMAX,GB,ZONE 2,LS27
04,KOOLMAX,GB,ZONE 2,LS28
04,KOOLMAX,GB,ZONE 2,LS29
04,KOOLMAX,GB,ZONE 2,LS88
04,KOOLMAX,GB,ZONE 2,LS98
04,KOOLMAX,GB,ZONE 2,LS99
04,KOOLMAX,GB,ZONE 2,LU1
04,KOOLMAX,GB,ZONE 2,LU2
04,KOOLMAX,GB,ZONE 2,LU3
04,KOOLMAX,GB,ZONE 2,LU4
04,KOOLMAX,GB,ZONE 2,LU5
04,KOOLMAX,GB,ZONE 2,LU6
04,KOOLMAX,GB,ZONE 2,LU7
04,KOOLMAX,GB,ZONE 2,LU95
04,KOOLMAX,GB,ZONE 2,M1
04,KOOLMAX,GB,ZONE 2,M2
04,KOOLMAX,GB,ZONE 2,M3
04,KOOLMAX,GB,ZONE 2,M4
04,KOOLMAX,GB,ZONE 2,M5
04,KOOLMAX,GB,ZONE 2,M6
04,KOOLMAX,GB,ZONE 2,M7
04,KOOLMAX,GB,ZONE 2,M8
04,KOOLMAX,GB,ZONE 2,M9
04,KOOLMAX,GB,ZONE 2,M11
04,KOOLMAX,GB,ZONE 2,M12
04,KOOLMAX,GB,ZONE 2,M13
04,KOOLMAX,GB,ZONE 2,M14
04,KOOLMAX,GB,ZONE 2,M15
04,KOOLMAX,GB,ZONE 2,M16
04,KOOLMAX,GB,ZONE 2,M17
04,KOOLMAX,GB,ZONE 2,M18
04,KOOLMAX,GB,ZONE 2,M19
04,KOOLMAX,GB,ZONE 2,M20
04,KOOLMAX,GB,ZONE 2,M21
04,KOOLMAX,GB,ZONE 2,M22
04,KOOLMAX,GB,ZONE 2,M23
04,KOOLMAX,GB,ZONE 2,M24
04,KOOLMAX,GB,ZONE 2,M25
04,KOOLMAX,GB,ZONE 2,M26
04,KOOLMAX,GB,ZONE 2,M27
04,KOOLMAX,GB,ZONE 2,M28
04,KOOLMAX,GB,ZONE 2,M29
04,KOOLMAX,GB,ZONE 2,M30
04,KOOLMAX,GB,ZONE 2,M31
04,KOOLMAX,GB,ZONE 2,M32
04,KOOLMAX,GB,ZONE 2,M33
04,KOOLMAX,GB,ZONE 2,M34
04,KOOLMAX,GB,ZONE 2,M35
04,KOOLMAX,GB,ZONE 2,M38
04,KOOLMAX,GB,ZONE 2,M40
04,KOOLMAX,GB,ZONE 2,M41
04,KOOLMAX,GB,ZONE 2,M43
04,KOOLMAX,GB,ZONE 2,M44
04,KOOLMAX,GB,ZONE 2,M45
04,KOOLMAX,GB,ZONE 2,M46
04,KOOLMAX,GB,ZONE 2,M50
04,KOOLMAX,GB,ZONE 2,M60
04,KOOLMAX,GB,ZONE 2,M61
04,KOOLMAX,GB,ZONE 2,M90
04,KOOLMAX,GB,ZONE 2,M99
04,KOOLMAX,GB,ZONE 5,ME1
04,KOOLMAX,GB,ZONE 5,ME2
04,KOOLMAX,GB,ZONE 5,ME3
04,KOOLMAX,GB,ZONE 5,ME4
04,KOOLMAX,GB,ZONE 5,ME5
04,KOOLMAX,GB,ZONE 5,ME6
04,KOOLMAX,GB,ZONE 5,ME7
04,KOOLMAX,GB,ZONE 5,ME8
04,KOOLMAX,GB,ZONE 5,ME9
04,KOOLMAX,GB,ZONE 5,ME10
04,KOOLMAX,GB,ZONE 5,ME11
04,KOOLMAX,GB,ZONE 5,ME12
04,KOOLMAX,GB,ZONE 5,ME13
04,KOOLMAX,GB,ZONE 5,ME14
04,KOOLMAX,GB,ZONE 5,ME15
04,KOOLMAX,GB,ZONE 5,ME16
04,KOOLMAX,GB,ZONE 5,ME17
04,KOOLMAX,GB,ZONE 5,ME18
04,KOOLMAX,GB,ZONE 5,ME19
04,KOOLMAX,GB,ZONE 5,ME20
04,KOOLMAX,GB,ZONE 5,ME99
04,KOOLMAX,GB,ZONE 2,MK1
04,KOOLMAX,GB,ZONE 2,MK2
04,KOOLMAX,GB,ZONE 2,MK3
04,KOOLMAX,GB,ZONE 2,MK4
04,KOOLMAX,GB,ZONE 2,MK5
04,KOOLMAX,GB,ZONE 2,MK6
04,KOOLMAX,GB,ZONE 2,MK7
04,KOOLMAX,GB,ZONE 2,MK8
04,KOOLMAX,GB,ZONE 2,MK9
04,KOOLMAX,GB,ZONE 2,MK10
04,KOOLMAX,GB,ZONE 2,MK11
04,KOOLMAX,GB,ZONE 2,MK12
04,KOOLMAX,GB,ZONE 2,MK13
04,KOOLMAX,GB,ZONE 2,MK14
04,KOOLMAX,GB,ZONE 2,MK15
04,KOOLMAX,GB,ZONE 2,MK16
04,KOOLMAX,GB,ZONE 2,MK17
04,KOOLMAX,GB,ZONE 2,MK18
04,KOOLMAX,GB,ZONE 2,MK19
04,KOOLMAX,GB,ZONE 2,MK40
04,KOOLMAX,GB,ZONE 2,MK41
04,KOOLMAX,GB,ZONE 2,MK42
04,KOOLMAX,GB,ZONE 2,MK43
04,KOOLMAX,GB,ZONE 2,MK44
04,KOOLMAX,GB,ZONE 2,MK45
04,KOOLMAX,GB,ZONE 2,MK46
04,KOOLMAX,GB,ZONE 2,MK77
04,KOOLMAX,GB,ZONE 3,N1C
04,KOOLMAX,GB,ZONE 3,N1
04,KOOLMAX,GB,ZONE 3,N2
04,KOOLMAX,GB,ZONE 3,N3
04,KOOLMAX,GB,ZONE 3,N4
04,KOOLMAX,GB,ZONE 3,N5
04,KOOLMAX,GB,ZONE 3,N6
04,KOOLMAX,GB,ZONE 3,N7
04,KOOLMAX,GB,ZONE 3,N8
04,KOOLMAX,GB,ZONE 3,N9
04,KOOLMAX,GB,ZONE 3,N10
04,KOOLMAX,GB,ZONE 3,N11
04,KOOLMAX,GB,ZONE 3,N12
04,KOOLMAX,GB,ZONE 3,N13
04,KOOLMAX,GB,ZONE 3,N14
04,KOOLMAX,GB,ZONE 3,N15
04,KOOLMAX,GB,ZONE 3,N16
04,KOOLMAX,GB,ZONE 3,N17
04,KOOLMAX,GB,ZONE 3,N18
04,KOOLMAX,GB,ZONE 3,N19
04,KOOLMAX,GB,ZONE 3,N20
04,KOOLMAX,GB,ZONE 3,N21
04,KOOLMAX,GB,ZONE 3,N22
04,KOOLMAX,GB,ZONE 3,N81
04,KOOLMAX,GB,ZONE 5,NE1
04,KOOLMAX,GB,ZONE 5,NE2
04,KOOLMAX,GB,ZONE 5,NE3
04,KOOLMAX,GB,ZONE 5,NE4
04,KOOLMAX,GB,ZONE 5,NE5
04,KOOLMAX,GB,ZONE 5,NE6
04,KOOLMAX,GB,ZONE 5,NE7
04,KOOLMAX,GB,ZONE 5,NE8
04,KOOLMAX,GB,ZONE 5,NE9
04,KOOLMAX,GB,ZONE 5,NE10
04,KOOLMAX,GB,ZONE 5,NE11
04,KOOLMAX,GB,ZONE 5,NE12
04,KOOLMAX,GB,ZONE 5,NE13
04,KOOLMAX,GB,ZONE 5,NE15
04,KOOLMAX,GB,ZONE 5,NE16
04,KOOLMAX,GB,ZONE 5,NE17
04,KOOLMAX,GB,ZONE 5,NE18
04,KOOLMAX,GB,ZONE 5,NE19
04,KOOLMAX,GB,ZONE 5,NE20
04,KOOLMAX,GB,ZONE 5,NE21
04,KOOLMAX,GB,ZONE 5,NE22
04,KOOLMAX,GB,ZONE 5,NE23
04,KOOLMAX,GB,ZONE 5,NE24
04,KOOLMAX,GB,ZONE 5,NE25
04,KOOLMAX,GB,ZONE 5,NE26
04,KOOLMAX,GB,ZONE 5,NE27
04,KOOLMAX,GB,ZONE 5,NE28
04,KOOLMAX,GB,ZONE 5,NE29
04,KOOLMAX,GB,ZONE 5,NE30
04,KOOLMAX,GB,ZONE 5,NE31
04,KOOLMAX,GB,ZONE 5,NE32
04,KOOLMAX,GB,ZONE 5,NE33
04,KOOLMAX,GB,ZONE 5,NE34
04,KOOLMAX,GB,ZONE 5,NE35
04,KOOLMAX,GB,ZONE 5,NE36
04,KOOLMAX,GB,ZONE 5,NE37
04,KOOLMAX,GB,ZONE 5,NE38
04,KOOLMAX,GB,ZONE 5,NE39
04,KOOLMAX,GB,ZONE 5,NE40
04,KOOLMAX,GB,ZONE 5,NE41
04,KOOLMAX,GB,ZONE 5,NE42
04,KOOLMAX,GB,ZONE 5,NE43
04,KOOLMAX,GB,ZONE 5,NE44
04,KOOLMAX,GB,ZONE 5,NE45
04,KOOLMAX,GB,ZONE 5,NE46
04,KOOLMAX,GB,ZONE 5,NE47
04,KOOLMAX,GB,ZONE 5,NE48
04,KOOLMAX,GB,ZONE 5,NE49
04,KOOLMAX,GB,ZONE 5,NE61
04,KOOLMAX,GB,ZONE 5,NE62
04,KOOLMAX,GB,ZONE 5,NE63
04,KOOLMAX,GB,ZONE 5,NE64
04,KOOLMAX,GB,ZONE 5,NE65
04,KOOLMAX,GB,ZONE 5,NE66
04,KOOLMAX,GB,ZONE 5,NE67
04,KOOLMAX,GB,ZONE 5,NE68
04,KOOLMAX,GB,ZONE 5,NE69
04,KOOLMAX,GB,ZONE 5,NE70
04,KOOLMAX,GB,ZONE 5,NE71
04,KOOLMAX,GB,ZONE 5,NE82
04,KOOLMAX,GB,ZONE 5,NE83
04,KOOLMAX,GB,ZONE 5,NE85
04,KOOLMAX,GB,ZONE 5,NE88
04,KOOLMAX,GB,ZONE 5,NE98
04,KOOLMAX,GB,ZONE 5,NE99
04,KOOLMAX,GB,ZONE 2,NG1
04,KOOLMAX,GB,ZONE 2,NG2
04,KOOLMAX,GB,ZONE 2,NG3
04,KOOLMAX,GB,ZONE 2,NG4
04,KOOLMAX,GB,ZONE 2,NG5
04,KOOLMAX,GB,ZONE 2,NG6
04,KOOLMAX,GB,ZONE 2,NG7
04,KOOLMAX,GB,ZONE 2,NG8
04,KOOLMAX,GB,ZONE 2,NG9
04,KOOLMAX,GB,ZONE 2,NG10
04,KOOLMAX,GB,ZONE 2,NG11
04,KOOLMAX,GB,ZONE 2,NG12
04,KOOLMAX,GB,ZONE 2,NG13
04,KOOLMAX,GB,ZONE 2,NG14
04,KOOLMAX,GB,ZONE 2,NG15
04,KOOLMAX,GB,ZONE 2,NG16
04,KOOLMAX,GB,ZONE 2,NG17
04,KOOLMAX,GB,ZONE 2,NG18
04,KOOLMAX,GB,ZONE 2,NG19
04,KOOLMAX,GB,ZONE 2,NG20
04,KOOLMAX,GB,ZONE 2,NG21
04,KOOLMAX,GB,ZONE 2,NG22
04,KOOLMAX,GB,ZONE 2,NG23
04,KOOLMAX,GB,ZONE 2,NG24
04,KOOLMAX,GB,ZONE 2,NG25
04,KOOLMAX,GB,ZONE 2,NG31
04,KOOLMAX,GB,ZONE 2,NG32
04,KOOLMAX,GB,ZONE 2,NG33
04,KOOLMAX,GB,ZONE 2,NG34
04,KOOLMAX,GB,ZONE 2,NG70
04,KOOLMAX,GB,ZONE 2,NG80
04,KOOLMAX,GB,ZONE 2,NG90
04,KOOLMAX,GB,ZONE 2,NN1
04,KOOLMAX,GB,ZONE 2,NN2
04,KOOLMAX,GB,ZONE 2,NN3
04,KOOLMAX,GB,ZONE 2,NN4
04,KOOLMAX,GB,ZONE 2,NN5
04,KOOLMAX,GB,ZONE 2,NN6
04,KOOLMAX,GB,ZONE 2,NN7
04,KOOLMAX,GB,ZONE 2,NN8
04,KOOLMAX,GB,ZONE 2,NN9
04,KOOLMAX,GB,ZONE 2,NN10
04,KOOLMAX,GB,ZONE 2,NN11
04,KOOLMAX,GB,ZONE 2,NN12
04,KOOLMAX,GB,ZONE 2,NN13
04,KOOLMAX,GB,ZONE 2,NN14
04,KOOLMAX,GB,ZONE 2,NN15
04,KOOLMAX,GB,ZONE 2,NN16
04,KOOLMAX,GB,ZONE 2,NN17
04,KOOLMAX,GB,ZONE 2,NN18
04,KOOLMAX,GB,ZONE 2,NN29
04,KOOLMAX,GB,ZONE 5,NP4
04,KOOLMAX,GB,ZONE 5,NP7
04,KOOLMAX,GB,ZONE 5,NP8
04,KOOLMAX,GB,ZONE 5,NP9
04,KOOLMAX,GB,ZONE 5,NP10
04,KOOLMAX,GB,ZONE 5,NP11
04,KOOLMAX,GB,ZONE 5,NP12
04,KOOLMAX,GB,ZONE 5,NP13
04,KOOLMAX,GB,ZONE 5,NP15
04,KOOLMAX,GB,ZONE 5,NP16
04,KOOLMAX,GB,ZONE 5,NP18
04,KOOLMAX,GB,ZONE 5,NP19
04,KOOLMAX,GB,ZONE 5,NP20
04,KOOLMAX,GB,ZONE 5,NP22
04,KOOLMAX,GB,ZONE 5,NP23
04,KOOLMAX,GB,ZONE 5,NP24
04,KOOLMAX,GB,ZONE 5,NP25
04,KOOLMAX,GB,ZONE 5,NP26
04,KOOLMAX,GB,ZONE 5,NP44
04,KOOLMAX,GB,ZONE 5,NR1
04,KOOLMAX,GB,ZONE 5,NR2
04,KOOLMAX,GB,ZONE 5,NR3
04,KOOLMAX,GB,ZONE 5,NR4
04,KOOLMAX,GB,ZONE 5,NR5
04,KOOLMAX,GB,ZONE 5,NR6
04,KOOLMAX,GB,ZONE 5,NR7
04,KOOLMAX,GB,ZONE 5,NR8
04,KOOLMAX,GB,ZONE 5,NR9
04,KOOLMAX,GB,ZONE 5,NR10
04,KOOLMAX,GB,ZONE 5,NR11
04,KOOLMAX,GB,ZONE 5,NR12
04,KOOLMAX,GB,ZONE 5,NR13
04,KOOLMAX,GB,ZONE 5,NR14
04,KOOLMAX,GB,ZONE 5,NR15
04,KOOLMAX,GB,ZONE 5,NR16
04,KOOLMAX,GB,ZONE 5,NR17
04,KOOLMAX,GB,ZONE 5,NR18
04,KOOLMAX,GB,ZONE 5,NR19
04,KOOLMAX,GB,ZONE 5,NR20
04,KOOLMAX,GB,ZONE 5,NR21
04,KOOLMAX,GB,ZONE 5,NR22
04,KOOLMAX,GB,ZONE 5,NR23
04,KOOLMAX,GB,ZONE 5,NR24
04,KOOLMAX,GB,ZONE 5,NR25
04,KOOLMAX,GB,ZONE 5,NR26
04,KOOLMAX,GB,ZONE 5,NR27
04,KOOLMAX,GB,ZONE 5,NR28
04,KOOLMAX,GB,ZONE 5,NR29
04,KOOLMAX,GB,ZONE 5,NR30
04,KOOLMAX,GB,ZONE 5,NR31
04,KOOLMAX,GB,ZONE 5,NR32
04,KOOLMAX,GB,ZONE 5,NR33
04,KOOLMAX,GB,ZONE 5,NR34
04,KOOLMAX,GB,ZONE 5,NR35
04,KOOLMAX,GB,ZONE 5,NR99
04,KOOLMAX,GB,ZONE 3,NW1
04,KOOLMAX,GB,ZONE 3,NW2
04,KOOLMAX,GB,ZONE 3,NW3
04,KOOLMAX,GB,ZONE 3,NW4
04,KOOLMAX,GB,ZONE 3,NW5
04,KOOLMAX,GB,ZONE 3,NW6
04,KOOLMAX,GB,ZONE 3,NW7
04,KOOLMAX,GB,ZONE 3,NW8
04,KOOLMAX,GB,ZONE 3,NW9
04,KOOLMAX,GB,ZONE 3,NW10
04,KOOLMAX,GB,ZONE 3,NW11
04,KOOLMAX,GB,ZONE 3,NW1W
04,KOOLMAX,GB,ZONE 2,OL1
04,KOOLMAX,GB,ZONE 2,OL2
04,KOOLMAX,GB,ZONE 2,OL3
04,KOOLMAX,GB,ZONE 2,OL4
04,KOOLMAX,GB,ZONE 2,OL5
04,KOOLMAX,GB,ZONE 2,OL6
04,KOOLMAX,GB,ZONE 2,OL7
04,KOOLMAX,GB,ZONE 2,OL8
04,KOOLMAX,GB,ZONE 2,OL9
04,KOOLMAX,GB,ZONE 2,OL10
04,KOOLMAX,GB,ZONE 2,OL11
04,KOOLMAX,GB,ZONE 2,OL12
04,KOOLMAX,GB,ZONE 2,OL13
04,KOOLMAX,GB,ZONE 2,OL14
04,KOOLMAX,GB,ZONE 2,OL15
04,KOOLMAX,GB,ZONE 2,OL16
04,KOOLMAX,GB,ZONE 2,OL95
04,KOOLMAX,GB,ZONE 5,OX1
04,KOOLMAX,GB,ZONE 5,OX2
04,KOOLMAX,GB,ZONE 5,OX3
04,KOOLMAX,GB,ZONE 5,OX4
04,KOOLMAX,GB,ZONE 5,OX5
04,KOOLMAX,GB,ZONE 5,OX7
04,KOOLMAX,GB,ZONE 5,OX9
04,KOOLMAX,GB,ZONE 5,OX10
04,KOOLMAX,GB,ZONE 5,OX11
04,KOOLMAX,GB,ZONE 5,OX12
04,KOOLMAX,GB,ZONE 5,OX13
04,KOOLMAX,GB,ZONE 5,OX14
04,KOOLMAX,GB,ZONE 5,OX15
04,KOOLMAX,GB,ZONE 5,OX16
04,KOOLMAX,GB,ZONE 5,OX17
04,KOOLMAX,GB,ZONE 5,OX18
04,KOOLMAX,GB,ZONE 5,OX20
04,KOOLMAX,GB,ZONE 5,OX25
04,KOOLMAX,GB,ZONE 5,OX26
04,KOOLMAX,GB,ZONE 5,OX27
04,KOOLMAX,GB,ZONE 5,OX28
04,KOOLMAX,GB,ZONE 5,OX29
04,KOOLMAX,GB,ZONE 5,OX33
04,KOOLMAX,GB,ZONE 5,OX39
04,KOOLMAX,GB,ZONE 5,OX44
04,KOOLMAX,GB,ZONE 5,OX49
04,KOOLMAX,GB,ZONE 5,PE1
04,KOOLMAX,GB,ZONE 5,PE2
04,KOOLMAX,GB,ZONE 5,PE3
04,KOOLMAX,GB,ZONE 5,PE4
04,KOOLMAX,GB,ZONE 5,PE5
04,KOOLMAX,GB,ZONE 5,PE6
04,KOOLMAX,GB,ZONE 5,PE7
04,KOOLMAX,GB,ZONE 5,PE8
04,KOOLMAX,GB,ZONE 5,PE9
04,KOOLMAX,GB,ZONE 5,PE10
04,KOOLMAX,GB,ZONE 5,PE11
04,KOOLMAX,GB,ZONE 5,PE12
04,KOOLMAX,GB,ZONE 5,PE13
04,KOOLMAX,GB,ZONE 5,PE14
04,KOOLMAX,GB,ZONE 5,PE15
04,KOOLMAX,GB,ZONE 5,PE16
04,KOOLMAX,GB,ZONE 5,PE19
04,KOOLMAX,GB,ZONE 5,PE20
04,KOOLMAX,GB,ZONE 5,PE21
04,KOOLMAX,GB,ZONE 5,PE22
04,KOOLMAX,GB,ZONE 5,PE23
04,KOOLMAX,GB,ZONE 5,PE24
04,KOOLMAX,GB,ZONE 5,PE25
04,KOOLMAX,GB,ZONE 5,PE26
04,KOOLMAX,GB,ZONE 5,PE27
04,KOOLMAX,GB,ZONE 5,PE28
04,KOOLMAX,GB,ZONE 5,PE29
04,KOOLMAX,GB,ZONE 5,PE30
04,KOOLMAX,GB,ZONE 5,PE31
04,KOOLMAX,GB,ZONE 5,PE32
04,KOOLMAX,GB,ZONE 5,PE33
04,KOOLMAX,GB,ZONE 5,PE34
04,KOOLMAX,GB,ZONE 5,PE35
04,KOOLMAX,GB,ZONE 5,PE36
04,KOOLMAX,GB,ZONE 5,PE37
04,KOOLMAX,GB,ZONE 5,PE38
04,KOOLMAX,GB,ZONE 5,PE99
04,KOOLMAX,GB,ZONE 7,PL1
04,KOOLMAX,GB,ZONE 7,PL2
04,KOOLMAX,GB,ZONE 7,PL3
04,KOOLMAX,GB,ZONE 7,PL4
04,KOOLMAX,GB,ZONE 7,PL5
04,KOOLMAX,GB,ZONE 7,PL6
04,KOOLMAX,GB,ZONE 7,PL7
04,KOOLMAX,GB,ZONE 7,PL8
04,KOOLMAX,GB,ZONE 7,PL9
04,KOOLMAX,GB,ZONE 7,PL10
04,KOOLMAX,GB,ZONE 7,PL11
04,KOOLMAX,GB,ZONE 7,PL12
04,KOOLMAX,GB,ZONE 7,PL13
04,KOOLMAX,GB,ZONE 7,PL14
04,KOOLMAX,GB,ZONE 7,PL15
04,KOOLMAX,GB,ZONE 7,PL16
04,KOOLMAX,GB,ZONE 7,PL17
04,KOOLMAX,GB,ZONE 7,PL18
04,KOOLMAX,GB,ZONE 7,PL19
04,KOOLMAX,GB,ZONE 7,PL20
04,KOOLMAX,GB,ZONE 7,PL21
04,KOOLMAX,GB,ZONE 7,PL22
04,KOOLMAX,GB,ZONE 7,PL23
04,KOOLMAX,GB,ZONE 7,PL24
04,KOOLMAX,GB,ZONE 7,PL25
04,KOOLMAX,GB,ZONE 7,PL26
04,KOOLMAX,GB,ZONE 7,PL27
04,KOOLMAX,GB,ZONE 7,PL28
04,KOOLMAX,GB,ZONE 7,PL29
04,KOOLMAX,GB,ZONE 7,PL30
04,KOOLMAX,GB,ZONE 7,PL31
04,KOOLMAX,GB,ZONE 7,PL32
04,KOOLMAX,GB,ZONE 7,PL33
04,KOOLMAX,GB,ZONE 7,PL34
04,KOOLMAX,GB,ZONE 7,PL35
04,KOOLMAX,GB,ZONE 7,PL95
04,KOOLMAX,GB,ZONE 5,PO1
04,KOOLMAX,GB,ZONE 5,PO2
04,KOOLMAX,GB,ZONE 5,PO3
04,KOOLMAX,GB,ZONE 5,PO4
04,KOOLMAX,GB,ZONE 5,PO5
04,KOOLMAX,GB,ZONE 5,PO6
04,KOOLMAX,GB,ZONE 5,PO7
04,KOOLMAX,GB,ZONE 5,PO8
04,KOOLMAX,GB,ZONE 5,PO9
04,KOOLMAX,GB,ZONE 5,PO10
04,KOOLMAX,GB,ZONE 5,PO11
04,KOOLMAX,GB,ZONE 5,PO12
04,KOOLMAX,GB,ZONE 5,PO13
04,KOOLMAX,GB,ZONE 5,PO14
04,KOOLMAX,GB,ZONE 5,PO15
04,KOOLMAX,GB,ZONE 5,PO16
04,KOOLMAX,GB,ZONE 5,PO17
04,KOOLMAX,GB,ZONE 5,PO18
04,KOOLMAX,GB,ZONE 5,PO19
04,KOOLMAX,GB,ZONE 5,PO20
04,KOOLMAX,GB,ZONE 5,PO21
04,KOOLMAX,GB,ZONE 5,PO22
04,KOOLMAX,GB,ZONE 1,PR0
04,KOOLMAX,GB,ZONE 1,PR1
04,KOOLMAX,GB,ZONE 1,PR2
04,KOOLMAX,GB,ZONE 1,PR3
04,KOOLMAX,GB,ZONE 1,PR4
04,KOOLMAX,GB,ZONE 1,PR5
04,KOOLMAX,GB,ZONE 1,PR6
04,KOOLMAX,GB,ZONE 1,PR7
04,KOOLMAX,GB,ZONE 1,PR8
04,KOOLMAX,GB,ZONE 1,PR9
04,KOOLMAX,GB,ZONE 1,PR11
04,KOOLMAX,GB,ZONE 1,PR25
04,KOOLMAX,GB,ZONE 1,PR26
04,KOOLMAX,GB,ZONE 5,RG1
04,KOOLMAX,GB,ZONE 5,RG2
04,KOOLMAX,GB,ZONE 5,RG4
04,KOOLMAX,GB,ZONE 5,RG5
04,KOOLMAX,GB,ZONE 5,RG6
04,KOOLMAX,GB,ZONE 5,RG7
04,KOOLMAX,GB,ZONE 5,RG8
04,KOOLMAX,GB,ZONE 5,RG9
04,KOOLMAX,GB,ZONE 5,RG10
04,KOOLMAX,GB,ZONE 5,RG12
04,KOOLMAX,GB,ZONE 5,RG14
04,KOOLMAX,GB,ZONE 5,RG17
04,KOOLMAX,GB,ZONE 5,RG18
04,KOOLMAX,GB,ZONE 5,RG19
04,KOOLMAX,GB,ZONE 5,RG20
04,KOOLMAX,GB,ZONE 5,RG21
04,KOOLMAX,GB,ZONE 5,RG22
04,KOOLMAX,GB,ZONE 5,RG23
04,KOOLMAX,GB,ZONE 5,RG24
04,KOOLMAX,GB,ZONE 5,RG25
04,KOOLMAX,GB,ZONE 5,RG26
04,KOOLMAX,GB,ZONE 5,RG27
04,KOOLMAX,GB,ZONE 5,RG28
04,KOOLMAX,GB,ZONE 5,RG29
04,KOOLMAX,GB,ZONE 5,RG30
04,KOOLMAX,GB,ZONE 5,RG31
04,KOOLMAX,GB,ZONE 5,RG40
04,KOOLMAX,GB,ZONE 5,RG41
04,KOOLMAX,GB,ZONE 5,RG42
04,KOOLMAX,GB,ZONE 5,RG45
04,KOOLMAX,GB,ZONE 5,RH1
04,KOOLMAX,GB,ZONE 5,RH2
04,KOOLMAX,GB,ZONE 5,RH3
04,KOOLMAX,GB,ZONE 5,RH4
04,KOOLMAX,GB,ZONE 5,RH5
04,KOOLMAX,GB,ZONE 5,RH6
04,KOOLMAX,GB,ZONE 5,RH7
04,KOOLMAX,GB,ZONE 5,RH8
04,KOOLMAX,GB,ZONE 5,RH9
04,KOOLMAX,GB,ZONE 5,RH10
04,KOOLMAX,GB,ZONE 5,RH11
04,KOOLMAX,GB,ZONE 5,RH12
04,KOOLMAX,GB,ZONE 5,RH13
04,KOOLMAX,GB,ZONE 5,RH14
04,KOOLMAX,GB,ZONE 5,RH15
04,KOOLMAX,GB,ZONE 5,RH16
04,KOOLMAX,GB,ZONE 5,RH17
04,KOOLMAX,GB,ZONE 5,RH18
04,KOOLMAX,GB,ZONE 5,RH19
04,KOOLMAX,GB,ZONE 5,RH20
04,KOOLMAX,GB,ZONE 5,RH77
04,KOOLMAX,GB,ZONE 4,RM1
04,KOOLMAX,GB,ZONE 4,RM2
04,KOOLMAX,GB,ZONE 4,RM3
04,KOOLMAX,GB,ZONE 4,RM4
04,KOOLMAX,GB,ZONE 4,RM5
04,KOOLMAX,GB,ZONE 4,RM6
04,KOOLMAX,GB,ZONE 4,RM7
04,KOOLMAX,GB,ZONE 4,RM8
04,KOOLMAX,GB,ZONE 4,RM9
04,KOOLMAX,GB,ZONE 4,RM10
04,KOOLMAX,GB,ZONE 4,RM11
04,KOOLMAX,GB,ZONE 4,RM12
04,KOOLMAX,GB,ZONE 4,RM13
04,KOOLMAX,GB,ZONE 4,RM14
04,KOOLMAX,GB,ZONE 4,RM15
04,KOOLMAX,GB,ZONE 4,RM16
04,KOOLMAX,GB,ZONE 4,RM17
04,KOOLMAX,GB,ZONE 4,RM18
04,KOOLMAX,GB,ZONE 4,RM19
04,KOOLMAX,GB,ZONE 4,RM20
04,KOOLMAX,GB,ZONE 4,RM50
04,KOOLMAX,GB,ZONE 2,S1
04,KOOLMAX,GB,ZONE 2,S2
04,KOOLMAX,GB,ZONE 2,S3
04,KOOLMAX,GB,ZONE 2,S4
04,KOOLMAX,GB,ZONE 2,S5
04,KOOLMAX,GB,ZONE 2,S6
04,KOOLMAX,GB,ZONE 2,S7
04,KOOLMAX,GB,ZONE 2,S8
04,KOOLMAX,GB,ZONE 2,S9
04,KOOLMAX,GB,ZONE 2,S10
04,KOOLMAX,GB,ZONE 2,S11
04,KOOLMAX,GB,ZONE 2,S12
04,KOOLMAX,GB,ZONE 2,S13
04,KOOLMAX,GB,ZONE 2,S14
04,KOOLMAX,GB,ZONE 2,S17
04,KOOLMAX,GB,ZONE 2,S18
04,KOOLMAX,GB,ZONE 2,S20
04,KOOLMAX,GB,ZONE 2,S21
04,KOOLMAX,GB,ZONE 2,S25
04,KOOLMAX,GB,ZONE 2,S26
04,KOOLMAX,GB,ZONE 2,S32
04,KOOLMAX,GB,ZONE 2,S33
04,KOOLMAX,GB,ZONE 2,S35
04,KOOLMAX,GB,ZONE 2,S36
04,KOOLMAX,GB,ZONE 2,S40
04,KOOLMAX,GB,ZONE 2,S41
04,KOOLMAX,GB,ZONE 2,S42
04,KOOLMAX,GB,ZONE 2,S43
04,KOOLMAX,GB,ZONE 2,S44
04,KOOLMAX,GB,ZONE 2,S45
04,KOOLMAX,GB,ZONE 2,S49
04,KOOLMAX,GB,ZONE 2,S60
04,KOOLMAX,GB,ZONE 2,S61
04,KOOLMAX,GB,ZONE 2,S62
04,KOOLMAX,GB,ZONE 2,S63
04,KOOLMAX,GB,ZONE 2,S64
04,KOOLMAX,GB,ZONE 2,S65
04,KOOLMAX,GB,ZONE 2,S66
04,KOOLMAX,GB,ZONE 2,S70
04,KOOLMAX,GB,ZONE 2,S71
04,KOOLMAX,GB,ZONE 2,S72
04,KOOLMAX,GB,ZONE 2,S73
04,KOOLMAX,GB,ZONE 2,S74
04,KOOLMAX,GB,ZONE 2,S75
04,KOOLMAX,GB,ZONE 2,S80
04,KOOLMAX,GB,ZONE 2,S81
04,KOOLMAX,GB,ZONE 2,S96
04,KOOLMAX,GB,ZONE 2,S97
04,KOOLMAX,GB,ZONE 2,S98
04,KOOLMAX,GB,ZONE 2,S99
04,KOOLMAX,GB,ZONE 7,SA1
04,KOOLMAX,GB,ZONE 7,SA2
04,KOOLMAX,GB,ZONE 7,SA3
04,KOOLMAX,GB,ZONE 7,SA4
04,KOOLMAX,GB,ZONE 7,SA5
04,KOOLMAX,GB,ZONE 7,SA6
04,KOOLMAX,GB,ZONE 7,SA7
04,KOOLMAX,GB,ZONE 7,SA8
04,KOOLMAX,GB,ZONE 7,SA9
04,KOOLMAX,GB,ZONE 7,SA10
04,KOOLMAX,GB,ZONE 7,SA11
04,KOOLMAX,GB,ZONE 7,SA12
04,KOOLMAX,GB,ZONE 7,SA13
04,KOOLMAX,GB,ZONE 7,SA14
04,KOOLMAX,GB,ZONE 7,SA15
04,KOOLMAX,GB,ZONE 7,SA16
04,KOOLMAX,GB,ZONE 7,SA17
04,KOOLMAX,GB,ZONE 7,SA18
04,KOOLMAX,GB,ZONE 7,SA19
04,KOOLMAX,GB,ZONE 7,SA20
04,KOOLMAX,GB,ZONE 7,SA31
04,KOOLMAX,GB,ZONE 7,SA32
04,KOOLMAX,GB,ZONE 7,SA33
04,KOOLMAX,GB,ZONE 7,SA34
04,KOOLMAX,GB,ZONE 7,SA35
04,KOOLMAX,GB,ZONE 7,SA36
04,KOOLMAX,GB,ZONE 7,SA37
04,KOOLMAX,GB,ZONE 7,SA38
04,KOOLMAX,GB,ZONE 7,SA39
04,KOOLMAX,GB,ZONE 7,SA40
04,KOOLMAX,GB,ZONE 7,SA41
04,KOOLMAX,GB,ZONE 7,SA42
04,KOOLMAX,GB,ZONE 7,SA43
04,KOOLMAX,GB,ZONE 7,SA44
04,KOOLMAX,GB,ZONE 7,SA45
04,KOOLMAX,GB,ZONE 7,SA46
04,KOOLMAX,GB,ZONE 7,SA47
04,KOOLMAX,GB,ZONE 7,SA48
04,KOOLMAX,GB,ZONE 7,SA61
04,KOOLMAX,GB,ZONE 7,SA62
04,KOOLMAX,GB,ZONE 7,SA63
04,KOOLMAX,GB,ZONE 7,SA64
04,KOOLMAX,GB,ZONE 7,SA65
04,KOOLMAX,GB,ZONE 7,SA66
04,KOOLMAX,GB,ZONE 7,SA67
04,KOOLMAX,GB,ZONE 7,SA68
04,KOOLMAX,GB,ZONE 7,SA69
04,KOOLMAX,GB,ZONE 7,SA70
04,KOOLMAX,GB,ZONE 7,SA71
04,KOOLMAX,GB,ZONE 7,SA72
04,KOOLMAX,GB,ZONE 7,SA73
04,KOOLMAX,GB,ZONE 7,SA80
04,KOOLMAX,GB,ZONE 7,SA99
04,KOOLMAX,GB,ZONE 3,SE1
04,KOOLMAX,GB,ZONE 3,SE2
04,KOOLMAX,GB,ZONE 3,SE3
04,KOOLMAX,GB,ZONE 3,SE4
04,KOOLMAX,GB,ZONE 3,SE5
04,KOOLMAX,GB,ZONE 3,SE6
04,KOOLMAX,GB,ZONE 3,SE7
04,KOOLMAX,GB,ZONE 3,SE8
04,KOOLMAX,GB,ZONE 3,SE9
04,KOOLMAX,GB,ZONE 3,SE10
04,KOOLMAX,GB,ZONE 3,SE11
04,KOOLMAX,GB,ZONE 3,SE12
04,KOOLMAX,GB,ZONE 3,SE13
04,KOOLMAX,GB,ZONE 3,SE14
04,KOOLMAX,GB,ZONE 3,SE15
04,KOOLMAX,GB,ZONE 3,SE16
04,KOOLMAX,GB,ZONE 3,SE17
04,KOOLMAX,GB,ZONE 3,SE18
04,KOOLMAX,GB,ZONE 3,SE19
04,KOOLMAX,GB,ZONE 3,SE20
04,KOOLMAX,GB,ZONE 3,SE21
04,KOOLMAX,GB,ZONE 3,SE22
04,KOOLMAX,GB,ZONE 3,SE23
04,KOOLMAX,GB,ZONE 3,SE24
04,KOOLMAX,GB,ZONE 3,SE25
04,KOOLMAX,GB,ZONE 3,SE26
04,KOOLMAX,GB,ZONE 3,SE27
04,KOOLMAX,GB,ZONE 3,SE28
04,KOOLMAX,GB,ZONE 5,SG1
04,KOOLMAX,GB,ZONE 5,SG2
04,KOOLMAX,GB,ZONE 5,SG3
04,KOOLMAX,GB,ZONE 5,SG4
04,KOOLMAX,GB,ZONE 5,SG5
04,KOOLMAX,GB,ZONE 5,SG6
04,KOOLMAX,GB,ZONE 5,SG7
04,KOOLMAX,GB,ZONE 5,SG8
04,KOOLMAX,GB,ZONE 5,SG9
04,KOOLMAX,GB,ZONE 5,SG10
04,KOOLMAX,GB,ZONE 5,SG11
04,KOOLMAX,GB,ZONE 5,SG12
04,KOOLMAX,GB,ZONE 5,SG13
04,KOOLMAX,GB,ZONE 5,SG14
04,KOOLMAX,GB,ZONE 5,SG15
04,KOOLMAX,GB,ZONE 5,SG16
04,KOOLMAX,GB,ZONE 5,SG17
04,KOOLMAX,GB,ZONE 5,SG18
04,KOOLMAX,GB,ZONE 5,SG19
04,KOOLMAX,GB,ZONE 2,SK1
04,KOOLMAX,GB,ZONE 2,SK2
04,KOOLMAX,GB,ZONE 2,SK3
04,KOOLMAX,GB,ZONE 2,SK4
04,KOOLMAX,GB,ZONE 2,SK5
04,KOOLMAX,GB,ZONE 2,SK6
04,KOOLMAX,GB,ZONE 2,SK7
04,KOOLMAX,GB,ZONE 2,SK8
04,KOOLMAX,GB,ZONE 2,SK9
04,KOOLMAX,GB,ZONE 2,SK10
04,KOOLMAX,GB,ZONE 2,SK11
04,KOOLMAX,GB,ZONE 2,SK12
04,KOOLMAX,GB,ZONE 2,SK13
04,KOOLMAX,GB,ZONE 2,SK14
04,KOOLMAX,GB,ZONE 2,SK15
04,KOOLMAX,GB,ZONE 2,SK16
04,KOOLMAX,GB,ZONE 2,SK17
04,KOOLMAX,GB,ZONE 2,SK22
04,KOOLMAX,GB,ZONE 2,SK23
04,KOOLMAX,GB,ZONE 5,SL0
04,KOOLMAX,GB,ZONE 5,SL1
04,KOOLMAX,GB,ZONE 5,SL2
04,KOOLMAX,GB,ZONE 5,SL3
04,KOOLMAX,GB,ZONE 5,SL4
04,KOOLMAX,GB,ZONE 5,SL5
04,KOOLMAX,GB,ZONE 5,SL6
04,KOOLMAX,GB,ZONE 5,SL7
04,KOOLMAX,GB,ZONE 5,SL8
04,KOOLMAX,GB,ZONE 5,SL9
04,KOOLMAX,GB,ZONE 5,SL95
04,KOOLMAX,GB,ZONE 6,SM1
04,KOOLMAX,GB,ZONE 6,SM2
04,KOOLMAX,GB,ZONE 6,SM3
04,KOOLMAX,GB,ZONE 6,SM4
04,KOOLMAX,GB,ZONE 6,SM5
04,KOOLMAX,GB,ZONE 6,SM6
04,KOOLMAX,GB,ZONE 6,SM7
04,KOOLMAX,GB,ZONE 5,SN1
04,KOOLMAX,GB,ZONE 5,SN2
04,KOOLMAX,GB,ZONE 5,SN3
04,KOOLMAX,GB,ZONE 5,SN4
04,KOOLMAX,GB,ZONE 5,SN5
04,KOOLMAX,GB,ZONE 5,SN6
04,KOOLMAX,GB,ZONE 5,SN7
04,KOOLMAX,GB,ZONE 5,SN8
04,KOOLMAX,GB,ZONE 5,SN9
04,KOOLMAX,GB,ZONE 5,SN10
04,KOOLMAX,GB,ZONE 5,SN11
04,KOOLMAX,GB,ZONE 5,SN12
04,KOOLMAX,GB,ZONE 5,SN13
04,KOOLMAX,GB,ZONE 5,SN14
04,KOOLMAX,GB,ZONE 5,SN15
04,KOOLMAX,GB,ZONE 5,SN16
04,KOOLMAX,GB,ZONE 5,SN25
04,KOOLMAX,GB,ZONE 5,SN26
04,KOOLMAX,GB,ZONE 5,SN38
04,KOOLMAX,GB,ZONE 5,SN99
04,KOOLMAX,GB,ZONE 5,SO14
04,KOOLMAX,GB,ZONE 5,SO15
04,KOOLMAX,GB,ZONE 5,SO16
04,KOOLMAX,GB,ZONE 5,SO17
04,KOOLMAX,GB,ZONE 5,SO18
04,KOOLMAX,GB,ZONE 5,SO19
04,KOOLMAX,GB,ZONE 5,SO20
04,KOOLMAX,GB,ZONE 5,SO21
04,KOOLMAX,GB,ZONE 5,SO22
04,KOOLMAX,GB,ZONE 5,SO23
04,KOOLMAX,GB,ZONE 5,SO24
04,KOOLMAX,GB,ZONE 5,SO30
04,KOOLMAX,GB,ZONE 5,SO31
04,KOOLMAX,GB,ZONE 5,SO32
04,KOOLMAX,GB,ZONE 5,SO40
04,KOOLMAX,GB,ZONE 5,SO41
04,KOOLMAX,GB,ZONE 5,SO42
04,KOOLMAX,GB,ZONE 5,SO43
04,KOOLMAX,GB,ZONE 5,SO45
04,KOOLMAX,GB,ZONE 5,SO50
04,KOOLMAX,GB,ZONE 5,SO51
04,KOOLMAX,GB,ZONE 5,SO52
04,KOOLMAX,GB,ZONE 5,SO53
04,KOOLMAX,GB,ZONE 5,SO97
04,KOOLMAX,GB,ZONE 5,SP1
04,KOOLMAX,GB,ZONE 5,SP2
04,KOOLMAX,GB,ZONE 5,SP3
04,KOOLMAX,GB,ZONE 5,SP4
04,KOOLMAX,GB,ZONE 5,SP5
04,KOOLMAX,GB,ZONE 5,SP6
04,KOOLMAX,GB,ZONE 5,SP7
04,KOOLMAX,GB,ZONE 5,SP8
04,KOOLMAX,GB,ZONE 5,SP9
04,KOOLMAX,GB,ZONE 5,SP10
04,KOOLMAX,GB,ZONE 5,SP11
04,KOOLMAX,GB,ZONE 5,SR1
04,KOOLMAX,GB,ZONE 5,SR2
04,KOOLMAX,GB,ZONE 5,SR3
04,KOOLMAX,GB,ZONE 5,SR4
04,KOOLMAX,GB,ZONE 5,SR5
04,KOOLMAX,GB,ZONE 5,SR6
04,KOOLMAX,GB,ZONE 5,SR7
04,KOOLMAX,GB,ZONE 5,SR8
04,KOOLMAX,GB,ZONE 5,SR9
04,KOOLMAX,GB,ZONE 5,SS0
04,KOOLMAX,GB,ZONE 5,SS1
04,KOOLMAX,GB,ZONE 5,SS2
04,KOOLMAX,GB,ZONE 5,SS3
04,KOOLMAX,GB,ZONE 5,SS4
04,KOOLMAX,GB,ZONE 5,SS5
04,KOOLMAX,GB,ZONE 5,SS6
04,KOOLMAX,GB,ZONE 5,SS7
04,KOOLMAX,GB,ZONE 5,SS8
04,KOOLMAX,GB,ZONE 5,SS9
04,KOOLMAX,GB,ZONE 5,SS11
04,KOOLMAX,GB,ZONE 5,SS12
04,KOOLMAX,GB,ZONE 5,SS13
04,KOOLMAX,GB,ZONE 5,SS14
04,KOOLMAX,GB,ZONE 5,SS15
04,KOOLMAX,GB,ZONE 5,SS16
04,KOOLMAX,GB,ZONE 5,SS17
04,KOOLMAX,GB,ZONE 5,SS22
04,KOOLMAX,GB,ZONE 5,SS99
04,KOOLMAX,GB,ZONE 2,ST1
04,KOOLMAX,GB,ZONE 2,ST2
04,KOOLMAX,GB,ZONE 2,ST3
04,KOOLMAX,GB,ZONE 2,ST4
04,KOOLMAX,GB,ZONE 2,ST5
04,KOOLMAX,GB,ZONE 2,ST6
04,KOOLMAX,GB,ZONE 2,ST7
04,KOOLMAX,GB,ZONE 2,ST8
04,KOOLMAX,GB,ZONE 2,ST9
04,KOOLMAX,GB,ZONE 2,ST10
04,KOOLMAX,GB,ZONE 2,ST11
04,KOOLMAX,GB,ZONE 2,ST12
04,KOOLMAX,GB,ZONE 2,ST13
04,KOOLMAX,GB,ZONE 2,ST14
04,KOOLMAX,GB,ZONE 2,ST15
04,KOOLMAX,GB,ZONE 2,ST16
04,KOOLMAX,GB,ZONE 2,ST17
04,KOOLMAX,GB,ZONE 2,ST18
04,KOOLMAX,GB,ZONE 2,ST19
04,KOOLMAX,GB,ZONE 2,ST20
04,KOOLMAX,GB,ZONE 2,ST21
04,KOOLMAX,GB,ZONE 2,ST55
04,KOOLMAX,GB,ZONE 3,SW1A
04,KOOLMAX,GB,ZONE 3,SW1E
04,KOOLMAX,GB,ZONE 3,SW1H
04,KOOLMAX,GB,ZONE 3,SW1P
04,KOOLMAX,GB,ZONE 3,SW1V
04,KOOLMAX,GB,ZONE 3,SW1W
04,KOOLMAX,GB,ZONE 3,SW1X
04,KOOLMAX,GB,ZONE 3,SW1Y
04,KOOLMAX,GB,ZONE 3,SW2
04,KOOLMAX,GB,ZONE 3,SW3
04,KOOLMAX,GB,ZONE 3,SW4
04,KOOLMAX,GB,ZONE 3,SW5
04,KOOLMAX,GB,ZONE 3,SW6
04,KOOLMAX,GB,ZONE 3,SW7
04,KOOLMAX,GB,ZONE 3,SW8
04,KOOLMAX,GB,ZONE 3,SW9
04,KOOLMAX,GB,ZONE 3,SW10
04,KOOLMAX,GB,ZONE 3,SW11
04,KOOLMAX,GB,ZONE 3,SW12
04,KOOLMAX,GB,ZONE 3,SW13
04,KOOLMAX,GB,ZONE 3,SW14
04,KOOLMAX,GB,ZONE 3,SW15
04,KOOLMAX,GB,ZONE 3,SW16
04,KOOLMAX,GB,ZONE 3,SW17
04,KOOLMAX,GB,ZONE 3,SW18
04,KOOLMAX,GB,ZONE 3,SW19
04,KOOLMAX,GB,ZONE 3,SW20
04,KOOLMAX,GB,ZONE 3,SW95
04,KOOLMAX,GB,ZONE 3,SW99
04,KOOLMAX,GB,ZONE 6,SY1
04,KOOLMAX,GB,ZONE 6,SY2
04,KOOLMAX,GB,ZONE 6,SY3
04,KOOLMAX,GB,ZONE 6,SY4
04,KOOLMAX,GB,ZONE 6,SY5
04,KOOLMAX,GB,ZONE 6,SY6
04,KOOLMAX,GB,ZONE 6,SY7
04,KOOLMAX,GB,ZONE 6,SY8
04,KOOLMAX,GB,ZONE 6,SY9
04,KOOLMAX,GB,ZONE 6,SY10
04,KOOLMAX,GB,ZONE 6,SY11
04,KOOLMAX,GB,ZONE 6,SY12
04,KOOLMAX,GB,ZONE 6,SY13
04,KOOLMAX,GB,ZONE 6,SY14
04,KOOLMAX,GB,ZONE 6,SY15
04,KOOLMAX,GB,ZONE 6,SY16
04,KOOLMAX,GB,ZONE 6,SY17
04,KOOLMAX,GB,ZONE 6,SY18
04,KOOLMAX,GB,ZONE 6,SY19
04,KOOLMAX,GB,ZONE 6,SY20
04,KOOLMAX,GB,ZONE 6,SY21
04,KOOLMAX,GB,ZONE 6,SY22
04,KOOLMAX,GB,ZONE 6,SY23
04,KOOLMAX,GB,ZONE 6,SY24
04,KOOLMAX,GB,ZONE 6,SY25
04,KOOLMAX,GB,ZONE 6,SY99
04,KOOLMAX,GB,ZONE 6,TA1
04,KOOLMAX,GB,ZONE 6,TA2
04,KOOLMAX,GB,ZONE 6,TA3
04,KOOLMAX,GB,ZONE 6,TA4
04,KOOLMAX,GB,ZONE 6,TA5
04,KOOLMAX,GB,ZONE 6,TA6
04,KOOLMAX,GB,ZONE 6,TA7
04,KOOLMAX,GB,ZONE 6,TA8
04,KOOLMAX,GB,ZONE 6,TA9
04,KOOLMAX,GB,ZONE 6,TA10
04,KOOLMAX,GB,ZONE 6,TA11
04,KOOLMAX,GB,ZONE 6,TA12
04,KOOLMAX,GB,ZONE 6,TA13
04,KOOLMAX,GB,ZONE 6,TA14
04,KOOLMAX,GB,ZONE 6,TA15
04,KOOLMAX,GB,ZONE 6,TA16
04,KOOLMAX,GB,ZONE 6,TA17
04,KOOLMAX,GB,ZONE 6,TA18
04,KOOLMAX,GB,ZONE 6,TA19
04,KOOLMAX,GB,ZONE 6,TA20
04,KOOLMAX,GB,ZONE 6,TA21
04,KOOLMAX,GB,ZONE 6,TA22
04,KOOLMAX,GB,ZONE 6,TA23
04,KOOLMAX,GB,ZONE 6,TA24
04,KOOLMAX,GB,ZONE 2,TF1
04,KOOLMAX,GB,ZONE 2,TF2
04,KOOLMAX,GB,ZONE 2,TF3
04,KOOLMAX,GB,ZONE 2,TF4
04,KOOLMAX,GB,ZONE 2,TF5
04,KOOLMAX,GB,ZONE 2,TF6
04,KOOLMAX,GB,ZONE 2,TF7
04,KOOLMAX,GB,ZONE 2,TF8
04,KOOLMAX,GB,ZONE 2,TF9
04,KOOLMAX,GB,ZONE 2,TF10
04,KOOLMAX,GB,ZONE 2,TF11
04,KOOLMAX,GB,ZONE 2,TF12
04,KOOLMAX,GB,ZONE 2,TF13
04,KOOLMAX,GB,ZONE 7,TN1
04,KOOLMAX,GB,ZONE 7,TN2
04,KOOLMAX,GB,ZONE 7,TN3
04,KOOLMAX,GB,ZONE 7,TN4
04,KOOLMAX,GB,ZONE 7,TN5
04,KOOLMAX,GB,ZONE 7,TN6
04,KOOLMAX,GB,ZONE 7,TN7
04,KOOLMAX,GB,ZONE 6,TN8
04,KOOLMAX,GB,ZONE 6,TN9
04,KOOLMAX,GB,ZONE 6,TN10
04,KOOLMAX,GB,ZONE 6,TN11
04,KOOLMAX,GB,ZONE 6,TN12
04,KOOLMAX,GB,ZONE 6,TN13
04,KOOLMAX,GB,ZONE 6,TN14
04,KOOLMAX,GB,ZONE 6,TN15
04,KOOLMAX,GB,ZONE 6,TN16
04,KOOLMAX,GB,ZONE 7,TN17
04,KOOLMAX,GB,ZONE 7,TN18
04,KOOLMAX,GB,ZONE 7,TN19
04,KOOLMAX,GB,ZONE 7,TN20
04,KOOLMAX,GB,ZONE 7,TN21
04,KOOLMAX,GB,ZONE 7,TN22
04,KOOLMAX,GB,ZONE 7,TN23
04,KOOLMAX,GB,ZONE 7,TN24
04,KOOLMAX,GB,ZONE 7,TN25
04,KOOLMAX,GB,ZONE 7,TN26
04,KOOLMAX,GB,ZONE 7,TN27
04,KOOLMAX,GB,ZONE 7,TN28
04,KOOLMAX,GB,ZONE 7,TN29
04,KOOLMAX,GB,ZONE 7,TN30
04,KOOLMAX,GB,ZONE 7,TN31
04,KOOLMAX,GB,ZONE 7,TN32
04,KOOLMAX,GB,ZONE 7,TN33
04,KOOLMAX,GB,ZONE 7,TN34
04,KOOLMAX,GB,ZONE 7,TN35
04,KOOLMAX,GB,ZONE 7,TN36
04,KOOLMAX,GB,ZONE 7,TN37
04,KOOLMAX,GB,ZONE 7,TN38
04,KOOLMAX,GB,ZONE 7,TN39
04,KOOLMAX,GB,ZONE 7,TN40
04,KOOLMAX,GB,ZONE 7,TQ1
04,KOOLMAX,GB,ZONE 7,TQ2
04,KOOLMAX,GB,ZONE 7,TQ3
04,KOOLMAX,GB,ZONE 7,TQ4
04,KOOLMAX,GB,ZONE 7,TQ5
04,KOOLMAX,GB,ZONE 7,TQ6
04,KOOLMAX,GB,ZONE 7,TQ7
04,KOOLMAX,GB,ZONE 7,TQ8
04,KOOLMAX,GB,ZONE 7,TQ9
04,KOOLMAX,GB,ZONE 7,TQ10
04,KOOLMAX,GB,ZONE 7,TQ11
04,KOOLMAX,GB,ZONE 7,TQ12
04,KOOLMAX,GB,ZONE 7,TQ13
04,KOOLMAX,GB,ZONE 7,TQ14
04,KOOLMAX,GB,ZONE 7,TR1
04,KOOLMAX,GB,ZONE 7,TR2
04,KOOLMAX,GB,ZONE 7,TR3
04,KOOLMAX,GB,ZONE 7,TR4
04,KOOLMAX,GB,ZONE 7,TR5
04,KOOLMAX,GB,ZONE 7,TR6
04,KOOLMAX,GB,ZONE 7,TR7
04,KOOLMAX,GB,ZONE 7,TR8
04,KOOLMAX,GB,ZONE 7,TR9
04,KOOLMAX,GB,ZONE 7,TR10
04,KOOLMAX,GB,ZONE 7,TR11
04,KOOLMAX,GB,ZONE 7,TR12
04,KOOLMAX,GB,ZONE 7,TR13
04,KOOLMAX,GB,ZONE 7,TR14
04,KOOLMAX,GB,ZONE 7,TR15
04,KOOLMAX,GB,ZONE 7,TR16
04,KOOLMAX,GB,ZONE 7,TR17
04,KOOLMAX,GB,ZONE 7,TR18
04,KOOLMAX,GB,ZONE 7,TR19
04,KOOLMAX,GB,ZONE 7,TR20
04,KOOLMAX,GB,ZONE 7,TR21
04,KOOLMAX,GB,ZONE 7,TR22
04,KOOLMAX,GB,ZONE 7,TR23
04,KOOLMAX,GB,ZONE 7,TR24
04,KOOLMAX,GB,ZONE 7,TR25
04,KOOLMAX,GB,ZONE 7,TR26
04,KOOLMAX,GB,ZONE 7,TR27
04,KOOLMAX,GB,ZONE 7,TR93
04,KOOLMAX,GB,ZONE 5,TS1
04,KOOLMAX,GB,ZONE 5,TS2
04,KOOLMAX,GB,ZONE 5,TS3
04,KOOLMAX,GB,ZONE 5,TS4
04,KOOLMAX,GB,ZONE 5,TS5
04,KOOLMAX,GB,ZONE 5,TS6
04,KOOLMAX,GB,ZONE 5,TS7
04,KOOLMAX,GB,ZONE 5,TS8
04,KOOLMAX,GB,ZONE 5,TS9
04,KOOLMAX,GB,ZONE 5,TS10
04,KOOLMAX,GB,ZONE 5,TS11
04,KOOLMAX,GB,ZONE 5,TS12
04,KOOLMAX,GB,ZONE 5,TS13
04,KOOLMAX,GB,ZONE 5,TS14
04,KOOLMAX,GB,ZONE 5,TS15
04,KOOLMAX,GB,ZONE 5,TS16
04,KOOLMAX,GB,ZONE 5,TS17
04,KOOLMAX,GB,ZONE 5,TS18
04,KOOLMAX,GB,ZONE 5,TS19
04,KOOLMAX,GB,ZONE 5,TS20
04,KOOLMAX,GB,ZONE 5,TS21
04,KOOLMAX,GB,ZONE 5,TS22
04,KOOLMAX,GB,ZONE 5,TS23
04,KOOLMAX,GB,ZONE 5,TS24
04,KOOLMAX,GB,ZONE 5,TS25
04,KOOLMAX,GB,ZONE 5,TS26
04,KOOLMAX,GB,ZONE 5,TS27
04,KOOLMAX,GB,ZONE 5,TS28
04,KOOLMAX,GB,ZONE 5,TS29
04,KOOLMAX,GB,ZONE 5,TS90
04,KOOLMAX,GB,ZONE 4,TW1
04,KOOLMAX,GB,ZONE 4,TW2
04,KOOLMAX,GB,ZONE 4,TW3
04,KOOLMAX,GB,ZONE 4,TW4
04,KOOLMAX,GB,ZONE 4,TW5
04,KOOLMAX,GB,ZONE 4,TW6
04,KOOLMAX,GB,ZONE 4,TW7
04,KOOLMAX,GB,ZONE 4,TW8
04,KOOLMAX,GB,ZONE 4,TW9
04,KOOLMAX,GB,ZONE 4,TW10
04,KOOLMAX,GB,ZONE 4,TW11
04,KOOLMAX,GB,ZONE 4,TW12
04,KOOLMAX,GB,ZONE 4,TW13
04,KOOLMAX,GB,ZONE 4,TW14
04,KOOLMAX,GB,ZONE 4,TW15
04,KOOLMAX,GB,ZONE 4,TW16
04,KOOLMAX,GB,ZONE 4,TW17
04,KOOLMAX,GB,ZONE 4,TW18
04,KOOLMAX,GB,ZONE 4,TW19
04,KOOLMAX,GB,ZONE 4,TW20
04,KOOLMAX,GB,ZONE 4,UB1
04,KOOLMAX,GB,ZONE 4,UB2
04,KOOLMAX,GB,ZONE 4,UB3
04,KOOLMAX,GB,ZONE 4,UB4
04,KOOLMAX,GB,ZONE 4,UB5
04,KOOLMAX,GB,ZONE 4,UB6
04,KOOLMAX,GB,ZONE 4,UB7
04,KOOLMAX,GB,ZONE 4,UB8
04,KOOLMAX,GB,ZONE 4,UB9
04,KOOLMAX,GB,ZONE 4,UB10
04,KOOLMAX,GB,ZONE 4,UB11
04,KOOLMAX,GB,ZONE 4,UB18
04,KOOLMAX,GB,ZONE 3,W1A
04,KOOLMAX,GB,ZONE 3,W1B
04,KOOLMAX,GB,ZONE 3,W1C
04,KOOLMAX,GB,ZONE 3,W1D
04,KOOLMAX,GB,ZONE 3,W1F
04,KOOLMAX,GB,ZONE 3,W1G
04,KOOLMAX,GB,ZONE 3,W1H
04,KOOLMAX,GB,ZONE 3,W1J
04,KOOLMAX,GB,ZONE 3,W1K
04,KOOLMAX,GB,ZONE 3,W1S
04,KOOLMAX,GB,ZONE 3,W1T
04,KOOLMAX,GB,ZONE 3,W1U
04,KOOLMAX,GB,ZONE 3,W1W
04,KOOLMAX,GB,ZONE 3,W2
04,KOOLMAX,GB,ZONE 3,W3
04,KOOLMAX,GB,ZONE 3,W4
04,KOOLMAX,GB,ZONE 3,W5
04,KOOLMAX,GB,ZONE 3,W6
04,KOOLMAX,GB,ZONE 3,W7
04,KOOLMAX,GB,ZONE 3,W8
04,KOOLMAX,GB,ZONE 3,W9
04,KOOLMAX,GB,ZONE 3,W10
04,KOOLMAX,GB,ZONE 3,W11
04,KOOLMAX,GB,ZONE 3,W12
04,KOOLMAX,GB,ZONE 3,W13
04,KOOLMAX,GB,ZONE 3,W14
04,KOOLMAX,GB,ZONE 1,WA1
04,KOOLMAX,GB,ZONE 1,WA2
04,KOOLMAX,GB,ZONE 1,WA3
04,KOOLMAX,GB,ZONE 1,WA4
04,KOOLMAX,GB,ZONE 1,WA5
04,KOOLMAX,GB,ZONE 1,WA6
04,KOOLMAX,GB,ZONE 1,WA7
04,KOOLMAX,GB,ZONE 1,WA8
04,KOOLMAX,GB,ZONE 1,WA9
04,KOOLMAX,GB,ZONE 1,WA10
04,KOOLMAX,GB,ZONE 1,WA11
04,KOOLMAX,GB,ZONE 1,WA12
04,KOOLMAX,GB,ZONE 1,WA13
04,KOOLMAX,GB,ZONE 1,WA14
04,KOOLMAX,GB,ZONE 1,WA15
04,KOOLMAX,GB,ZONE 1,WA16
04,KOOLMAX,GB,ZONE 1,WA55
04,KOOLMAX,GB,ZONE 1,WA88
04,KOOLMAX,GB,ZONE 3,WC1A
04,KOOLMAX,GB,ZONE 3,WC1B
04,KOOLMAX,GB,ZONE 3,WC1E
04,KOOLMAX,GB,ZONE 3,WC1H
04,KOOLMAX,GB,ZONE 3,WC1N
04,KOOLMAX,GB,ZONE 3,WC1R
04,KOOLMAX,GB,ZONE 3,WC1V
04,KOOLMAX,GB,ZONE 3,WC1X
04,KOOLMAX,GB,ZONE 3,WC2A
04,KOOLMAX,GB,ZONE 3,WC2B
04,KOOLMAX,GB,ZONE 3,WC2E
04,KOOLMAX,GB,ZONE 3,WC2H
04,KOOLMAX,GB,ZONE 3,WC2N
04,KOOLMAX,GB,ZONE 3,WC2R
04,KOOLMAX,GB,ZONE 4,WD3
04,KOOLMAX,GB,ZONE 4,WD4
04,KOOLMAX,GB,ZONE 4,WD5
04,KOOLMAX,GB,ZONE 4,WD6
04,KOOLMAX,GB,ZONE 4,WD7
04,KOOLMAX,GB,ZONE 4,WD17
04,KOOLMAX,GB,ZONE 4,WD18
04,KOOLMAX,GB,ZONE 4,WD19
04,KOOLMAX,GB,ZONE 4,WD23
04,KOOLMAX,GB,ZONE 4,WD24
04,KOOLMAX,GB,ZONE 4,WD25
04,KOOLMAX,GB,ZONE 2,WF1
04,KOOLMAX,GB,ZONE 2,WF2
04,KOOLMAX,GB,ZONE 2,WF3
04,KOOLMAX,GB,ZONE 2,WF4
04,KOOLMAX,GB,ZONE 2,WF5
04,KOOLMAX,GB,ZONE 2,WF6
04,KOOLMAX,GB,ZONE 2,WF7
04,KOOLMAX,GB,ZONE 2,WF8
04,KOOLMAX,GB,ZONE 2,WF9
04,KOOLMAX,GB,ZONE 2,WF10
04,KOOLMAX,GB,ZONE 2,WF11
04,KOOLMAX,GB,ZONE 2,WF12
04,KOOLMAX,GB,ZONE 2,WF13
04,KOOLMAX,GB,ZONE 2,WF14
04,KOOLMAX,GB,ZONE 2,WF15
04,KOOLMAX,GB,ZONE 2,WF16
04,KOOLMAX,GB,ZONE 2,WF17
04,KOOLMAX,GB,ZONE 1,WN1
04,KOOLMAX,GB,ZONE 1,WN2
04,KOOLMAX,GB,ZONE 1,WN3
04,KOOLMAX,GB,ZONE 1,WN4
04,KOOLMAX,GB,ZONE 1,WN5
04,KOOLMAX,GB,ZONE 1,WN6
04,KOOLMAX,GB,ZONE 1,WN7
04,KOOLMAX,GB,ZONE 1,WN8
04,KOOLMAX,GB,ZONE 2,WR1
04,KOOLMAX,GB,ZONE 2,WR2
04,KOOLMAX,GB,ZONE 2,WR3
04,KOOLMAX,GB,ZONE 2,WR4
04,KOOLMAX,GB,ZONE 2,WR5
04,KOOLMAX,GB,ZONE 2,WR6
04,KOOLMAX,GB,ZONE 2,WR7
04,KOOLMAX,GB,ZONE 2,WR8
04,KOOLMAX,GB,ZONE 2,WR9
04,KOOLMAX,GB,ZONE 2,WR10
04,KOOLMAX,GB,ZONE 2,WR11
04,KOOLMAX,GB,ZONE 2,WR12
04,KOOLMAX,GB,ZONE 2,WR13
04,KOOLMAX,GB,ZONE 2,WR14
04,KOOLMAX,GB,ZONE 2,WR15
04,KOOLMAX,GB,ZONE 2,WR78
04,KOOLMAX,GB,ZONE 2,WR99
04,KOOLMAX,GB,ZONE 2,WS1
04,KOOLMAX,GB,ZONE 2,WS2
04,KOOLMAX,GB,ZONE 2,WS3
04,KOOLMAX,GB,ZONE 2,WS4
04,KOOLMAX,GB,ZONE 2,WS5
04,KOOLMAX,GB,ZONE 2,WS6
04,KOOLMAX,GB,ZONE 2,WS7
04,KOOLMAX,GB,ZONE 2,WS8
04,KOOLMAX,GB,ZONE 2,WS9
04,KOOLMAX,GB,ZONE 2,WS10
04,KOOLMAX,GB,ZONE 2,WS11
04,KOOLMAX,GB,ZONE 2,WS12
04,KOOLMAX,GB,ZONE 2,WS13
04,KOOLMAX,GB,ZONE 2,WS14
04,KOOLMAX,GB,ZONE 2,WS15
04,KOOLMAX,GB,ZONE 2,WV1
04,KOOLMAX,GB,ZONE 2,WV2
04,KOOLMAX,GB,ZONE 2,WV3
04,KOOLMAX,GB,ZONE 2,WV4
04,KOOLMAX,GB,ZONE 2,WV5
04,KOOLMAX,GB,ZONE 2,WV6
04,KOOLMAX,GB,ZONE 2,WV7
04,KOOLMAX,GB,ZONE 2,WV8
04,KOOLMAX,GB,ZONE 2,WV9
04,KOOLMAX,GB,ZONE 2,WV10
04,KOOLMAX,GB,ZONE 2,WV11
04,KOOLMAX,GB,ZONE 2,WV12
04,KOOLMAX,GB,ZONE 2,WV13
04,KOOLMAX,GB,ZONE 2,WV14
04,KOOLMAX,GB,ZONE 2,WV15
04,KOOLMAX,GB,ZONE 2,WV16
04,KOOLMAX,GB,ZONE 6,YO1
04,KOOLMAX,GB,ZONE 6,YO7
04,KOOLMAX,GB,ZONE 6,YO8
04,KOOLMAX,GB,ZONE 6,YO10
04,KOOLMAX,GB,ZONE 6,YO11
04,KOOLMAX,GB,ZONE 6,YO12
04,KOOLMAX,GB,ZONE 6,YO13
04,KOOLMAX,GB,ZONE 6,YO14
04,KOOLMAX,GB,ZONE 6,YO15
04,KOOLMAX,GB,ZONE 6,YO16
04,KOOLMAX,GB,ZONE 6,YO17
04,KOOLMAX,GB,ZONE 6,YO18
04,KOOLMAX,GB,ZONE 6,YO19
04,KOOLMAX,GB,ZONE 6,YO21
04,KOOLMAX,GB,ZONE 6,YO22
04,KOOLMAX,GB,ZONE 6,YO23
04,KOOLMAX,GB,ZONE 6,YO24
04,KOOLMAX,GB,ZONE 6,YO25
04,KOOLMAX,GB,ZONE 6,YO26
04,KOOLMAX,GB,ZONE 6,YO30
04,KOOLMAX,GB,ZONE 6,YO31
04,KOOLMAX,GB,ZONE 6,YO32
04,KOOLMAX,GB,ZONE 6,YO41
04,KOOLMAX,GB,ZONE 6,YO42
04,KOOLMAX,GB,ZONE 6,YO43
04,KOOLMAX,GB,ZONE 6,YO51
04,KOOLMAX,GB,ZONE 6,YO60
04,KOOLMAX,GB,ZONE 6,YO61
04,KOOLMAX,GB,ZONE 6,YO62
04,KOOLMAX,GB,ZONE 6,YO90
04,KOOLMAX,GB,ZONE 6,YO91
04,KOOLMAX,GB,ZONE 6,YO95
04,KOOLMAX,GB,SCO 4,AB10
04,KOOLMAX,GB,SCO 4,AB11
04,KOOLMAX,GB,SCO 4,AB12
04,KOOLMAX,GB,SCO 4,AB13
04,KOOLMAX,GB,SCO 4,AB14
04,KOOLMAX,GB,SCO 4,AB15
04,KOOLMAX,GB,SCO 4,AB16
04,KOOLMAX,GB,SCO 4,AB21
04,KOOLMAX,GB,SCO 4,AB22
04,KOOLMAX,GB,SCO 4,AB23
04,KOOLMAX,GB,SCO 4,AB24
04,KOOLMAX,GB,SCO 4,AB25
04,KOOLMAX,GB,SCO 5,AB30
04,KOOLMAX,GB,SCO 5,AB31
04,KOOLMAX,GB,SCO 5,AB32
04,KOOLMAX,GB,SCO 5,AB33
04,KOOLMAX,GB,SCO 5,AB34
04,KOOLMAX,GB,SCO 5,AB35
04,KOOLMAX,GB,SCO 5,AB36
04,KOOLMAX,GB,SCO 5,AB37
04,KOOLMAX,GB,SCO 5,AB38
04,KOOLMAX,GB,SCO 5,AB39
04,KOOLMAX,GB,SCO 5,AB41
04,KOOLMAX,GB,SCO 5,AB42
04,KOOLMAX,GB,SCO 5,AB43
04,KOOLMAX,GB,SCO 5,AB44
04,KOOLMAX,GB,SCO 5,AB45
04,KOOLMAX,GB,SCO 5,AB51
04,KOOLMAX,GB,SCO 5,AB52
04,KOOLMAX,GB,SCO 5,AB53
04,KOOLMAX,GB,SCO 5,AB54
04,KOOLMAX,GB,SCO 5,AB55
04,KOOLMAX,GB,SCO 5,AB56
04,KOOLMAX,GB,SCO 5,AB99
04,KOOLMAX,GB,SCO 4,DD1
04,KOOLMAX,GB,SCO 4,DD2
04,KOOLMAX,GB,SCO 4,DD3
04,KOOLMAX,GB,SCO 4,DD4
04,KOOLMAX,GB,SCO 4,DD5
04,KOOLMAX,GB,SCO 4,DD6
04,KOOLMAX,GB,SCO 4,DD7
04,KOOLMAX,GB,SCO 4,DD8
04,KOOLMAX,GB,SCO 4,DD9
04,KOOLMAX,GB,SCO 4,DD10
04,KOOLMAX,GB,SCO 4,DD11
04,KOOLMAX,GB,SCO 3,DG1
04,KOOLMAX,GB,SCO 3,DG2
04,KOOLMAX,GB,SCO 3,DG3
04,KOOLMAX,GB,SCO 3,DG4
04,KOOLMAX,GB,SCO 3,DG5
04,KOOLMAX,GB,SCO 3,DG6
04,KOOLMAX,GB,SCO 3,DG7
04,KOOLMAX,GB,SCO 3,DG8
04,KOOLMAX,GB,SCO 3,DG9
04,KOOLMAX,GB,SCO 3,DG10
04,KOOLMAX,GB,SCO 3,DG11
04,KOOLMAX,GB,SCO 3,DG12
04,KOOLMAX,GB,SCO 3,DG13
04,KOOLMAX,GB,SCO 3,DG14
04,KOOLMAX,GB,SCO 3,DG16
04,KOOLMAX,GB,SCO 1,EH1
04,KOOLMAX,GB,SCO 1,EH2
04,KOOLMAX,GB,SCO 1,EH3
04,KOOLMAX,GB,SCO 1,EH4
04,KOOLMAX,GB,SCO 1,EH5
04,KOOLMAX,GB,SCO 1,EH6
04,KOOLMAX,GB,SCO 1,EH7
04,KOOLMAX,GB,SCO 1,EH8
04,KOOLMAX,GB,SCO 1,EH9
04,KOOLMAX,GB,SCO 1,EH10
04,KOOLMAX,GB,SCO 1,EH11
04,KOOLMAX,GB,SCO 1,EH12
04,KOOLMAX,GB,SCO 1,EH13
04,KOOLMAX,GB,SCO 1,EH14
04,KOOLMAX,GB,SCO 1,EH15
04,KOOLMAX,GB,SCO 1,EH16
04,KOOLMAX,GB,SCO 1,EH17
04,KOOLMAX,GB,SCO 1,EH18
04,KOOLMAX,GB,SCO 1,EH19
04,KOOLMAX,GB,SCO 1,EH20
04,KOOLMAX,GB,SCO 1,EH21
04,KOOLMAX,GB,SCO 1,EH22
04,KOOLMAX,GB,SCO 1,EH23
04,KOOLMAX,GB,SCO 1,EH24
04,KOOLMAX,GB,SCO 1,EH25
04,KOOLMAX,GB,SCO 1,EH26
04,KOOLMAX,GB,SCO 1,EH27
04,KOOLMAX,GB,SCO 1,EH28
04,KOOLMAX,GB,SCO 1,EH29
04,KOOLMAX,GB,SCO 1,EH30
04,KOOLMAX,GB,SCO 1,EH31
04,KOOLMAX,GB,SCO 1,EH32
04,KOOLMAX,GB,SCO 1,EH33
04,KOOLMAX,GB,SCO 1,EH34
04,KOOLMAX,GB,SCO 1,EH35
04,KOOLMAX,GB,SCO 1,EH36
04,KOOLMAX,GB,SCO 1,EH37
04,KOOLMAX,GB,SCO 1,EH38
04,KOOLMAX,GB,SCO 1,EH39
04,KOOLMAX,GB,SCO 1,EH40
04,KOOLMAX,GB,SCO 1,EH41
04,KOOLMAX,GB,SCO 2,EH42
04,KOOLMAX,GB,SCO 2,EH43
04,KOOLMAX,GB,SCO 2,EH44
04,KOOLMAX,GB,SCO 2,EH45
04,KOOLMAX,GB,SCO 2,EH46
04,KOOLMAX,GB,SCO 2,EH47
04,KOOLMAX,GB,SCO 2,EH48
04,KOOLMAX,GB,SCO 2,EH49
04,KOOLMAX,GB,SCO 2,EH51
04,KOOLMAX,GB,SCO 2,EH52
04,KOOLMAX,GB,SCO 2,EH53
04,KOOLMAX,GB,SCO 2,EH54
04,KOOLMAX,GB,SCO 1,EH55
04,KOOLMAX,GB,SCO 2,EH91
04,KOOLMAX,GB,SCO 2,EH95
04,KOOLMAX,GB,SCO 2,EH99
04,KOOLMAX,GB,SCO 1,FK1
04,KOOLMAX,GB,SCO 1,FK2
04,KOOLMAX,GB,SCO 1,FK3
04,KOOLMAX,GB,SCO 1,FK4
04,KOOLMAX,GB,SCO 1,FK5
04,KOOLMAX,GB,SCO 1,FK6
04,KOOLMAX,GB,SCO 1,FK7
04,KOOLMAX,GB,SCO 1,FK8
04,KOOLMAX,GB,SCO 1,FK9
04,KOOLMAX,GB,SCO 1,FK10
04,KOOLMAX,GB,SCO 1,FK11
04,KOOLMAX,GB,SCO 1,FK12
04,KOOLMAX,GB,SCO 1,FK13
04,KOOLMAX,GB,SCO 1,FK14
04,KOOLMAX,GB,SCO 1,FK15
04,KOOLMAX,GB,SCO 1,FK16
04,KOOLMAX,GB,SCO 2,FK17
04,KOOLMAX,GB,SCO 2,FK18
04,KOOLMAX,GB,SCO 2,FK19
04,KOOLMAX,GB,SCO 2,FK20
04,KOOLMAX,GB,SCO 2,FK21
04,KOOLMAX,GB,SCO 1,G1
04,KOOLMAX,GB,SCO 1,G2
04,KOOLMAX,GB,SCO 1,G3
04,KOOLMAX,GB,SCO 1,G4
04,KOOLMAX,GB,SCO 1,G5
04,KOOLMAX,GB,SCO 1,G9
04,KOOLMAX,GB,SCO 1,G11
04,KOOLMAX,GB,SCO 1,G12
04,KOOLMAX,GB,SCO 1,G13
04,KOOLMAX,GB,SCO 1,G14
04,KOOLMAX,GB,SCO 1,G15
04,KOOLMAX,GB,SCO 1,G20
04,KOOLMAX,GB,SCO 1,G21
04,KOOLMAX,GB,SCO 1,G22
04,KOOLMAX,GB,SCO 1,G23
04,KOOLMAX,GB,SCO 1,G31
04,KOOLMAX,GB,SCO 1,G32
04,KOOLMAX,GB,SCO 1,G33
04,KOOLMAX,GB,SCO 1,G34
04,KOOLMAX,GB,SCO 1,G40
04,KOOLMAX,GB,SCO 1,G41
04,KOOLMAX,GB,SCO 1,G42
04,KOOLMAX,GB,SCO 1,G43
04,KOOLMAX,GB,SCO 1,G44
04,KOOLMAX,GB,SCO 1,G45
04,KOOLMAX,GB,SCO 1,G46
04,KOOLMAX,GB,SCO 1,G51
04,KOOLMAX,GB,SCO 1,G52
04,KOOLMAX,GB,SCO 1,G53
04,KOOLMAX,GB,SCO 1,G58
04,KOOLMAX,GB,SCO 1,G60
04,KOOLMAX,GB,SCO 1,G61
04,KOOLMAX,GB,SCO 1,G62
04,KOOLMAX,GB,SCO 1,G63
04,KOOLMAX,GB,SCO 1,G64
04,KOOLMAX,GB,SCO 1,G65
04,KOOLMAX,GB,SCO 1,G66
04,KOOLMAX,GB,SCO 1,G67
04,KOOLMAX,GB,SCO 1,G68
04,KOOLMAX,GB,SCO 1,G69
04,KOOLMAX,GB,SCO 1,G70
04,KOOLMAX,GB,SCO 1,G71
04,KOOLMAX,GB,SCO 1,G72
04,KOOLMAX,GB,SCO 1,G73
04,KOOLMAX,GB,SCO 1,G74
04,KOOLMAX,GB,SCO 1,G75
04,KOOLMAX,GB,SCO 1,G76
04,KOOLMAX,GB,SCO 1,G77
04,KOOLMAX,GB,SCO 1,G78
04,KOOLMAX,GB,SCO 1,G79
04,KOOLMAX,GB,SCO 1,G81
04,KOOLMAX,GB,SCO 1,G82
04,KOOLMAX,GB,SCO 2,G83
04,KOOLMAX,GB,SCO 2,G84
04,KOOLMAX,GB,SCO 2,G90
04,KOOLMAX,GB,SCO 6,HS1
04,KOOLMAX,GB,SCO 6,HS2
04,KOOLMAX,GB,SCO 6,HS3
04,KOOLMAX,GB,SCO 6,HS4
04,KOOLMAX,GB,SCO 6,HS5
04,KOOLMAX,GB,SCO 6,HS6
04,KOOLMAX,GB,SCO 6,HS7
04,KOOLMAX,GB,SCO 6,HS8
04,KOOLMAX,GB,SCO 6,HS9
04,KOOLMAX,GB,SCO 4,IV1
04,KOOLMAX,GB,SCO 4,IV2
04,KOOLMAX,GB,SCO 4,IV3
04,KOOLMAX,GB,SCO 5,IV4
04,KOOLMAX,GB,SCO 5,IV5
04,KOOLMAX,GB,SCO 5,IV6
04,KOOLMAX,GB,SCO 5,IV7
04,KOOLMAX,GB,SCO 5,IV8
04,KOOLMAX,GB,SCO 5,IV9
04,KOOLMAX,GB,SCO 5,IV10
04,KOOLMAX,GB,SCO 5,IV11
04,KOOLMAX,GB,SCO 5,IV12
04,KOOLMAX,GB,SCO 5,IV13
04,KOOLMAX,GB,SCO 5,IV14
04,KOOLMAX,GB,SCO 5,IV15
04,KOOLMAX,GB,SCO 5,IV16
04,KOOLMAX,GB,SCO 5,IV17
04,KOOLMAX,GB,SCO 5,IV18
04,KOOLMAX,GB,SCO 5,IV19
04,KOOLMAX,GB,SCO 5,IV20
04,KOOLMAX,GB,SCO 5,IV21
04,KOOLMAX,GB,SCO 5,IV22
04,KOOLMAX,GB,SCO 5,IV23
04,KOOLMAX,GB,SCO 5,IV24
04,KOOLMAX,GB,SCO 5,IV25
04,KOOLMAX,GB,SCO 5,IV26
04,KOOLMAX,GB,SCO 5,IV27
04,KOOLMAX,GB,SCO 5,IV28
04,KOOLMAX,GB,SCO 5,IV30
04,KOOLMAX,GB,SCO 5,IV31
04,KOOLMAX,GB,SCO 5,IV32
04,KOOLMAX,GB,SCO 5,IV36
04,KOOLMAX,GB,SCO 5,IV40
04,KOOLMAX,GB,SCO 6,IV41
04,KOOLMAX,GB,SCO 6,IV42
04,KOOLMAX,GB,SCO 6,IV43
04,KOOLMAX,GB,SCO 6,IV44
04,KOOLMAX,GB,SCO 6,IV45
04,KOOLMAX,GB,SCO 6,IV46
04,KOOLMAX,GB,SCO 6,IV47
04,KOOLMAX,GB,SCO 6,IV48
04,KOOLMAX,GB,SCO 6,IV49
04,KOOLMAX,GB,SCO 6,IV51
04,KOOLMAX,GB,SCO 5,IV52
04,KOOLMAX,GB,SCO 5,IV53
04,KOOLMAX,GB,SCO 5,IV54
04,KOOLMAX,GB,SCO 6,IV55
04,KOOLMAX,GB,SCO 6,IV56
04,KOOLMAX,GB,SCO 5,IV63
04,KOOLMAX,GB,SCO 4,IV99
04,KOOLMAX,GB,SCO 1,KA1
04,KOOLMAX,GB,SCO 1,KA2
04,KOOLMAX,GB,SCO 1,KA3
04,KOOLMAX,GB,SCO 1,KA4
04,KOOLMAX,GB,SCO 1,KA5
04,KOOLMAX,GB,SCO 1,KA6
04,KOOLMAX,GB,SCO 1,KA7
04,KOOLMAX,GB,SCO 1,KA8
04,KOOLMAX,GB,SCO 1,KA9
04,KOOLMAX,GB,SCO 1,KA10
04,KOOLMAX,GB,SCO 1,KA11
04,KOOLMAX,GB,SCO 1,KA12
04,KOOLMAX,GB,SCO 1,KA13
04,KOOLMAX,GB,SCO 1,KA14
04,KOOLMAX,GB,SCO 1,KA15
04,KOOLMAX,GB,SCO 1,KA16
04,KOOLMAX,GB,SCO 1,KA17
04,KOOLMAX,GB,SCO 1,KA18
04,KOOLMAX,GB,SCO 1,KA19
04,KOOLMAX,GB,SCO 1,KA20
04,KOOLMAX,GB,SCO 1,KA21
04,KOOLMAX,GB,SCO 1,KA22
04,KOOLMAX,GB,SCO 1,KA23
04,KOOLMAX,GB,SCO 1,KA24
04,KOOLMAX,GB,SCO 1,KA25
04,KOOLMAX,GB,SCO 2,KA26
04,KOOLMAX,GB,SCO 6,KA27
04,KOOLMAX,GB,SCO 6,KA28
04,KOOLMAX,GB,SCO 1,KA29
04,KOOLMAX,GB,SCO 1,KA30
04,KOOLMAX,GB,SCO 5,KW1
04,KOOLMAX,GB,SCO 5,KW2
04,KOOLMAX,GB,SCO 5,KW3
04,KOOLMAX,GB,SCO 5,KW5
04,KOOLMAX,GB,SCO 5,KW6
04,KOOLMAX,GB,SCO 5,KW7
04,KOOLMAX,GB,SCO 5,KW8
04,KOOLMAX,GB,SCO 5,KW9
04,KOOLMAX,GB,SCO 5,KW10
04,KOOLMAX,GB,SCO 5,KW11
04,KOOLMAX,GB,SCO 5,KW12
04,KOOLMAX,GB,SCO 5,KW13
04,KOOLMAX,GB,SCO 5,KW14
04,KOOLMAX,GB,SCO 6,KW15
04,KOOLMAX,GB,SCO 6,KW16
04,KOOLMAX,GB,SCO 6,KW17
04,KOOLMAX,GB,SCO 1,KY1
04,KOOLMAX,GB,SCO 1,KY2
04,KOOLMAX,GB,SCO 1,KY3
04,KOOLMAX,GB,SCO 1,KY4
04,KOOLMAX,GB,SCO 1,KY5
04,KOOLMAX,GB,SCO 1,KY6
04,KOOLMAX,GB,SCO 1,KY7
04,KOOLMAX,GB,SCO 1,KY8
04,KOOLMAX,GB,SCO 1,KY9
04,KOOLMAX,GB,SCO 1,KY10
04,KOOLMAX,GB,SCO 1,KY11
04,KOOLMAX,GB,SCO 1,KY12
04,KOOLMAX,GB,SCO 1,KY13
04,KOOLMAX,GB,SCO 2,KY14
04,KOOLMAX,GB,SCO 2,KY15
04,KOOLMAX,GB,SCO 2,KY16
04,KOOLMAX,GB,SCO 1,KY99
04,KOOLMAX,GB,SCO 1,ML1
04,KOOLMAX,GB,SCO 1,ML2
04,KOOLMAX,GB,SCO 1,ML3
04,KOOLMAX,GB,SCO 1,ML4
04,KOOLMAX,GB,SCO 1,ML5
04,KOOLMAX,GB,SCO 1,ML6
04,KOOLMAX,GB,SCO 1,ML7
04,KOOLMAX,GB,SCO 1,ML8
04,KOOLMAX,GB,SCO 1,ML9
04,KOOLMAX,GB,SCO 2,ML10
04,KOOLMAX,GB,SCO 2,ML11
04,KOOLMAX,GB,SCO 2,ML12
04,KOOLMAX,GB,SCO 1,PA1
04,KOOLMAX,GB,SCO 1,PA2
04,KOOLMAX,GB,SCO 1,PA3
04,KOOLMAX,GB,SCO 1,PA4
04,KOOLMAX,GB,SCO 1,PA5
04,KOOLMAX,GB,SCO 1,PA6
04,KOOLMAX,GB,SCO 1,PA7
04,KOOLMAX,GB,SCO 1,PA8
04,KOOLMAX,GB,SCO 1,PA9
04,KOOLMAX,GB,SCO 1,PA10
04,KOOLMAX,GB,SCO 1,PA11
04,KOOLMAX,GB,SCO 1,PA12
04,KOOLMAX,GB,SCO 1,PA13
04,KOOLMAX,GB,SCO 1,PA14
04,KOOLMAX,GB,SCO 1,PA15
04,KOOLMAX,GB,SCO 1,PA16
04,KOOLMAX,GB,SCO 1,PA17
04,KOOLMAX,GB,SCO 1,PA18
04,KOOLMAX,GB,SCO 1,PA19
04,KOOLMAX,GB,SCO 6,PA20
04,KOOLMAX,GB,SCO 5,PA21
04,KOOLMAX,GB,SCO 5,PA22
04,KOOLMAX,GB,SCO 5,PA23
04,KOOLMAX,GB,SCO 5,PA24
04,KOOLMAX,GB,SCO 5,PA25
04,KOOLMAX,GB,SCO 5,PA26
04,KOOLMAX,GB,SCO 5,PA27
04,KOOLMAX,GB,SCO 5,PA28
04,KOOLMAX,GB,SCO 5,PA29
04,KOOLMAX,GB,SCO 5,PA30
04,KOOLMAX,GB,SCO 5,PA31
04,KOOLMAX,GB,SCO 5,PA32
04,KOOLMAX,GB,SCO 5,PA33
04,KOOLMAX,GB,SCO 5,PA34
04,KOOLMAX,GB,SCO 5,PA35
04,KOOLMAX,GB,SCO 5,PA36
04,KOOLMAX,GB,SCO 5,PA37
04,KOOLMAX,GB,SCO 5,PA38
04,KOOLMAX,GB,SCO 6,PA41
04,KOOLMAX,GB,SCO 6,PA42
04,KOOLMAX,GB,SCO 6,PA43
04,KOOLMAX,GB,SCO 6,PA44
04,KOOLMAX,GB,SCO 6,PA45
04,KOOLMAX,GB,SCO 6,PA46
04,KOOLMAX,GB,SCO 6,PA47
04,KOOLMAX,GB,SCO 6,PA48
04,KOOLMAX,GB,SCO 6,PA49
04,KOOLMAX,GB,SCO 6,PA60
04,KOOLMAX,GB,SCO 6,PA61
04,KOOLMAX,GB,SCO 6,PA62
04,KOOLMAX,GB,SCO 6,PA63
04,KOOLMAX,GB,SCO 6,PA64
04,KOOLMAX,GB,SCO 6,PA65
04,KOOLMAX,GB,SCO 6,PA66
04,KOOLMAX,GB,SCO 6,PA67
04,KOOLMAX,GB,SCO 6,PA68
04,KOOLMAX,GB,SCO 6,PA69
04,KOOLMAX,GB,SCO 6,PA70
04,KOOLMAX,GB,SCO 6,PA71
04,KOOLMAX,GB,SCO 6,PA72
04,KOOLMAX,GB,SCO 6,PA73
04,KOOLMAX,GB,SCO 6,PA74
04,KOOLMAX,GB,SCO 6,PA75
04,KOOLMAX,GB,SCO 6,PA76
04,KOOLMAX,GB,SCO 6,PA77
04,KOOLMAX,GB,SCO 6,PA78
04,KOOLMAX,GB,SCO 1,PH1
04,KOOLMAX,GB,SCO 1,PH2
04,KOOLMAX,GB,SCO 1,PH3
04,KOOLMAX,GB,SCO 1,PH4
04,KOOLMAX,GB,SCO 1,PH5
04,KOOLMAX,GB,SCO 1,PH6
04,KOOLMAX,GB,SCO 1,PH7
04,KOOLMAX,GB,SCO 1,PH8
04,KOOLMAX,GB,SCO 1,PH9
04,KOOLMAX,GB,SCO 1,PH10
04,KOOLMAX,GB,SCO 1,PH11
04,KOOLMAX,GB,SCO 1,PH12
04,KOOLMAX,GB,SCO 1,PH13
04,KOOLMAX,GB,SCO 1,PH14
04,KOOLMAX,GB,SCO 2,PH15
04,KOOLMAX,GB,SCO 2,PH16
04,KOOLMAX,GB,SCO 2,PH17
04,KOOLMAX,GB,SCO 2,PH18
04,KOOLMAX,GB,SCO 5,PH19
04,KOOLMAX,GB,SCO 5,PH20
04,KOOLMAX,GB,SCO 5,PH21
04,KOOLMAX,GB,SCO 5,PH22
04,KOOLMAX,GB,SCO 5,PH23
04,KOOLMAX,GB,SCO 5,PH24
04,KOOLMAX,GB,SCO 5,PH25
04,KOOLMAX,GB,SCO 5,PH26
04,KOOLMAX,GB,SCO 5,PH30
04,KOOLMAX,GB,SCO 5,PH31
04,KOOLMAX,GB,SCO 5,PH32
04,KOOLMAX,GB,SCO 5,PH33
04,KOOLMAX,GB,SCO 5,PH34
04,KOOLMAX,GB,SCO 5,PH35
04,KOOLMAX,GB,SCO 5,PH36
04,KOOLMAX,GB,SCO 5,PH37
04,KOOLMAX,GB,SCO 5,PH38
04,KOOLMAX,GB,SCO 5,PH39
04,KOOLMAX,GB,SCO 5,PH40
04,KOOLMAX,GB,SCO 5,PH41
04,KOOLMAX,GB,SCO 6,PH42
04,KOOLMAX,GB,SCO 6,PH43
04,KOOLMAX,GB,SCO 6,PH44
04,KOOLMAX,GB,SCO 5,PH49
04,KOOLMAX,GB,SCO 5,PH50
04,KOOLMAX,GB,SCO 3,TD1
04,KOOLMAX,GB,SCO 3,TD2
04,KOOLMAX,GB,SCO 3,TD3
04,KOOLMAX,GB,SCO 3,TD4
04,KOOLMAX,GB,SCO 3,TD5
04,KOOLMAX,GB,SCO 3,TD6
04,KOOLMAX,GB,SCO 3,TD7
04,KOOLMAX,GB,SCO 3,TD8
04,KOOLMAX,GB,SCO 3,TD9
04,KOOLMAX,GB,SCO 3,TD10
04,KOOLMAX,GB,SCO 3,TD11
04,KOOLMAX,GB,SCO 3,TD12
04,KOOLMAX,GB,SCO 3,TD13
04,KOOLMAX,GB,SCO 3,TD14
04,KOOLMAX,GB,SCO 3,TD15
04,KOOLMAX,GB,SCO 6,ZE1
04,KOOLMAX,GB,SCO 6,ZE2
04,KOOLMAX,GB,SCO 6,ZE3
