04,TILES UK,GB,ZONE 1,AL1
04,TILES UK,GB,ZONE 1,AL2
04,TILES UK,GB,ZONE 1,AL3
04,TILES UK,GB,ZONE 1,AL4
04,TILES UK,GB,ZONE 1,AL5
04,TILES UK,GB,ZONE 1,AL6
04,TILES UK,GB,ZONE 1,AL7
04,TILES UK,GB,ZONE 1,AL8
04,TILES UK,GB,ZONE 1,AL9
04,TILES UK,GB,ZONE 1,AL10
04,TILES UK,GB,BIRMINGHAM,B1
04,TILES UK,GB,BIRMINGHAM,B2
04,TILES UK,GB,BIRMINGHAM,B3
04,TILES UK,GB,BIRMINGHAM,B4
04,TILES UK,GB,BIRMINGHAM,B5
04,TILES UK,GB,BIRMINGHAM,B6
04,TILES UK,GB,BIRMINGHAM,B7
04,TILES UK,GB,BIRMINGHAM,B8
04,TILES UK,GB,BIRMINGHAM,B9
04,TILES UK,GB,BIRMINGHAM,B10
04,TILES UK,GB,BIRMINGHAM,B11
04,TILES UK,GB,BIRMINGHAM,B12
04,TILES UK,GB,BIRMINGHAM,B13
04,TILES UK,GB,BIRMINGHAM,B14
04,TILES UK,GB,BIRMINGHAM,B15
04,TILES UK,GB,BIRMINGHAM,B16
04,TILES UK,GB,BIRMINGHAM,B17
04,TILES UK,GB,BIRMINGHAM,B18
04,TILES UK,GB,BIRMINGHAM,B19
04,TILES UK,GB,BIRMINGHAM,B20
04,TILES UK,GB,BIRMINGHAM,B21
04,TILES UK,GB,BIRMINGHAM,B23
04,TILES UK,GB,BIRMINGHAM,B24
04,TILES UK,GB,BIRMINGHAM,B25
04,TILES UK,GB,BIRMINGHAM,B26
04,TILES UK,GB,BIRMINGHAM,B27
04,TILES UK,GB,BIRMINGHAM,B28
04,TILES UK,GB,BIRMINGHAM,B29
04,TILES UK,GB,BIRMINGHAM,B30
04,TILES UK,GB,BIRMINGHAM,B31
04,TILES UK,GB,BIRMINGHAM,B32
04,TILES UK,GB,BIRMINGHAM,B33
04,TILES UK,GB,BIRMINGHAM,B34
04,TILES UK,GB,BIRMINGHAM,B35
04,TILES UK,GB,BIRMINGHAM,B36
04,TILES UK,GB,BIRMINGHAM,B37
04,TILES UK,GB,BIRMINGHAM,B38
04,TILES UK,GB,BIRMINGHAM,B40
04,TILES UK,GB,BIRMINGHAM,B42
04,TILES UK,GB,BIRMINGHAM,B43
04,TILES UK,GB,BIRMINGHAM,B44
04,TILES UK,GB,BIRMINGHAM,B45
04,TILES UK,GB,BIRMINGHAM,B46
04,TILES UK,GB,BIRMINGHAM,B47
04,TILES UK,GB,BIRMINGHAM,B48
04,TILES UK,GB,BIRMINGHAM,B49
04,TILES UK,GB,BIRMINGHAM,B50
04,TILES UK,GB,BIRMINGHAM,B60
04,TILES UK,GB,BIRMINGHAM,B61
04,TILES UK,GB,BIRMINGHAM,B62
04,TILES UK,GB,BIRMINGHAM,B63
04,TILES UK,GB,BIRMINGHAM,B64
04,TILES UK,GB,BIRMINGHAM,B65
04,TILES UK,GB,BIRMINGHAM,B66
04,TILES UK,GB,BIRMINGHAM,B67
04,TILES UK,GB,BIRMINGHAM,B68
04,TILES UK,GB,BIRMINGHAM,B69
04,TILES UK,GB,BIRMINGHAM,B70
04,TILES UK,GB,BIRMINGHAM,B71
04,TILES UK,GB,BIRMINGHAM,B72
04,TILES UK,GB,BIRMINGHAM,B73
04,TILES UK,GB,BIRMINGHAM,B74
04,TILES UK,GB,BIRMINGHAM,B75
04,TILES UK,GB,BIRMINGHAM,B76
04,TILES UK,GB,BIRMINGHAM,B77
04,TILES UK,GB,BIRMINGHAM,B78
04,TILES UK,GB,BIRMINGHAM,B79
04,TILES UK,GB,BIRMINGHAM,B80
04,TILES UK,GB,BIRMINGHAM,B90
04,TILES UK,GB,BIRMINGHAM,B91
04,TILES UK,GB,BIRMINGHAM,B92
04,TILES UK,GB,BIRMINGHAM,B93
04,TILES UK,GB,BIRMINGHAM,B94
04,TILES UK,GB,BIRMINGHAM,B95
04,TILES UK,GB,BIRMINGHAM,B96
04,TILES UK,GB,BIRMINGHAM,B97
04,TILES UK,GB,BIRMINGHAM,B98
04,TILES UK,GB,BIRMINGHAM,B99
04,TILES UK,GB,ZONE 5,BA1
04,TILES UK,GB,ZONE 5,BA2
04,TILES UK,GB,ZONE 5,BA3
04,TILES UK,GB,ZONE 5,BA4
04,TILES UK,GB,ZONE 5,BA5
04,TILES UK,GB,ZONE 5,BA6
04,TILES UK,GB,ZONE 5,BA7
04,TILES UK,GB,ZONE 5,BA8
04,TILES UK,GB,ZONE 5,BA9
04,TILES UK,GB,ZONE 5,BA10
04,TILES UK,GB,ZONE 5,BA11
04,TILES UK,GB,ZONE 5,BA12
04,TILES UK,GB,ZONE 5,BA13
04,TILES UK,GB,ZONE 5,BA14
04,TILES UK,GB,ZONE 5,BA15
04,TILES UK,GB,ZONE 5,BA16
04,TILES UK,GB,ZONE 5,BA20
04,TILES UK,GB,ZONE 5,BA21
04,TILES UK,GB,ZONE 5,BA22
04,TILES UK,GB,LOCAL,BB1
04,TILES UK,GB,LOCAL,BB2
04,TILES UK,GB,LOCAL,BB3
04,TILES UK,GB,LOCAL,BB4
04,TILES UK,GB,LOCAL,BB5
04,TILES UK,GB,LOCAL,BB6
04,TILES UK,GB,LOCAL,BB7
04,TILES UK,GB,LOCAL,BB8
04,TILES UK,GB,LOCAL,BB9
04,TILES UK,GB,LOCAL,BB10
04,TILES UK,GB,LOCAL,BB11
04,TILES UK,GB,LOCAL,BB12
04,TILES UK,GB,LOCAL,BB18
04,TILES UK,GB,LOCAL,BB94
04,TILES UK,GB,MIDLANDS,BD1
04,TILES UK,GB,MIDLANDS,BD2
04,TILES UK,GB,MIDLANDS,BD3
04,TILES UK,GB,MIDLANDS,BD4
04,TILES UK,GB,MIDLANDS,BD5
04,TILES UK,GB,MIDLANDS,BD6
04,TILES UK,GB,MIDLANDS,BD7
04,TILES UK,GB,MIDLANDS,BD8
04,TILES UK,GB,MIDLANDS,BD9
04,TILES UK,GB,MIDLANDS,BD10
04,TILES UK,GB,MIDLANDS,BD11
04,TILES UK,GB,MIDLANDS,BD12
04,TILES UK,GB,MIDLANDS,BD13
04,TILES UK,GB,MIDLANDS,BD14
04,TILES UK,GB,MIDLANDS,BD15
04,TILES UK,GB,MIDLANDS,BD16
04,TILES UK,GB,MIDLANDS,BD17
04,TILES UK,GB,MIDLANDS,BD18
04,TILES UK,GB,MIDLANDS,BD19
04,TILES UK,GB,MIDLANDS,BD20
04,TILES UK,GB,MIDLANDS,BD21
04,TILES UK,GB,MIDLANDS,BD22
04,TILES UK,GB,MIDLANDS,BD23
04,TILES UK,GB,MIDLANDS,BD24
04,TILES UK,GB,MIDLANDS,BD97
04,TILES UK,GB,MIDLANDS,BD98
04,TILES UK,GB,MIDLANDS,BD99
04,TILES UK,GB,ZONE 5,BH1
04,TILES UK,GB,ZONE 5,BH2
04,TILES UK,GB,ZONE 5,BH3
04,TILES UK,GB,ZONE 5,BH4
04,TILES UK,GB,ZONE 5,BH5
04,TILES UK,GB,ZONE 5,BH6
04,TILES UK,GB,ZONE 5,BH7
04,TILES UK,GB,ZONE 5,BH8
04,TILES UK,GB,ZONE 5,BH9
04,TILES UK,GB,ZONE 5,BH10
04,TILES UK,GB,ZONE 5,BH11
04,TILES UK,GB,ZONE 5,BH12
04,TILES UK,GB,ZONE 5,BH13
04,TILES UK,GB,ZONE 5,BH14
04,TILES UK,GB,ZONE 5,BH15
04,TILES UK,GB,ZONE 5,BH16
04,TILES UK,GB,ZONE 5,BH17
04,TILES UK,GB,ZONE 5,BH18
04,TILES UK,GB,ZONE 5,BH19
04,TILES UK,GB,ZONE 5,BH20
04,TILES UK,GB,ZONE 5,BH21
04,TILES UK,GB,ZONE 5,BH22
04,TILES UK,GB,ZONE 5,BH23
04,TILES UK,GB,ZONE 5,BH24
04,TILES UK,GB,ZONE 5,BH25
04,TILES UK,GB,ZONE 5,BH31
04,TILES UK,GB,LOCAL,BL0
04,TILES UK,GB,LOCAL,BL1
04,TILES UK,GB,LOCAL,BL2
04,TILES UK,GB,LOCAL,BL3
04,TILES UK,GB,LOCAL,BL4
04,TILES UK,GB,LOCAL,BL5
04,TILES UK,GB,LOCAL,BL6
04,TILES UK,GB,LOCAL,BL7
04,TILES UK,GB,LOCAL,BL8
04,TILES UK,GB,LOCAL,BL9
04,TILES UK,GB,LOCAL,BL11
04,TILES UK,GB,LOCAL,BL78
04,TILES UK,GB,ZONE 5,BN1
04,TILES UK,GB,ZONE 5,BN2
04,TILES UK,GB,ZONE 5,BN3
04,TILES UK,GB,ZONE 5,BN5
04,TILES UK,GB,ZONE 5,BN6
04,TILES UK,GB,ZONE 5,BN7
04,TILES UK,GB,ZONE 5,BN8
04,TILES UK,GB,ZONE 5,BN9
04,TILES UK,GB,ZONE 5,BN10
04,TILES UK,GB,ZONE 5,BN11
04,TILES UK,GB,ZONE 5,BN12
04,TILES UK,GB,ZONE 5,BN13
04,TILES UK,GB,ZONE 5,BN14
04,TILES UK,GB,ZONE 5,BN15
04,TILES UK,GB,ZONE 5,BN16
04,TILES UK,GB,ZONE 5,BN17
04,TILES UK,GB,ZONE 5,BN18
04,TILES UK,GB,ZONE 5,BN20
04,TILES UK,GB,ZONE 5,BN21
04,TILES UK,GB,ZONE 5,BN22
04,TILES UK,GB,ZONE 5,BN23
04,TILES UK,GB,ZONE 5,BN24
04,TILES UK,GB,ZONE 5,BN25
04,TILES UK,GB,ZONE 5,BN26
04,TILES UK,GB,ZONE 5,BN27
04,TILES UK,GB,ZONE 5,BN41
04,TILES UK,GB,ZONE 5,BN42
04,TILES UK,GB,ZONE 5,BN43
04,TILES UK,GB,ZONE 5,BN44
04,TILES UK,GB,ZONE 5,BN45
04,TILES UK,GB,ZONE 5,BN50
04,TILES UK,GB,ZONE 5,BN51
04,TILES UK,GB,ZONE 5,BN52
04,TILES UK,GB,ZONE 5,BN88
04,TILES UK,GB,ZONE 5,BN99
04,TILES UK,GB,ZONE 4,BR1
04,TILES UK,GB,ZONE 4,BR2
04,TILES UK,GB,ZONE 4,BR3
04,TILES UK,GB,ZONE 4,BR4
04,TILES UK,GB,ZONE 4,BR5
04,TILES UK,GB,ZONE 4,BR6
04,TILES UK,GB,ZONE 4,BR7
04,TILES UK,GB,ZONE 4,BR8
04,TILES UK,GB,ZONE 1,BS0
04,TILES UK,GB,ZONE 1,BS1
04,TILES UK,GB,ZONE 1,BS2
04,TILES UK,GB,ZONE 1,BS3
04,TILES UK,GB,ZONE 1,BS4
04,TILES UK,GB,ZONE 1,BS5
04,TILES UK,GB,ZONE 1,BS6
04,TILES UK,GB,ZONE 1,BS7
04,TILES UK,GB,ZONE 1,BS8
04,TILES UK,GB,ZONE 1,BS9
04,TILES UK,GB,ZONE 1,BS10
04,TILES UK,GB,ZONE 1,BS11
04,TILES UK,GB,ZONE 1,BS13
04,TILES UK,GB,ZONE 1,BS14
04,TILES UK,GB,ZONE 1,BS15
04,TILES UK,GB,ZONE 1,BS16
04,TILES UK,GB,ZONE 1,BS20
04,TILES UK,GB,ZONE 1,BS21
04,TILES UK,GB,ZONE 1,BS22
04,TILES UK,GB,ZONE 1,BS23
04,TILES UK,GB,ZONE 1,BS24
04,TILES UK,GB,ZONE 1,BS25
04,TILES UK,GB,ZONE 1,BS26
04,TILES UK,GB,ZONE 1,BS27
04,TILES UK,GB,ZONE 1,BS28
04,TILES UK,GB,ZONE 1,BS29
04,TILES UK,GB,ZONE 1,BS30
04,TILES UK,GB,ZONE 1,BS31
04,TILES UK,GB,ZONE 1,BS32
04,TILES UK,GB,ZONE 1,BS34
04,TILES UK,GB,ZONE 1,BS35
04,TILES UK,GB,ZONE 1,BS36
04,TILES UK,GB,ZONE 1,BS37
04,TILES UK,GB,ZONE 1,BS39
04,TILES UK,GB,ZONE 1,BS40
04,TILES UK,GB,ZONE 1,BS41
04,TILES UK,GB,ZONE 1,BS48
04,TILES UK,GB,ZONE 1,BS49
04,TILES UK,GB,ZONE 1,BS80
04,TILES UK,GB,ZONE 1,BS98
04,TILES UK,GB,ZONE 1,BS99
04,TILES UK,GB,ZONE 8,CA1
04,TILES UK,GB,ZONE 8,CA2
04,TILES UK,GB,ZONE 8,CA3
04,TILES UK,GB,ZONE 8,CA4
04,TILES UK,GB,ZONE 8,CA5
04,TILES UK,GB,ZONE 8,CA6
04,TILES UK,GB,ZONE 8,CA7
04,TILES UK,GB,ZONE 8,CA8
04,TILES UK,GB,ZONE 8,CA9
04,TILES UK,GB,ZONE 8,CA10
04,TILES UK,GB,ZONE 8,CA11
04,TILES UK,GB,ZONE 8,CA12
04,TILES UK,GB,ZONE 8,CA13
04,TILES UK,GB,ZONE 8,CA14
04,TILES UK,GB,ZONE 8,CA15
04,TILES UK,GB,ZONE 8,CA16
04,TILES UK,GB,ZONE 8,CA17
04,TILES UK,GB,ZONE 8,CA18
04,TILES UK,GB,ZONE 8,CA19
04,TILES UK,GB,ZONE 8,CA20
04,TILES UK,GB,ZONE 8,CA21
04,TILES UK,GB,ZONE 8,CA22
04,TILES UK,GB,ZONE 8,CA23
04,TILES UK,GB,ZONE 8,CA24
04,TILES UK,GB,ZONE 8,CA25
04,TILES UK,GB,ZONE 8,CA26
04,TILES UK,GB,ZONE 8,CA27
04,TILES UK,GB,ZONE 8,CA28
04,TILES UK,GB,ZONE 8,CA95
04,TILES UK,GB,ZONE 8,CA99
04,TILES UK,GB,ZONE 1,CB1
04,TILES UK,GB,ZONE 1,CB2
04,TILES UK,GB,ZONE 1,CB3
04,TILES UK,GB,ZONE 1,CB4
04,TILES UK,GB,ZONE 1,CB5
04,TILES UK,GB,ZONE 1,CB6
04,TILES UK,GB,ZONE 1,CB7
04,TILES UK,GB,ZONE 1,CB8
04,TILES UK,GB,ZONE 1,CB9
04,TILES UK,GB,ZONE 1,CB10
04,TILES UK,GB,ZONE 1,CB11
04,TILES UK,GB,ZONE 1,CB21
04,TILES UK,GB,ZONE 1,CB22
04,TILES UK,GB,ZONE 1,CB23
04,TILES UK,GB,ZONE 1,CB24
04,TILES UK,GB,ZONE 1,CB25
04,TILES UK,GB,ZONE 6,CF3
04,TILES UK,GB,ZONE 6,CF5
04,TILES UK,GB,ZONE 6,CF10
04,TILES UK,GB,ZONE 6,CF11
04,TILES UK,GB,ZONE 6,CF14
04,TILES UK,GB,ZONE 6,CF15
04,TILES UK,GB,ZONE 6,CF23
04,TILES UK,GB,ZONE 6,CF24
04,TILES UK,GB,ZONE 6,CF31
04,TILES UK,GB,ZONE 6,CF32
04,TILES UK,GB,ZONE 6,CF33
04,TILES UK,GB,ZONE 6,CF34
04,TILES UK,GB,ZONE 6,CF35
04,TILES UK,GB,ZONE 6,CF36
04,TILES UK,GB,ZONE 6,CF37
04,TILES UK,GB,ZONE 6,CF38
04,TILES UK,GB,ZONE 6,CF39
04,TILES UK,GB,ZONE 6,CF40
04,TILES UK,GB,ZONE 6,CF41
04,TILES UK,GB,ZONE 6,CF42
04,TILES UK,GB,ZONE 6,CF43
04,TILES UK,GB,ZONE 6,CF44
04,TILES UK,GB,ZONE 6,CF45
04,TILES UK,GB,ZONE 6,CF46
04,TILES UK,GB,ZONE 6,CF47
04,TILES UK,GB,ZONE 6,CF48
04,TILES UK,GB,ZONE 6,CF61
04,TILES UK,GB,ZONE 6,CF62
04,TILES UK,GB,ZONE 6,CF63
04,TILES UK,GB,ZONE 6,CF64
04,TILES UK,GB,ZONE 6,CF71
04,TILES UK,GB,ZONE 6,CF72
04,TILES UK,GB,ZONE 6,CF81
04,TILES UK,GB,ZONE 6,CF82
04,TILES UK,GB,ZONE 6,CF83
04,TILES UK,GB,ZONE 6,CF91
04,TILES UK,GB,ZONE 6,CF95
04,TILES UK,GB,ZONE 6,CF99
04,TILES UK,GB,LOCAL,CH1
04,TILES UK,GB,LOCAL,CH2
04,TILES UK,GB,LOCAL,CH3
04,TILES UK,GB,LOCAL,CH4
04,TILES UK,GB,LOCAL,CH5
04,TILES UK,GB,LOCAL,CH6
04,TILES UK,GB,LOCAL,CH7
04,TILES UK,GB,LOCAL,CH8
04,TILES UK,GB,LOCAL,CH25
04,TILES UK,GB,LOCAL,CH26
04,TILES UK,GB,LOCAL,CH27
04,TILES UK,GB,LOCAL,CH28
04,TILES UK,GB,LOCAL,CH29
04,TILES UK,GB,LOCAL,CH30
04,TILES UK,GB,LOCAL,CH31
04,TILES UK,GB,LOCAL,CH32
04,TILES UK,GB,LOCAL,CH33
04,TILES UK,GB,LOCAL,CH34
04,TILES UK,GB,LOCAL,CH41
04,TILES UK,GB,LOCAL,CH42
04,TILES UK,GB,LOCAL,CH43
04,TILES UK,GB,LOCAL,CH44
04,TILES UK,GB,LOCAL,CH45
04,TILES UK,GB,LOCAL,CH46
04,TILES UK,GB,LOCAL,CH47
04,TILES UK,GB,LOCAL,CH48
04,TILES UK,GB,LOCAL,CH49
04,TILES UK,GB,LOCAL,CH60
04,TILES UK,GB,LOCAL,CH61
04,TILES UK,GB,LOCAL,CH62
04,TILES UK,GB,LOCAL,CH63
04,TILES UK,GB,LOCAL,CH64
04,TILES UK,GB,LOCAL,CH65
04,TILES UK,GB,LOCAL,CH66
04,TILES UK,GB,LOCAL,CH70
04,TILES UK,GB,LOCAL,CH88
04,TILES UK,GB,LOCAL,CH99
04,TILES UK,GB,ZONE 5,CM0
04,TILES UK,GB,ZONE 5,CM1
04,TILES UK,GB,ZONE 5,CM2
04,TILES UK,GB,ZONE 5,CM3
04,TILES UK,GB,ZONE 5,CM4
04,TILES UK,GB,ZONE 5,CM5
04,TILES UK,GB,ZONE 5,CM6
04,TILES UK,GB,ZONE 5,CM7
04,TILES UK,GB,ZONE 5,CM8
04,TILES UK,GB,ZONE 5,CM9
04,TILES UK,GB,ZONE 5,CM11
04,TILES UK,GB,ZONE 5,CM12
04,TILES UK,GB,ZONE 5,CM13
04,TILES UK,GB,ZONE 5,CM14
04,TILES UK,GB,ZONE 5,CM15
04,TILES UK,GB,ZONE 5,CM16
04,TILES UK,GB,ZONE 5,CM17
04,TILES UK,GB,ZONE 5,CM18
04,TILES UK,GB,ZONE 5,CM19
04,TILES UK,GB,ZONE 5,CM20
04,TILES UK,GB,ZONE 5,CM21
04,TILES UK,GB,ZONE 5,CM22
04,TILES UK,GB,ZONE 5,CM23
04,TILES UK,GB,ZONE 5,CM24
04,TILES UK,GB,ZONE 5,CM77
04,TILES UK,GB,ZONE 5,CM98
04,TILES UK,GB,ZONE 5,CM99
04,TILES UK,GB,ZONE 5,CO1
04,TILES UK,GB,ZONE 5,CO2
04,TILES UK,GB,ZONE 5,CO3
04,TILES UK,GB,ZONE 5,CO4
04,TILES UK,GB,ZONE 5,CO5
04,TILES UK,GB,ZONE 5,CO6
04,TILES UK,GB,ZONE 5,CO7
04,TILES UK,GB,ZONE 5,CO8
04,TILES UK,GB,ZONE 5,CO9
04,TILES UK,GB,ZONE 5,CO10
04,TILES UK,GB,ZONE 5,CO11
04,TILES UK,GB,ZONE 5,CO12
04,TILES UK,GB,ZONE 5,CO13
04,TILES UK,GB,ZONE 5,CO14
04,TILES UK,GB,ZONE 5,CO15
04,TILES UK,GB,ZONE 5,CO16
04,TILES UK,GB,ZONE 4,CR0
04,TILES UK,GB,ZONE 4,CR2
04,TILES UK,GB,ZONE 4,CR3
04,TILES UK,GB,ZONE 4,CR4
04,TILES UK,GB,ZONE 4,CR5
04,TILES UK,GB,ZONE 4,CR6
04,TILES UK,GB,ZONE 4,CR7
04,TILES UK,GB,ZONE 4,CR8
04,TILES UK,GB,ZONE 4,CR9
04,TILES UK,GB,ZONE 4,CR44
04,TILES UK,GB,ZONE 6,CT1
04,TILES UK,GB,ZONE 6,CT2
04,TILES UK,GB,ZONE 6,CT3
04,TILES UK,GB,ZONE 6,CT4
04,TILES UK,GB,ZONE 6,CT5
04,TILES UK,GB,ZONE 6,CT6
04,TILES UK,GB,ZONE 6,CT7
04,TILES UK,GB,ZONE 6,CT8
04,TILES UK,GB,ZONE 6,CT9
04,TILES UK,GB,ZONE 6,CT10
04,TILES UK,GB,ZONE 6,CT11
04,TILES UK,GB,ZONE 6,CT12
04,TILES UK,GB,ZONE 6,CT13
04,TILES UK,GB,ZONE 6,CT14
04,TILES UK,GB,ZONE 6,CT15
04,TILES UK,GB,ZONE 6,CT16
04,TILES UK,GB,ZONE 6,CT17
04,TILES UK,GB,ZONE 6,CT18
04,TILES UK,GB,ZONE 6,CT19
04,TILES UK,GB,ZONE 6,CT20
04,TILES UK,GB,ZONE 6,CT21
04,TILES UK,GB,ZONE 6,CT50
04,TILES UK,GB,MIDLANDS,CV1
04,TILES UK,GB,MIDLANDS,CV2
04,TILES UK,GB,MIDLANDS,CV3
04,TILES UK,GB,MIDLANDS,CV4
04,TILES UK,GB,MIDLANDS,CV5
04,TILES UK,GB,MIDLANDS,CV6
04,TILES UK,GB,MIDLANDS,CV7
04,TILES UK,GB,MIDLANDS,CV8
04,TILES UK,GB,MIDLANDS,CV9
04,TILES UK,GB,MIDLANDS,CV10
04,TILES UK,GB,MIDLANDS,CV11
04,TILES UK,GB,MIDLANDS,CV12
04,TILES UK,GB,MIDLANDS,CV13
04,TILES UK,GB,MIDLANDS,CV21
04,TILES UK,GB,MIDLANDS,CV22
04,TILES UK,GB,MIDLANDS,CV23
04,TILES UK,GB,MIDLANDS,CV31
04,TILES UK,GB,MIDLANDS,CV32
04,TILES UK,GB,MIDLANDS,CV33
04,TILES UK,GB,MIDLANDS,CV34
04,TILES UK,GB,MIDLANDS,CV35
04,TILES UK,GB,MIDLANDS,CV36
04,TILES UK,GB,MIDLANDS,CV37
04,TILES UK,GB,MIDLANDS,CV47
04,TILES UK,GB,LOCAL,CW1
04,TILES UK,GB,LOCAL,CW2
04,TILES UK,GB,LOCAL,CW3
04,TILES UK,GB,LOCAL,CW4
04,TILES UK,GB,LOCAL,CW5
04,TILES UK,GB,LOCAL,CW6
04,TILES UK,GB,LOCAL,CW7
04,TILES UK,GB,LOCAL,CW8
04,TILES UK,GB,LOCAL,CW9
04,TILES UK,GB,LOCAL,CW10
04,TILES UK,GB,LOCAL,CW11
04,TILES UK,GB,LOCAL,CW12
04,TILES UK,GB,LOCAL,CW98
04,TILES UK,GB,ZONE 4,DA1
04,TILES UK,GB,ZONE 4,DA2
04,TILES UK,GB,ZONE 4,DA3
04,TILES UK,GB,ZONE 4,DA4
04,TILES UK,GB,ZONE 4,DA5
04,TILES UK,GB,ZONE 4,DA6
04,TILES UK,GB,ZONE 4,DA7
04,TILES UK,GB,ZONE 4,DA8
04,TILES UK,GB,ZONE 4,DA9
04,TILES UK,GB,ZONE 4,DA10
04,TILES UK,GB,ZONE 4,DA11
04,TILES UK,GB,ZONE 4,DA12
04,TILES UK,GB,ZONE 4,DA13
04,TILES UK,GB,ZONE 4,DA14
04,TILES UK,GB,ZONE 4,DA15
04,TILES UK,GB,ZONE 4,DA16
04,TILES UK,GB,ZONE 4,DA17
04,TILES UK,GB,ZONE 4,DA18
04,TILES UK,GB,NOTTINGHAM,DE1
04,TILES UK,GB,NOTTINGHAM,DE3
04,TILES UK,GB,NOTTINGHAM,DE4
04,TILES UK,GB,NOTTINGHAM,DE5
04,TILES UK,GB,NOTTINGHAM,DE6
04,TILES UK,GB,NOTTINGHAM,DE7
04,TILES UK,GB,NOTTINGHAM,DE11
04,TILES UK,GB,NOTTINGHAM,DE12
04,TILES UK,GB,NOTTINGHAM,DE13
04,TILES UK,GB,NOTTINGHAM,DE14
04,TILES UK,GB,NOTTINGHAM,DE15
04,TILES UK,GB,NOTTINGHAM,DE21
04,TILES UK,GB,NOTTINGHAM,DE22
04,TILES UK,GB,NOTTINGHAM,DE23
04,TILES UK,GB,NOTTINGHAM,DE24
04,TILES UK,GB,NOTTINGHAM,DE45
04,TILES UK,GB,NOTTINGHAM,DE55
04,TILES UK,GB,NOTTINGHAM,DE56
04,TILES UK,GB,NOTTINGHAM,DE65
04,TILES UK,GB,NOTTINGHAM,DE72
04,TILES UK,GB,NOTTINGHAM,DE73
04,TILES UK,GB,NOTTINGHAM,DE74
04,TILES UK,GB,NOTTINGHAM,DE75
04,TILES UK,GB,NOTTINGHAM,DE99
04,TILES UK,GB,ZONE 5,DH1
04,TILES UK,GB,ZONE 5,DH2
04,TILES UK,GB,ZONE 5,DH3
04,TILES UK,GB,ZONE 5,DH4
04,TILES UK,GB,ZONE 5,DH5
04,TILES UK,GB,ZONE 5,DH6
04,TILES UK,GB,ZONE 5,DH7
04,TILES UK,GB,ZONE 5,DH8
04,TILES UK,GB,ZONE 5,DH9
04,TILES UK,GB,ZONE 5,DH97
04,TILES UK,GB,ZONE 5,DH98
04,TILES UK,GB,ZONE 5,DH99
04,TILES UK,GB,ZONE 5,DL1
04,TILES UK,GB,ZONE 5,DL2
04,TILES UK,GB,ZONE 5,DL3
04,TILES UK,GB,ZONE 5,DL4
04,TILES UK,GB,ZONE 5,DL5
04,TILES UK,GB,ZONE 5,DL6
04,TILES UK,GB,ZONE 5,DL7
04,TILES UK,GB,ZONE 5,DL8
04,TILES UK,GB,ZONE 5,DL9
04,TILES UK,GB,ZONE 5,DL10
04,TILES UK,GB,ZONE 5,DL11
04,TILES UK,GB,ZONE 5,DL12
04,TILES UK,GB,ZONE 5,DL13
04,TILES UK,GB,ZONE 5,DL14
04,TILES UK,GB,ZONE 5,DL15
04,TILES UK,GB,ZONE 5,DL16
04,TILES UK,GB,ZONE 5,DL17
04,TILES UK,GB,MIDLANDS,DN1
04,TILES UK,GB,MIDLANDS,DN2
04,TILES UK,GB,MIDLANDS,DN3
04,TILES UK,GB,MIDLANDS,DN4
04,TILES UK,GB,MIDLANDS,DN5
04,TILES UK,GB,MIDLANDS,DN6
04,TILES UK,GB,MIDLANDS,DN7
04,TILES UK,GB,MIDLANDS,DN8
04,TILES UK,GB,MIDLANDS,DN9
04,TILES UK,GB,MIDLANDS,DN10
04,TILES UK,GB,MIDLANDS,DN11
04,TILES UK,GB,MIDLANDS,DN12
04,TILES UK,GB,MIDLANDS,DN14
04,TILES UK,GB,MIDLANDS,DN15
04,TILES UK,GB,MIDLANDS,DN16
04,TILES UK,GB,MIDLANDS,DN17
04,TILES UK,GB,MIDLANDS,DN18
04,TILES UK,GB,MIDLANDS,DN19
04,TILES UK,GB,MIDLANDS,DN20
04,TILES UK,GB,MIDLANDS,DN21
04,TILES UK,GB,MIDLANDS,DN22
04,TILES UK,GB,MIDLANDS,DN31
04,TILES UK,GB,MIDLANDS,DN32
04,TILES UK,GB,MIDLANDS,DN33
04,TILES UK,GB,MIDLANDS,DN34
04,TILES UK,GB,MIDLANDS,DN35
04,TILES UK,GB,MIDLANDS,DN36
04,TILES UK,GB,MIDLANDS,DN37
04,TILES UK,GB,MIDLANDS,DN38
04,TILES UK,GB,MIDLANDS,DN39
04,TILES UK,GB,MIDLANDS,DN40
04,TILES UK,GB,MIDLANDS,DN41
04,TILES UK,GB,MIDLANDS,DN55
04,TILES UK,GB,ZONE 8,DT1
04,TILES UK,GB,ZONE 8,DT2
04,TILES UK,GB,ZONE 8,DT3
04,TILES UK,GB,ZONE 8,DT4
04,TILES UK,GB,ZONE 8,DT5
04,TILES UK,GB,ZONE 8,DT6
04,TILES UK,GB,ZONE 8,DT7
04,TILES UK,GB,ZONE 8,DT8
04,TILES UK,GB,ZONE 8,DT9
04,TILES UK,GB,ZONE 8,DT10
04,TILES UK,GB,ZONE 8,DT11
04,TILES UK,GB,MIDLANDS,DY1
04,TILES UK,GB,MIDLANDS,DY2
04,TILES UK,GB,MIDLANDS,DY3
04,TILES UK,GB,MIDLANDS,DY4
04,TILES UK,GB,MIDLANDS,DY5
04,TILES UK,GB,MIDLANDS,DY6
04,TILES UK,GB,MIDLANDS,DY7
04,TILES UK,GB,MIDLANDS,DY8
04,TILES UK,GB,MIDLANDS,DY9
04,TILES UK,GB,MIDLANDS,DY10
04,TILES UK,GB,MIDLANDS,DY11
04,TILES UK,GB,MIDLANDS,DY12
04,TILES UK,GB,MIDLANDS,DY13
04,TILES UK,GB,MIDLANDS,DY14
04,TILES UK,GB,ZONE 3,E10
04,TILES UK,GB,ZONE 3,E20
04,TILES UK,GB,ZONE 3,E1
04,TILES UK,GB,ZONE 3,E11
04,TILES UK,GB,ZONE 3,E12
04,TILES UK,GB,ZONE 3,E2
04,TILES UK,GB,ZONE 3,E13
04,TILES UK,GB,ZONE 3,E3
04,TILES UK,GB,ZONE 3,E14
04,TILES UK,GB,ZONE 3,E4
04,TILES UK,GB,ZONE 3,E15
04,TILES UK,GB,ZONE 3,E5
04,TILES UK,GB,ZONE 3,E16
04,TILES UK,GB,ZONE 3,E6
04,TILES UK,GB,ZONE 3,E17
04,TILES UK,GB,ZONE 3,E7
04,TILES UK,GB,ZONE 3,E77
04,TILES UK,GB,ZONE 3,E18
04,TILES UK,GB,ZONE 3,E8
04,TILES UK,GB,ZONE 3,E98
04,TILES UK,GB,ZONE 3,E9
04,TILES UK,GB,ZONE 3,E1W
04,TILES UK,GB,ZONE 3,EC1A
04,TILES UK,GB,ZONE 3,EC1M
04,TILES UK,GB,ZONE 3,EC1N
04,TILES UK,GB,ZONE 3,EC1P
04,TILES UK,GB,ZONE 3,EC1R
04,TILES UK,GB,ZONE 3,EC1V
04,TILES UK,GB,ZONE 3,EC1Y
04,TILES UK,GB,ZONE 3,EC2A
04,TILES UK,GB,ZONE 3,EC2M
04,TILES UK,GB,ZONE 3,EC2N
04,TILES UK,GB,ZONE 3,EC2P
04,TILES UK,GB,ZONE 3,EC2R
04,TILES UK,GB,ZONE 3,EC2V
04,TILES UK,GB,ZONE 3,EC2Y
04,TILES UK,GB,ZONE 3,EC3A
04,TILES UK,GB,ZONE 3,EC3M
04,TILES UK,GB,ZONE 3,EC3N
04,TILES UK,GB,ZONE 3,EC3P
04,TILES UK,GB,ZONE 3,EC3R
04,TILES UK,GB,ZONE 3,EC3V
04,TILES UK,GB,ZONE 3,EC4A
04,TILES UK,GB,ZONE 3,EC4M
04,TILES UK,GB,ZONE 3,EC4N
04,TILES UK,GB,ZONE 3,EC4P
04,TILES UK,GB,ZONE 3,EC4R
04,TILES UK,GB,ZONE 3,EC4V
04,TILES UK,GB,ZONE 3,EC4Y
04,TILES UK,GB,ZONE 3,EC50
04,TILES UK,GB,ZONE 4,EN1
04,TILES UK,GB,ZONE 4,EN2
04,TILES UK,GB,ZONE 4,EN3
04,TILES UK,GB,ZONE 4,EN4
04,TILES UK,GB,ZONE 4,EN5
04,TILES UK,GB,ZONE 4,EN6
04,TILES UK,GB,ZONE 4,EN7
04,TILES UK,GB,ZONE 4,EN8
04,TILES UK,GB,ZONE 4,EN9
04,TILES UK,GB,ZONE 4,EN10
04,TILES UK,GB,ZONE 4,EN11
04,TILES UK,GB,ZONE 8,EX1
04,TILES UK,GB,ZONE 8,EX2
04,TILES UK,GB,ZONE 8,EX3
04,TILES UK,GB,ZONE 8,EX4
04,TILES UK,GB,ZONE 8,EX5
04,TILES UK,GB,ZONE 8,EX6
04,TILES UK,GB,ZONE 8,EX7
04,TILES UK,GB,ZONE 8,EX8
04,TILES UK,GB,ZONE 8,EX9
04,TILES UK,GB,ZONE 8,EX10
04,TILES UK,GB,ZONE 8,EX11
04,TILES UK,GB,ZONE 8,EX12
04,TILES UK,GB,ZONE 8,EX13
04,TILES UK,GB,ZONE 8,EX14
04,TILES UK,GB,ZONE 8,EX15
04,TILES UK,GB,ZONE 8,EX16
04,TILES UK,GB,ZONE 8,EX17
04,TILES UK,GB,ZONE 6,EX18
04,TILES UK,GB,ZONE 6,EX19
04,TILES UK,GB,ZONE 6,EX20
04,TILES UK,GB,ZONE 6,EX21
04,TILES UK,GB,ZONE 6,EX22
04,TILES UK,GB,ZONE 6,EX23
04,TILES UK,GB,ZONE 8,EX24
04,TILES UK,GB,ZONE 6,EX31
04,TILES UK,GB,ZONE 6,EX32
04,TILES UK,GB,ZONE 6,EX33
04,TILES UK,GB,ZONE 6,EX34
04,TILES UK,GB,ZONE 6,EX35
04,TILES UK,GB,ZONE 6,EX36
04,TILES UK,GB,ZONE 6,EX37
04,TILES UK,GB,ZONE 6,EX38
04,TILES UK,GB,ZONE 6,EX39
04,TILES UK,GB,ZONE 5,FY0
04,TILES UK,GB,ZONE 5,FY1
04,TILES UK,GB,ZONE 5,FY2
04,TILES UK,GB,ZONE 5,FY3
04,TILES UK,GB,ZONE 5,FY4
04,TILES UK,GB,ZONE 5,FY5
04,TILES UK,GB,ZONE 5,FY6
04,TILES UK,GB,ZONE 5,FY7
04,TILES UK,GB,ZONE 5,FY8
04,TILES UK,GB,ZONE 1,GL1
04,TILES UK,GB,ZONE 1,GL2
04,TILES UK,GB,ZONE 1,GL3
04,TILES UK,GB,ZONE 1,GL4
04,TILES UK,GB,ZONE 1,GL5
04,TILES UK,GB,ZONE 1,GL6
04,TILES UK,GB,ZONE 1,GL7
04,TILES UK,GB,ZONE 1,GL8
04,TILES UK,GB,ZONE 1,GL9
04,TILES UK,GB,ZONE 1,GL10
04,TILES UK,GB,ZONE 1,GL11
04,TILES UK,GB,ZONE 1,GL12
04,TILES UK,GB,ZONE 1,GL13
04,TILES UK,GB,ZONE 1,GL14
04,TILES UK,GB,ZONE 1,GL15
04,TILES UK,GB,ZONE 1,GL16
04,TILES UK,GB,ZONE 1,GL17
04,TILES UK,GB,ZONE 1,GL18
04,TILES UK,GB,ZONE 1,GL19
04,TILES UK,GB,ZONE 1,GL20
04,TILES UK,GB,ZONE 1,GL50
04,TILES UK,GB,ZONE 1,GL51
04,TILES UK,GB,ZONE 1,GL52
04,TILES UK,GB,ZONE 1,GL53
04,TILES UK,GB,ZONE 1,GL54
04,TILES UK,GB,ZONE 1,GL55
04,TILES UK,GB,ZONE 1,GL56
04,TILES UK,GB,ZONE 2,GU1
04,TILES UK,GB,ZONE 2,GU2
04,TILES UK,GB,ZONE 2,GU3
04,TILES UK,GB,ZONE 2,GU4
04,TILES UK,GB,ZONE 2,GU5
04,TILES UK,GB,ZONE 2,GU6
04,TILES UK,GB,ZONE 2,GU7
04,TILES UK,GB,ZONE 2,GU8
04,TILES UK,GB,ZONE 2,GU9
04,TILES UK,GB,ZONE 2,GU10
04,TILES UK,GB,ZONE 2,GU11
04,TILES UK,GB,ZONE 2,GU12
04,TILES UK,GB,ZONE 2,GU14
04,TILES UK,GB,ZONE 2,GU15
04,TILES UK,GB,ZONE 2,GU16
04,TILES UK,GB,ZONE 2,GU17
04,TILES UK,GB,ZONE 2,GU18
04,TILES UK,GB,ZONE 2,GU19
04,TILES UK,GB,ZONE 2,GU20
04,TILES UK,GB,ZONE 2,GU21
04,TILES UK,GB,ZONE 2,GU22
04,TILES UK,GB,ZONE 2,GU23
04,TILES UK,GB,ZONE 2,GU24
04,TILES UK,GB,ZONE 2,GU25
04,TILES UK,GB,ZONE 2,GU26
04,TILES UK,GB,ZONE 2,GU27
04,TILES UK,GB,ZONE 2,GU28
04,TILES UK,GB,ZONE 2,GU29
04,TILES UK,GB,ZONE 2,GU30
04,TILES UK,GB,ZONE 2,GU31
04,TILES UK,GB,ZONE 2,GU32
04,TILES UK,GB,ZONE 2,GU33
04,TILES UK,GB,ZONE 2,GU34
04,TILES UK,GB,ZONE 2,GU35
04,TILES UK,GB,ZONE 2,GU46
04,TILES UK,GB,ZONE 2,GU47
04,TILES UK,GB,ZONE 2,GU51
04,TILES UK,GB,ZONE 2,GU52
04,TILES UK,GB,ZONE 2,GU95
04,TILES UK,GB,ZONE 4,HA0
04,TILES UK,GB,ZONE 4,HA1
04,TILES UK,GB,ZONE 4,HA2
04,TILES UK,GB,ZONE 4,HA3
04,TILES UK,GB,ZONE 4,HA4
04,TILES UK,GB,ZONE 4,HA5
04,TILES UK,GB,ZONE 4,HA6
04,TILES UK,GB,ZONE 4,HA7
04,TILES UK,GB,ZONE 4,HA8
04,TILES UK,GB,ZONE 4,HA9
04,TILES UK,GB,MIDLANDS,HD1
04,TILES UK,GB,MIDLANDS,HD2
04,TILES UK,GB,MIDLANDS,HD3
04,TILES UK,GB,MIDLANDS,HD4
04,TILES UK,GB,MIDLANDS,HD5
04,TILES UK,GB,MIDLANDS,HD6
04,TILES UK,GB,MIDLANDS,HD7
04,TILES UK,GB,MIDLANDS,HD8
04,TILES UK,GB,MIDLANDS,HD9
04,TILES UK,GB,MIDLANDS,HG1
04,TILES UK,GB,MIDLANDS,HG2
04,TILES UK,GB,MIDLANDS,HG3
04,TILES UK,GB,MIDLANDS,HG4
04,TILES UK,GB,MIDLANDS,HG5
04,TILES UK,GB,ZONE 1,HP1
04,TILES UK,GB,ZONE 1,HP2
04,TILES UK,GB,ZONE 1,HP3
04,TILES UK,GB,ZONE 1,HP4
04,TILES UK,GB,ZONE 1,HP5
04,TILES UK,GB,ZONE 1,HP6
04,TILES UK,GB,ZONE 1,HP7
04,TILES UK,GB,ZONE 1,HP8
04,TILES UK,GB,ZONE 1,HP9
04,TILES UK,GB,ZONE 1,HP10
04,TILES UK,GB,ZONE 1,HP11
04,TILES UK,GB,ZONE 1,HP12
04,TILES UK,GB,ZONE 1,HP13
04,TILES UK,GB,ZONE 1,HP14
04,TILES UK,GB,ZONE 1,HP15
04,TILES UK,GB,ZONE 1,HP16
04,TILES UK,GB,ZONE 1,HP17
04,TILES UK,GB,ZONE 1,HP18
04,TILES UK,GB,ZONE 1,HP19
04,TILES UK,GB,ZONE 1,HP20
04,TILES UK,GB,ZONE 1,HP21
04,TILES UK,GB,ZONE 1,HP22
04,TILES UK,GB,ZONE 1,HP23
04,TILES UK,GB,ZONE 1,HP27
04,TILES UK,GB,ZONE 5,HR1
04,TILES UK,GB,ZONE 5,HR2
04,TILES UK,GB,ZONE 5,HR3
04,TILES UK,GB,ZONE 5,HR4
04,TILES UK,GB,ZONE 5,HR5
04,TILES UK,GB,ZONE 5,HR6
04,TILES UK,GB,ZONE 5,HR7
04,TILES UK,GB,ZONE 5,HR8
04,TILES UK,GB,ZONE 5,HR9
04,TILES UK,GB,ZONE 5,HU1
04,TILES UK,GB,ZONE 5,HU2
04,TILES UK,GB,ZONE 5,HU3
04,TILES UK,GB,ZONE 5,HU4
04,TILES UK,GB,ZONE 5,HU5
04,TILES UK,GB,ZONE 5,HU6
04,TILES UK,GB,ZONE 5,HU7
04,TILES UK,GB,ZONE 5,HU8
04,TILES UK,GB,ZONE 5,HU9
04,TILES UK,GB,ZONE 5,HU10
04,TILES UK,GB,ZONE 5,HU11
04,TILES UK,GB,ZONE 5,HU12
04,TILES UK,GB,ZONE 5,HU13
04,TILES UK,GB,ZONE 5,HU14
04,TILES UK,GB,ZONE 5,HU15
04,TILES UK,GB,ZONE 5,HU16
04,TILES UK,GB,ZONE 5,HU17
04,TILES UK,GB,ZONE 5,HU18
04,TILES UK,GB,ZONE 5,HU19
04,TILES UK,GB,ZONE 5,HU20
04,TILES UK,GB,MIDLANDS,HX1
04,TILES UK,GB,MIDLANDS,HX2
04,TILES UK,GB,MIDLANDS,HX3
04,TILES UK,GB,MIDLANDS,HX4
04,TILES UK,GB,MIDLANDS,HX5
04,TILES UK,GB,MIDLANDS,HX6
04,TILES UK,GB,MIDLANDS,HX7
04,TILES UK,GB,ZONE 4,IG1
04,TILES UK,GB,ZONE 4,IG2
04,TILES UK,GB,ZONE 4,IG3
04,TILES UK,GB,ZONE 4,IG4
04,TILES UK,GB,ZONE 4,IG5
04,TILES UK,GB,ZONE 4,IG6
04,TILES UK,GB,ZONE 4,IG7
04,TILES UK,GB,ZONE 4,IG8
04,TILES UK,GB,ZONE 4,IG9
04,TILES UK,GB,ZONE 4,IG10
04,TILES UK,GB,ZONE 4,IG11
04,TILES UK,GB,ZONE 5,IP1
04,TILES UK,GB,ZONE 5,IP2
04,TILES UK,GB,ZONE 5,IP3
04,TILES UK,GB,ZONE 5,IP4
04,TILES UK,GB,ZONE 5,IP5
04,TILES UK,GB,ZONE 5,IP6
04,TILES UK,GB,ZONE 5,IP7
04,TILES UK,GB,ZONE 5,IP8
04,TILES UK,GB,ZONE 5,IP9
04,TILES UK,GB,ZONE 5,IP10
04,TILES UK,GB,ZONE 5,IP11
04,TILES UK,GB,ZONE 5,IP12
04,TILES UK,GB,ZONE 5,IP13
04,TILES UK,GB,ZONE 5,IP14
04,TILES UK,GB,ZONE 5,IP15
04,TILES UK,GB,ZONE 5,IP16
04,TILES UK,GB,ZONE 5,IP17
04,TILES UK,GB,ZONE 5,IP18
04,TILES UK,GB,ZONE 5,IP19
04,TILES UK,GB,ZONE 5,IP20
04,TILES UK,GB,ZONE 5,IP21
04,TILES UK,GB,ZONE 5,IP22
04,TILES UK,GB,ZONE 5,IP23
04,TILES UK,GB,ZONE 5,IP24
04,TILES UK,GB,ZONE 5,IP25
04,TILES UK,GB,ZONE 5,IP26
04,TILES UK,GB,ZONE 5,IP27
04,TILES UK,GB,ZONE 5,IP28
04,TILES UK,GB,ZONE 5,IP29
04,TILES UK,GB,ZONE 5,IP30
04,TILES UK,GB,ZONE 5,IP31
04,TILES UK,GB,ZONE 5,IP32
04,TILES UK,GB,ZONE 5,IP33
04,TILES UK,GB,ZONE 5,IP98
04,TILES UK,GB,ZONE 4,KT1
04,TILES UK,GB,ZONE 4,KT2
04,TILES UK,GB,ZONE 4,KT3
04,TILES UK,GB,ZONE 4,KT4
04,TILES UK,GB,ZONE 4,KT5
04,TILES UK,GB,ZONE 4,KT6
04,TILES UK,GB,ZONE 4,KT7
04,TILES UK,GB,ZONE 4,KT8
04,TILES UK,GB,ZONE 4,KT9
04,TILES UK,GB,ZONE 4,KT10
04,TILES UK,GB,ZONE 4,KT11
04,TILES UK,GB,ZONE 4,KT12
04,TILES UK,GB,ZONE 4,KT13
04,TILES UK,GB,ZONE 4,KT14
04,TILES UK,GB,ZONE 4,KT15
04,TILES UK,GB,ZONE 4,KT16
04,TILES UK,GB,ZONE 4,KT17
04,TILES UK,GB,ZONE 4,KT18
04,TILES UK,GB,ZONE 4,KT19
04,TILES UK,GB,ZONE 4,KT20
04,TILES UK,GB,ZONE 4,KT21
04,TILES UK,GB,ZONE 4,KT22
04,TILES UK,GB,ZONE 4,KT23
04,TILES UK,GB,ZONE 4,KT24
04,TILES UK,GB,LOCAL,L1
04,TILES UK,GB,LOCAL,L2
04,TILES UK,GB,LOCAL,L3
04,TILES UK,GB,LOCAL,L4
04,TILES UK,GB,LOCAL,L5
04,TILES UK,GB,LOCAL,L6
04,TILES UK,GB,LOCAL,L7
04,TILES UK,GB,LOCAL,L8
04,TILES UK,GB,LOCAL,L9
04,TILES UK,GB,LOCAL,L10
04,TILES UK,GB,LOCAL,L11
04,TILES UK,GB,LOCAL,L12
04,TILES UK,GB,LOCAL,L13
04,TILES UK,GB,LOCAL,L14
04,TILES UK,GB,LOCAL,L15
04,TILES UK,GB,LOCAL,L16
04,TILES UK,GB,LOCAL,L17
04,TILES UK,GB,LOCAL,L18
04,TILES UK,GB,LOCAL,L19
04,TILES UK,GB,LOCAL,L20
04,TILES UK,GB,LOCAL,L21
04,TILES UK,GB,LOCAL,L22
04,TILES UK,GB,LOCAL,L23
04,TILES UK,GB,LOCAL,L24
04,TILES UK,GB,LOCAL,L25
04,TILES UK,GB,LOCAL,L26
04,TILES UK,GB,LOCAL,L27
04,TILES UK,GB,LOCAL,L28
04,TILES UK,GB,LOCAL,L29
04,TILES UK,GB,LOCAL,L30
04,TILES UK,GB,LOCAL,L31
04,TILES UK,GB,LOCAL,L32
04,TILES UK,GB,LOCAL,L33
04,TILES UK,GB,LOCAL,L34
04,TILES UK,GB,LOCAL,L35
04,TILES UK,GB,LOCAL,L36
04,TILES UK,GB,LOCAL,L37
04,TILES UK,GB,LOCAL,L38
04,TILES UK,GB,LOCAL,L39
04,TILES UK,GB,LOCAL,L40
04,TILES UK,GB,LOCAL,L67
04,TILES UK,GB,LOCAL,L68
04,TILES UK,GB,LOCAL,L69
04,TILES UK,GB,LOCAL,L70
04,TILES UK,GB,LOCAL,L71
04,TILES UK,GB,LOCAL,L72
04,TILES UK,GB,LOCAL,L73
04,TILES UK,GB,LOCAL,L74
04,TILES UK,GB,LOCAL,L75
04,TILES UK,GB,LOCAL,L99
04,TILES UK,GB,LOCAL,LA1
04,TILES UK,GB,LOCAL,LA2
04,TILES UK,GB,LOCAL,LA3
04,TILES UK,GB,LOCAL,LA4
04,TILES UK,GB,LOCAL,LA5
04,TILES UK,GB,LOCAL,LA6
04,TILES UK,GB,LOCAL,LA7
04,TILES UK,GB,LOCAL,LA8
04,TILES UK,GB,LOCAL,LA9
04,TILES UK,GB,LOCAL,LA10
04,TILES UK,GB,LOCAL,LA11
04,TILES UK,GB,LOCAL,LA12
04,TILES UK,GB,LOCAL,LA13
04,TILES UK,GB,LOCAL,LA14
04,TILES UK,GB,LOCAL,LA15
04,TILES UK,GB,LOCAL,LA16
04,TILES UK,GB,LOCAL,LA17
04,TILES UK,GB,LOCAL,LA18
04,TILES UK,GB,LOCAL,LA19
04,TILES UK,GB,LOCAL,LA20
04,TILES UK,GB,LOCAL,LA21
04,TILES UK,GB,LOCAL,LA22
04,TILES UK,GB,LOCAL,LA23
04,TILES UK,GB,ZONE 8,LD1
04,TILES UK,GB,ZONE 8,LD2
04,TILES UK,GB,ZONE 8,LD3
04,TILES UK,GB,ZONE 8,LD4
04,TILES UK,GB,ZONE 8,LD5
04,TILES UK,GB,ZONE 8,LD6
04,TILES UK,GB,ZONE 8,LD7
04,TILES UK,GB,ZONE 8,LD8
04,TILES UK,GB,NOTTINGHAM,LE1
04,TILES UK,GB,NOTTINGHAM,LE2
04,TILES UK,GB,NOTTINGHAM,LE3
04,TILES UK,GB,NOTTINGHAM,LE4
04,TILES UK,GB,NOTTINGHAM,LE5
04,TILES UK,GB,NOTTINGHAM,LE6
04,TILES UK,GB,NOTTINGHAM,LE7
04,TILES UK,GB,NOTTINGHAM,LE8
04,TILES UK,GB,NOTTINGHAM,LE9
04,TILES UK,GB,NOTTINGHAM,LE10
04,TILES UK,GB,NOTTINGHAM,LE11
04,TILES UK,GB,NOTTINGHAM,LE12
04,TILES UK,GB,NOTTINGHAM,LE13
04,TILES UK,GB,NOTTINGHAM,LE14
04,TILES UK,GB,NOTTINGHAM,LE15
04,TILES UK,GB,NOTTINGHAM,LE16
04,TILES UK,GB,NOTTINGHAM,LE17
04,TILES UK,GB,NOTTINGHAM,LE18
04,TILES UK,GB,NOTTINGHAM,LE19
04,TILES UK,GB,NOTTINGHAM,LE21
04,TILES UK,GB,NOTTINGHAM,LE41
04,TILES UK,GB,NOTTINGHAM,LE55
04,TILES UK,GB,NOTTINGHAM,LE65
04,TILES UK,GB,NOTTINGHAM,LE67
04,TILES UK,GB,NOTTINGHAM,LE87
04,TILES UK,GB,NOTTINGHAM,LE94
04,TILES UK,GB,NOTTINGHAM,LE95
04,TILES UK,GB,ZONE 2,LL11
04,TILES UK,GB,ZONE 2,LL12
04,TILES UK,GB,ZONE 2,LL13
04,TILES UK,GB,ZONE 2,LL14
04,TILES UK,GB,ZONE 2,LL15
04,TILES UK,GB,ZONE 2,LL16
04,TILES UK,GB,ZONE 2,LL17
04,TILES UK,GB,ZONE 2,LL18
04,TILES UK,GB,ZONE 2,LL19
04,TILES UK,GB,ZONE 2,LL20
04,TILES UK,GB,ZONE 2,LL21
04,TILES UK,GB,ZONE 2,LL22
04,TILES UK,GB,ZONE 2,LL23
04,TILES UK,GB,ZONE 2,LL24
04,TILES UK,GB,ZONE 2,LL25
04,TILES UK,GB,ZONE 2,LL26
04,TILES UK,GB,ZONE 2,LL27
04,TILES UK,GB,ZONE 2,LL28
04,TILES UK,GB,ZONE 2,LL29
04,TILES UK,GB,ZONE 2,LL30
04,TILES UK,GB,ZONE 2,LL31
04,TILES UK,GB,ZONE 2,LL32
04,TILES UK,GB,ZONE 2,LL33
04,TILES UK,GB,ZONE 2,LL34
04,TILES UK,GB,ZONE 2,LL35
04,TILES UK,GB,ZONE 2,LL36
04,TILES UK,GB,ZONE 2,LL37
04,TILES UK,GB,ZONE 2,LL38
04,TILES UK,GB,ZONE 2,LL39
04,TILES UK,GB,ZONE 2,LL40
04,TILES UK,GB,ZONE 2,LL41
04,TILES UK,GB,ZONE 2,LL42
04,TILES UK,GB,ZONE 2,LL43
04,TILES UK,GB,ZONE 2,LL44
04,TILES UK,GB,ZONE 2,LL45
04,TILES UK,GB,ZONE 2,LL46
04,TILES UK,GB,ZONE 2,LL47
04,TILES UK,GB,ZONE 2,LL48
04,TILES UK,GB,ZONE 2,LL49
04,TILES UK,GB,ZONE 2,LL51
04,TILES UK,GB,ZONE 2,LL52
04,TILES UK,GB,ZONE 2,LL53
04,TILES UK,GB,ZONE 2,LL54
04,TILES UK,GB,ZONE 2,LL55
04,TILES UK,GB,ZONE 2,LL56
04,TILES UK,GB,ZONE 2,LL57
04,TILES UK,GB,ZONE 2,LL58
04,TILES UK,GB,ZONE 2,LL59
04,TILES UK,GB,ZONE 2,LL60
04,TILES UK,GB,ZONE 2,LL61
04,TILES UK,GB,ZONE 2,LL62
04,TILES UK,GB,ZONE 2,LL63
04,TILES UK,GB,ZONE 2,LL64
04,TILES UK,GB,ZONE 2,LL65
04,TILES UK,GB,ZONE 2,LL66
04,TILES UK,GB,ZONE 2,LL67
04,TILES UK,GB,ZONE 2,LL68
04,TILES UK,GB,ZONE 2,LL69
04,TILES UK,GB,ZONE 2,LL70
04,TILES UK,GB,ZONE 2,LL71
04,TILES UK,GB,ZONE 2,LL72
04,TILES UK,GB,ZONE 2,LL73
04,TILES UK,GB,ZONE 2,LL74
04,TILES UK,GB,ZONE 2,LL75
04,TILES UK,GB,ZONE 2,LL76
04,TILES UK,GB,ZONE 2,LL77
04,TILES UK,GB,ZONE 2,LL78
04,TILES UK,GB,ZONE 5,LN1
04,TILES UK,GB,ZONE 5,LN2
04,TILES UK,GB,ZONE 5,LN3
04,TILES UK,GB,ZONE 5,LN4
04,TILES UK,GB,ZONE 5,LN5
04,TILES UK,GB,ZONE 5,LN6
04,TILES UK,GB,ZONE 5,LN7
04,TILES UK,GB,ZONE 5,LN8
04,TILES UK,GB,ZONE 5,LN9
04,TILES UK,GB,ZONE 5,LN10
04,TILES UK,GB,ZONE 5,LN11
04,TILES UK,GB,ZONE 5,LN12
04,TILES UK,GB,ZONE 5,LN13
04,TILES UK,GB,LEEDS,LS1
04,TILES UK,GB,LEEDS,LS2
04,TILES UK,GB,LEEDS,LS3
04,TILES UK,GB,LEEDS,LS4
04,TILES UK,GB,LEEDS,LS5
04,TILES UK,GB,LEEDS,LS6
04,TILES UK,GB,LEEDS,LS7
04,TILES UK,GB,LEEDS,LS8
04,TILES UK,GB,LEEDS,LS9
04,TILES UK,GB,LEEDS,LS10
04,TILES UK,GB,LEEDS,LS11
04,TILES UK,GB,LEEDS,LS12
04,TILES UK,GB,LEEDS,LS13
04,TILES UK,GB,LEEDS,LS14
04,TILES UK,GB,LEEDS,LS15
04,TILES UK,GB,LEEDS,LS16
04,TILES UK,GB,LEEDS,LS17
04,TILES UK,GB,LEEDS,LS18
04,TILES UK,GB,LEEDS,LS19
04,TILES UK,GB,LEEDS,LS20
04,TILES UK,GB,LEEDS,LS21
04,TILES UK,GB,LEEDS,LS22
04,TILES UK,GB,LEEDS,LS23
04,TILES UK,GB,LEEDS,LS24
04,TILES UK,GB,LEEDS,LS25
04,TILES UK,GB,LEEDS,LS26
04,TILES UK,GB,LEEDS,LS27
04,TILES UK,GB,LEEDS,LS28
04,TILES UK,GB,LEEDS,LS29
04,TILES UK,GB,LEEDS,LS88
04,TILES UK,GB,LEEDS,LS98
04,TILES UK,GB,LEEDS,LS99
04,TILES UK,GB,ZONE 1,LU1
04,TILES UK,GB,ZONE 1,LU2
04,TILES UK,GB,ZONE 1,LU3
04,TILES UK,GB,ZONE 1,LU4
04,TILES UK,GB,ZONE 1,LU5
04,TILES UK,GB,ZONE 1,LU6
04,TILES UK,GB,ZONE 1,LU7
04,TILES UK,GB,ZONE 1,LU95
04,TILES UK,GB,MANCHESTER,M1
04,TILES UK,GB,MANCHESTER,M2
04,TILES UK,GB,MANCHESTER,M3
04,TILES UK,GB,MANCHESTER,M4
04,TILES UK,GB,MANCHESTER,M5
04,TILES UK,GB,MANCHESTER,M6
04,TILES UK,GB,MANCHESTER,M7
04,TILES UK,GB,MANCHESTER,M8
04,TILES UK,GB,MANCHESTER,M9
04,TILES UK,GB,MANCHESTER,M11
04,TILES UK,GB,MANCHESTER,M12
04,TILES UK,GB,MANCHESTER,M13
04,TILES UK,GB,MANCHESTER,M14
04,TILES UK,GB,MANCHESTER,M15
04,TILES UK,GB,MANCHESTER,M16
04,TILES UK,GB,MANCHESTER,M17
04,TILES UK,GB,MANCHESTER,M18
04,TILES UK,GB,MANCHESTER,M19
04,TILES UK,GB,MANCHESTER,M20
04,TILES UK,GB,MANCHESTER,M21
04,TILES UK,GB,MANCHESTER,M22
04,TILES UK,GB,MANCHESTER,M23
04,TILES UK,GB,MANCHESTER,M24
04,TILES UK,GB,MANCHESTER,M25
04,TILES UK,GB,MANCHESTER,M26
04,TILES UK,GB,MANCHESTER,M27
04,TILES UK,GB,MANCHESTER,M28
04,TILES UK,GB,MANCHESTER,M29
04,TILES UK,GB,MANCHESTER,M30
04,TILES UK,GB,MANCHESTER,M31
04,TILES UK,GB,MANCHESTER,M32
04,TILES UK,GB,MANCHESTER,M33
04,TILES UK,GB,MANCHESTER,M34
04,TILES UK,GB,MANCHESTER,M35
04,TILES UK,GB,MANCHESTER,M38
04,TILES UK,GB,MANCHESTER,M40
04,TILES UK,GB,MANCHESTER,M41
04,TILES UK,GB,MANCHESTER,M43
04,TILES UK,GB,MANCHESTER,M44
04,TILES UK,GB,MANCHESTER,M45
04,TILES UK,GB,MANCHESTER,M46
04,TILES UK,GB,MANCHESTER,M50
04,TILES UK,GB,MANCHESTER,M60
04,TILES UK,GB,MANCHESTER,M61
04,TILES UK,GB,MANCHESTER,M90
04,TILES UK,GB,MANCHESTER,M99
04,TILES UK,GB,ZONE 5,ME1
04,TILES UK,GB,ZONE 5,ME2
04,TILES UK,GB,ZONE 5,ME3
04,TILES UK,GB,ZONE 5,ME4
04,TILES UK,GB,ZONE 5,ME5
04,TILES UK,GB,ZONE 5,ME6
04,TILES UK,GB,ZONE 5,ME7
04,TILES UK,GB,ZONE 5,ME8
04,TILES UK,GB,ZONE 5,ME9
04,TILES UK,GB,ZONE 5,ME10
04,TILES UK,GB,ZONE 5,ME11
04,TILES UK,GB,ZONE 5,ME12
04,TILES UK,GB,ZONE 5,ME13
04,TILES UK,GB,ZONE 5,ME14
04,TILES UK,GB,ZONE 5,ME15
04,TILES UK,GB,ZONE 5,ME16
04,TILES UK,GB,ZONE 5,ME17
04,TILES UK,GB,ZONE 5,ME18
04,TILES UK,GB,ZONE 5,ME19
04,TILES UK,GB,ZONE 5,ME20
04,TILES UK,GB,ZONE 5,ME99
04,TILES UK,GB,ZONE 1,MK1
04,TILES UK,GB,ZONE 1,MK2
04,TILES UK,GB,ZONE 1,MK3
04,TILES UK,GB,ZONE 1,MK4
04,TILES UK,GB,ZONE 1,MK5
04,TILES UK,GB,ZONE 1,MK6
04,TILES UK,GB,ZONE 1,MK7
04,TILES UK,GB,ZONE 1,MK8
04,TILES UK,GB,ZONE 1,MK9
04,TILES UK,GB,ZONE 1,MK10
04,TILES UK,GB,ZONE 1,MK11
04,TILES UK,GB,ZONE 1,MK12
04,TILES UK,GB,ZONE 1,MK13
04,TILES UK,GB,ZONE 1,MK14
04,TILES UK,GB,ZONE 1,MK15
04,TILES UK,GB,ZONE 1,MK16
04,TILES UK,GB,ZONE 1,MK17
04,TILES UK,GB,ZONE 1,MK18
04,TILES UK,GB,ZONE 1,MK19
04,TILES UK,GB,ZONE 1,MK40
04,TILES UK,GB,ZONE 1,MK41
04,TILES UK,GB,ZONE 1,MK42
04,TILES UK,GB,ZONE 1,MK43
04,TILES UK,GB,ZONE 1,MK44
04,TILES UK,GB,ZONE 1,MK45
04,TILES UK,GB,ZONE 1,MK46
04,TILES UK,GB,ZONE 1,MK77
04,TILES UK,GB,ZONE 3,N1C
04,TILES UK,GB,ZONE 3,N1
04,TILES UK,GB,ZONE 3,N2
04,TILES UK,GB,ZONE 3,N3
04,TILES UK,GB,ZONE 3,N4
04,TILES UK,GB,ZONE 3,N5
04,TILES UK,GB,ZONE 3,N6
04,TILES UK,GB,ZONE 3,N7
04,TILES UK,GB,ZONE 3,N8
04,TILES UK,GB,ZONE 3,N9
04,TILES UK,GB,ZONE 3,N10
04,TILES UK,GB,ZONE 3,N11
04,TILES UK,GB,ZONE 3,N12
04,TILES UK,GB,ZONE 3,N13
04,TILES UK,GB,ZONE 3,N14
04,TILES UK,GB,ZONE 3,N15
04,TILES UK,GB,ZONE 3,N16
04,TILES UK,GB,ZONE 3,N17
04,TILES UK,GB,ZONE 3,N18
04,TILES UK,GB,ZONE 3,N19
04,TILES UK,GB,ZONE 3,N20
04,TILES UK,GB,ZONE 3,N21
04,TILES UK,GB,ZONE 3,N22
04,TILES UK,GB,ZONE 3,N81
04,TILES UK,GB,ZONE 5,NE1
04,TILES UK,GB,ZONE 5,NE2
04,TILES UK,GB,ZONE 5,NE3
04,TILES UK,GB,ZONE 5,NE4
04,TILES UK,GB,ZONE 5,NE5
04,TILES UK,GB,ZONE 5,NE6
04,TILES UK,GB,ZONE 5,NE7
04,TILES UK,GB,ZONE 5,NE8
04,TILES UK,GB,ZONE 5,NE9
04,TILES UK,GB,ZONE 5,NE10
04,TILES UK,GB,ZONE 5,NE11
04,TILES UK,GB,ZONE 5,NE12
04,TILES UK,GB,ZONE 5,NE13
04,TILES UK,GB,ZONE 5,NE15
04,TILES UK,GB,ZONE 5,NE16
04,TILES UK,GB,ZONE 5,NE17
04,TILES UK,GB,ZONE 5,NE18
04,TILES UK,GB,ZONE 5,NE19
04,TILES UK,GB,ZONE 5,NE20
04,TILES UK,GB,ZONE 5,NE21
04,TILES UK,GB,ZONE 5,NE22
04,TILES UK,GB,ZONE 5,NE23
04,TILES UK,GB,ZONE 5,NE24
04,TILES UK,GB,ZONE 5,NE25
04,TILES UK,GB,ZONE 5,NE26
04,TILES UK,GB,ZONE 5,NE27
04,TILES UK,GB,ZONE 5,NE28
04,TILES UK,GB,ZONE 5,NE29
04,TILES UK,GB,ZONE 5,NE30
04,TILES UK,GB,ZONE 5,NE31
04,TILES UK,GB,ZONE 5,NE32
04,TILES UK,GB,ZONE 5,NE33
04,TILES UK,GB,ZONE 5,NE34
04,TILES UK,GB,ZONE 5,NE35
04,TILES UK,GB,ZONE 5,NE36
04,TILES UK,GB,ZONE 5,NE37
04,TILES UK,GB,ZONE 5,NE38
04,TILES UK,GB,ZONE 5,NE39
04,TILES UK,GB,ZONE 5,NE40
04,TILES UK,GB,ZONE 5,NE41
04,TILES UK,GB,ZONE 5,NE42
04,TILES UK,GB,ZONE 5,NE43
04,TILES UK,GB,ZONE 5,NE44
04,TILES UK,GB,ZONE 5,NE45
04,TILES UK,GB,ZONE 5,NE46
04,TILES UK,GB,ZONE 5,NE47
04,TILES UK,GB,ZONE 5,NE48
04,TILES UK,GB,ZONE 5,NE49
04,TILES UK,GB,ZONE 5,NE61
04,TILES UK,GB,ZONE 5,NE62
04,TILES UK,GB,ZONE 5,NE63
04,TILES UK,GB,ZONE 5,NE64
04,TILES UK,GB,ZONE 5,NE65
04,TILES UK,GB,ZONE 5,NE66
04,TILES UK,GB,ZONE 5,NE67
04,TILES UK,GB,ZONE 5,NE68
04,TILES UK,GB,ZONE 5,NE69
04,TILES UK,GB,ZONE 5,NE70
04,TILES UK,GB,ZONE 5,NE71
04,TILES UK,GB,ZONE 5,NE82
04,TILES UK,GB,ZONE 5,NE83
04,TILES UK,GB,ZONE 5,NE85
04,TILES UK,GB,ZONE 5,NE88
04,TILES UK,GB,ZONE 5,NE98
04,TILES UK,GB,ZONE 5,NE99
04,TILES UK,GB,NOTTINGHAM,NG1
04,TILES UK,GB,NOTTINGHAM,NG2
04,TILES UK,GB,NOTTINGHAM,NG3
04,TILES UK,GB,NOTTINGHAM,NG4
04,TILES UK,GB,NOTTINGHAM,NG5
04,TILES UK,GB,NOTTINGHAM,NG6
04,TILES UK,GB,NOTTINGHAM,NG7
04,TILES UK,GB,NOTTINGHAM,NG8
04,TILES UK,GB,NOTTINGHAM,NG9
04,TILES UK,GB,NOTTINGHAM,NG10
04,TILES UK,GB,NOTTINGHAM,NG11
04,TILES UK,GB,NOTTINGHAM,NG12
04,TILES UK,GB,NOTTINGHAM,NG13
04,TILES UK,GB,NOTTINGHAM,NG14
04,TILES UK,GB,NOTTINGHAM,NG15
04,TILES UK,GB,NOTTINGHAM,NG16
04,TILES UK,GB,NOTTINGHAM,NG17
04,TILES UK,GB,NOTTINGHAM,NG18
04,TILES UK,GB,NOTTINGHAM,NG19
04,TILES UK,GB,NOTTINGHAM,NG20
04,TILES UK,GB,NOTTINGHAM,NG21
04,TILES UK,GB,NOTTINGHAM,NG22
04,TILES UK,GB,NOTTINGHAM,NG23
04,TILES UK,GB,NOTTINGHAM,NG24
04,TILES UK,GB,NOTTINGHAM,NG25
04,TILES UK,GB,NOTTINGHAM,NG31
04,TILES UK,GB,NOTTINGHAM,NG32
04,TILES UK,GB,NOTTINGHAM,NG33
04,TILES UK,GB,NOTTINGHAM,NG34
04,TILES UK,GB,NOTTINGHAM,NG70
04,TILES UK,GB,NOTTINGHAM,NG80
04,TILES UK,GB,NOTTINGHAM,NG90
04,TILES UK,GB,ZONE 1,NN1
04,TILES UK,GB,ZONE 1,NN2
04,TILES UK,GB,ZONE 1,NN3
04,TILES UK,GB,ZONE 1,NN4
04,TILES UK,GB,ZONE 1,NN5
04,TILES UK,GB,ZONE 1,NN6
04,TILES UK,GB,ZONE 1,NN7
04,TILES UK,GB,ZONE 1,NN8
04,TILES UK,GB,ZONE 1,NN9
04,TILES UK,GB,ZONE 1,NN10
04,TILES UK,GB,ZONE 1,NN11
04,TILES UK,GB,ZONE 1,NN12
04,TILES UK,GB,ZONE 1,NN13
04,TILES UK,GB,ZONE 1,NN14
04,TILES UK,GB,ZONE 1,NN15
04,TILES UK,GB,ZONE 1,NN16
04,TILES UK,GB,ZONE 1,NN17
04,TILES UK,GB,ZONE 1,NN18
04,TILES UK,GB,ZONE 1,NN29
04,TILES UK,GB,ZONE 6,NP4
04,TILES UK,GB,ZONE 6,NP7
04,TILES UK,GB,ZONE 6,NP8
04,TILES UK,GB,ZONE 6,NP9
04,TILES UK,GB,ZONE 6,NP10
04,TILES UK,GB,ZONE 6,NP11
04,TILES UK,GB,ZONE 6,NP12
04,TILES UK,GB,ZONE 6,NP13
04,TILES UK,GB,ZONE 6,NP15
04,TILES UK,GB,ZONE 6,NP16
04,TILES UK,GB,ZONE 6,NP18
04,TILES UK,GB,ZONE 6,NP19
04,TILES UK,GB,ZONE 6,NP20
04,TILES UK,GB,ZONE 6,NP22
04,TILES UK,GB,ZONE 6,NP23
04,TILES UK,GB,ZONE 6,NP24
04,TILES UK,GB,ZONE 6,NP25
04,TILES UK,GB,ZONE 6,NP26
04,TILES UK,GB,ZONE 6,NP44
04,TILES UK,GB,ZONE 5,NR1
04,TILES UK,GB,ZONE 5,NR2
04,TILES UK,GB,ZONE 5,NR3
04,TILES UK,GB,ZONE 5,NR4
04,TILES UK,GB,ZONE 5,NR5
04,TILES UK,GB,ZONE 5,NR6
04,TILES UK,GB,ZONE 5,NR7
04,TILES UK,GB,ZONE 5,NR8
04,TILES UK,GB,ZONE 5,NR9
04,TILES UK,GB,ZONE 5,NR10
04,TILES UK,GB,ZONE 5,NR11
04,TILES UK,GB,ZONE 5,NR12
04,TILES UK,GB,ZONE 5,NR13
04,TILES UK,GB,ZONE 5,NR14
04,TILES UK,GB,ZONE 5,NR15
04,TILES UK,GB,ZONE 5,NR16
04,TILES UK,GB,ZONE 5,NR17
04,TILES UK,GB,ZONE 5,NR18
04,TILES UK,GB,ZONE 5,NR19
04,TILES UK,GB,ZONE 5,NR20
04,TILES UK,GB,ZONE 5,NR21
04,TILES UK,GB,ZONE 5,NR22
04,TILES UK,GB,ZONE 5,NR23
04,TILES UK,GB,ZONE 5,NR24
04,TILES UK,GB,ZONE 5,NR25
04,TILES UK,GB,ZONE 5,NR26
04,TILES UK,GB,ZONE 5,NR27
04,TILES UK,GB,ZONE 5,NR28
04,TILES UK,GB,ZONE 5,NR29
04,TILES UK,GB,ZONE 5,NR30
04,TILES UK,GB,ZONE 5,NR31
04,TILES UK,GB,ZONE 5,NR32
04,TILES UK,GB,ZONE 5,NR33
04,TILES UK,GB,ZONE 5,NR34
04,TILES UK,GB,ZONE 5,NR35
04,TILES UK,GB,ZONE 5,NR99
04,TILES UK,GB,ZONE 3,NW1
04,TILES UK,GB,ZONE 3,NW2
04,TILES UK,GB,ZONE 3,NW3
04,TILES UK,GB,ZONE 3,NW4
04,TILES UK,GB,ZONE 3,NW5
04,TILES UK,GB,ZONE 3,NW6
04,TILES UK,GB,ZONE 3,NW7
04,TILES UK,GB,ZONE 3,NW8
04,TILES UK,GB,ZONE 3,NW9
04,TILES UK,GB,ZONE 3,NW10
04,TILES UK,GB,ZONE 3,NW11
04,TILES UK,GB,ZONE 3,NW1W
04,TILES UK,GB,LOCAL,OL1
04,TILES UK,GB,LOCAL,OL2
04,TILES UK,GB,LOCAL,OL3
04,TILES UK,GB,LOCAL,OL4
04,TILES UK,GB,LOCAL,OL5
04,TILES UK,GB,LOCAL,OL6
04,TILES UK,GB,LOCAL,OL7
04,TILES UK,GB,LOCAL,OL8
04,TILES UK,GB,LOCAL,OL9
04,TILES UK,GB,LOCAL,OL10
04,TILES UK,GB,LOCAL,OL11
04,TILES UK,GB,LOCAL,OL12
04,TILES UK,GB,LOCAL,OL13
04,TILES UK,GB,LOCAL,OL14
04,TILES UK,GB,LOCAL,OL15
04,TILES UK,GB,LOCAL,OL16
04,TILES UK,GB,LOCAL,OL95
04,TILES UK,GB,ZONE 1,OX1
04,TILES UK,GB,ZONE 1,OX2
04,TILES UK,GB,ZONE 1,OX3
04,TILES UK,GB,ZONE 1,OX4
04,TILES UK,GB,ZONE 1,OX5
04,TILES UK,GB,ZONE 1,OX7
04,TILES UK,GB,ZONE 1,OX9
04,TILES UK,GB,ZONE 1,OX10
04,TILES UK,GB,ZONE 1,OX11
04,TILES UK,GB,ZONE 1,OX12
04,TILES UK,GB,ZONE 1,OX13
04,TILES UK,GB,ZONE 1,OX14
04,TILES UK,GB,ZONE 1,OX15
04,TILES UK,GB,ZONE 1,OX16
04,TILES UK,GB,ZONE 1,OX17
04,TILES UK,GB,ZONE 1,OX18
04,TILES UK,GB,ZONE 1,OX20
04,TILES UK,GB,ZONE 1,OX25
04,TILES UK,GB,ZONE 1,OX26
04,TILES UK,GB,ZONE 1,OX27
04,TILES UK,GB,ZONE 1,OX28
04,TILES UK,GB,ZONE 1,OX29
04,TILES UK,GB,ZONE 1,OX33
04,TILES UK,GB,ZONE 1,OX39
04,TILES UK,GB,ZONE 1,OX44
04,TILES UK,GB,ZONE 1,OX49
04,TILES UK,GB,ZONE 5,PE1
04,TILES UK,GB,ZONE 5,PE2
04,TILES UK,GB,ZONE 5,PE3
04,TILES UK,GB,ZONE 5,PE4
04,TILES UK,GB,ZONE 5,PE5
04,TILES UK,GB,ZONE 5,PE6
04,TILES UK,GB,ZONE 5,PE7
04,TILES UK,GB,ZONE 5,PE8
04,TILES UK,GB,ZONE 5,PE9
04,TILES UK,GB,ZONE 5,PE10
04,TILES UK,GB,ZONE 5,PE11
04,TILES UK,GB,ZONE 5,PE12
04,TILES UK,GB,ZONE 5,PE13
04,TILES UK,GB,ZONE 5,PE14
04,TILES UK,GB,ZONE 5,PE15
04,TILES UK,GB,ZONE 5,PE16
04,TILES UK,GB,ZONE 5,PE19
04,TILES UK,GB,ZONE 5,PE20
04,TILES UK,GB,ZONE 5,PE21
04,TILES UK,GB,ZONE 5,PE22
04,TILES UK,GB,ZONE 5,PE23
04,TILES UK,GB,ZONE 5,PE24
04,TILES UK,GB,ZONE 5,PE25
04,TILES UK,GB,ZONE 5,PE26
04,TILES UK,GB,ZONE 5,PE27
04,TILES UK,GB,ZONE 5,PE28
04,TILES UK,GB,ZONE 5,PE29
04,TILES UK,GB,ZONE 5,PE30
04,TILES UK,GB,ZONE 5,PE31
04,TILES UK,GB,ZONE 5,PE32
04,TILES UK,GB,ZONE 5,PE33
04,TILES UK,GB,ZONE 5,PE34
04,TILES UK,GB,ZONE 5,PE35
04,TILES UK,GB,ZONE 5,PE36
04,TILES UK,GB,ZONE 5,PE37
04,TILES UK,GB,ZONE 5,PE38
04,TILES UK,GB,ZONE 5,PE99
04,TILES UK,GB,ZONE 8,PL1
04,TILES UK,GB,ZONE 8,PL2
04,TILES UK,GB,ZONE 8,PL3
04,TILES UK,GB,ZONE 8,PL4
04,TILES UK,GB,ZONE 8,PL5
04,TILES UK,GB,ZONE 8,PL6
04,TILES UK,GB,ZONE 8,PL7
04,TILES UK,GB,ZONE 8,PL8
04,TILES UK,GB,ZONE 8,PL9
04,TILES UK,GB,ZONE 8,PL10
04,TILES UK,GB,ZONE 8,PL11
04,TILES UK,GB,ZONE 8,PL12
04,TILES UK,GB,ZONE 8,PL13
04,TILES UK,GB,ZONE 8,PL14
04,TILES UK,GB,ZONE 8,PL15
04,TILES UK,GB,ZONE 8,PL16
04,TILES UK,GB,ZONE 8,PL17
04,TILES UK,GB,ZONE 8,PL18
04,TILES UK,GB,ZONE 8,PL19
04,TILES UK,GB,ZONE 8,PL20
04,TILES UK,GB,ZONE 8,PL21
04,TILES UK,GB,ZONE 8,PL22
04,TILES UK,GB,ZONE 8,PL23
04,TILES UK,GB,ZONE 8,PL24
04,TILES UK,GB,ZONE 8,PL25
04,TILES UK,GB,ZONE 8,PL26
04,TILES UK,GB,ZONE 8,PL27
04,TILES UK,GB,ZONE 8,PL28
04,TILES UK,GB,ZONE 8,PL29
04,TILES UK,GB,ZONE 8,PL30
04,TILES UK,GB,ZONE 8,PL31
04,TILES UK,GB,ZONE 8,PL32
04,TILES UK,GB,ZONE 8,PL33
04,TILES UK,GB,ZONE 8,PL34
04,TILES UK,GB,ZONE 8,PL35
04,TILES UK,GB,ZONE 8,PL95
04,TILES UK,GB,ZONE 5,PO1
04,TILES UK,GB,ZONE 5,PO2
04,TILES UK,GB,ZONE 5,PO3
04,TILES UK,GB,ZONE 5,PO4
04,TILES UK,GB,ZONE 5,PO5
04,TILES UK,GB,ZONE 5,PO6
04,TILES UK,GB,ZONE 5,PO7
04,TILES UK,GB,ZONE 5,PO8
04,TILES UK,GB,ZONE 5,PO9
04,TILES UK,GB,ZONE 5,PO10
04,TILES UK,GB,ZONE 5,PO11
04,TILES UK,GB,ZONE 5,PO12
04,TILES UK,GB,ZONE 5,PO13
04,TILES UK,GB,ZONE 5,PO14
04,TILES UK,GB,ZONE 5,PO15
04,TILES UK,GB,ZONE 5,PO16
04,TILES UK,GB,ZONE 5,PO17
04,TILES UK,GB,ZONE 5,PO18
04,TILES UK,GB,ZONE 5,PO19
04,TILES UK,GB,ZONE 5,PO20
04,TILES UK,GB,ZONE 5,PO21
04,TILES UK,GB,ZONE 5,PO22
04,TILES UK,GB,LOCAL,PR0
04,TILES UK,GB,LOCAL,PR1
04,TILES UK,GB,LOCAL,PR2
04,TILES UK,GB,LOCAL,PR3
04,TILES UK,GB,LOCAL,PR4
04,TILES UK,GB,LOCAL,PR5
04,TILES UK,GB,LOCAL,PR6
04,TILES UK,GB,LOCAL,PR7
04,TILES UK,GB,LOCAL,PR8
04,TILES UK,GB,LOCAL,PR9
04,TILES UK,GB,LOCAL,PR11
04,TILES UK,GB,LOCAL,PR25
04,TILES UK,GB,LOCAL,PR26
04,TILES UK,GB,ZONE 2,RG1
04,TILES UK,GB,ZONE 2,RG2
04,TILES UK,GB,ZONE 2,RG4
04,TILES UK,GB,ZONE 2,RG5
04,TILES UK,GB,ZONE 2,RG6
04,TILES UK,GB,ZONE 2,RG7
04,TILES UK,GB,ZONE 2,RG8
04,TILES UK,GB,ZONE 2,RG9
04,TILES UK,GB,ZONE 2,RG10
04,TILES UK,GB,ZONE 2,RG12
04,TILES UK,GB,ZONE 2,RG14
04,TILES UK,GB,ZONE 2,RG17
04,TILES UK,GB,ZONE 2,RG18
04,TILES UK,GB,ZONE 2,RG19
04,TILES UK,GB,ZONE 2,RG20
04,TILES UK,GB,ZONE 2,RG21
04,TILES UK,GB,ZONE 2,RG22
04,TILES UK,GB,ZONE 2,RG23
04,TILES UK,GB,ZONE 2,RG24
04,TILES UK,GB,ZONE 2,RG25
04,TILES UK,GB,ZONE 2,RG26
04,TILES UK,GB,ZONE 2,RG27
04,TILES UK,GB,ZONE 2,RG28
04,TILES UK,GB,ZONE 2,RG29
04,TILES UK,GB,ZONE 2,RG30
04,TILES UK,GB,ZONE 2,RG31
04,TILES UK,GB,ZONE 2,RG40
04,TILES UK,GB,ZONE 2,RG41
04,TILES UK,GB,ZONE 2,RG42
04,TILES UK,GB,ZONE 2,RG45
04,TILES UK,GB,ZONE 2,RH1
04,TILES UK,GB,ZONE 2,RH2
04,TILES UK,GB,ZONE 2,RH3
04,TILES UK,GB,ZONE 2,RH4
04,TILES UK,GB,ZONE 2,RH5
04,TILES UK,GB,ZONE 2,RH6
04,TILES UK,GB,ZONE 2,RH7
04,TILES UK,GB,ZONE 2,RH8
04,TILES UK,GB,ZONE 2,RH9
04,TILES UK,GB,ZONE 2,RH10
04,TILES UK,GB,ZONE 2,RH11
04,TILES UK,GB,ZONE 2,RH12
04,TILES UK,GB,ZONE 2,RH13
04,TILES UK,GB,ZONE 2,RH14
04,TILES UK,GB,ZONE 2,RH15
04,TILES UK,GB,ZONE 2,RH16
04,TILES UK,GB,ZONE 2,RH17
04,TILES UK,GB,ZONE 2,RH18
04,TILES UK,GB,ZONE 2,RH19
04,TILES UK,GB,ZONE 2,RH20
04,TILES UK,GB,ZONE 2,RH77
04,TILES UK,GB,ZONE 4,RM1
04,TILES UK,GB,ZONE 4,RM2
04,TILES UK,GB,ZONE 4,RM3
04,TILES UK,GB,ZONE 4,RM4
04,TILES UK,GB,ZONE 4,RM5
04,TILES UK,GB,ZONE 4,RM6
04,TILES UK,GB,ZONE 4,RM7
04,TILES UK,GB,ZONE 4,RM8
04,TILES UK,GB,ZONE 4,RM9
04,TILES UK,GB,ZONE 4,RM10
04,TILES UK,GB,ZONE 4,RM11
04,TILES UK,GB,ZONE 4,RM12
04,TILES UK,GB,ZONE 4,RM13
04,TILES UK,GB,ZONE 4,RM14
04,TILES UK,GB,ZONE 4,RM15
04,TILES UK,GB,ZONE 4,RM16
04,TILES UK,GB,ZONE 4,RM17
04,TILES UK,GB,ZONE 4,RM18
04,TILES UK,GB,ZONE 4,RM19
04,TILES UK,GB,ZONE 4,RM20
04,TILES UK,GB,ZONE 4,RM50
04,TILES UK,GB,MIDLANDS,S1
04,TILES UK,GB,MIDLANDS,S2
04,TILES UK,GB,MIDLANDS,S3
04,TILES UK,GB,MIDLANDS,S4
04,TILES UK,GB,MIDLANDS,S5
04,TILES UK,GB,MIDLANDS,S6
04,TILES UK,GB,MIDLANDS,S7
04,TILES UK,GB,MIDLANDS,S8
04,TILES UK,GB,MIDLANDS,S9
04,TILES UK,GB,MIDLANDS,S10
04,TILES UK,GB,MIDLANDS,S11
04,TILES UK,GB,MIDLANDS,S12
04,TILES UK,GB,MIDLANDS,S13
04,TILES UK,GB,MIDLANDS,S14
04,TILES UK,GB,MIDLANDS,S17
04,TILES UK,GB,MIDLANDS,S18
04,TILES UK,GB,MIDLANDS,S20
04,TILES UK,GB,MIDLANDS,S21
04,TILES UK,GB,MIDLANDS,S25
04,TILES UK,GB,MIDLANDS,S26
04,TILES UK,GB,MIDLANDS,S32
04,TILES UK,GB,MIDLANDS,S33
04,TILES UK,GB,MIDLANDS,S35
04,TILES UK,GB,MIDLANDS,S36
04,TILES UK,GB,MIDLANDS,S40
04,TILES UK,GB,MIDLANDS,S41
04,TILES UK,GB,MIDLANDS,S42
04,TILES UK,GB,MIDLANDS,S43
04,TILES UK,GB,MIDLANDS,S44
04,TILES UK,GB,MIDLANDS,S45
04,TILES UK,GB,MIDLANDS,S49
04,TILES UK,GB,MIDLANDS,S60
04,TILES UK,GB,MIDLANDS,S61
04,TILES UK,GB,MIDLANDS,S62
04,TILES UK,GB,MIDLANDS,S63
04,TILES UK,GB,MIDLANDS,S64
04,TILES UK,GB,MIDLANDS,S65
04,TILES UK,GB,MIDLANDS,S66
04,TILES UK,GB,MIDLANDS,S70
04,TILES UK,GB,MIDLANDS,S71
04,TILES UK,GB,MIDLANDS,S72
04,TILES UK,GB,MIDLANDS,S73
04,TILES UK,GB,MIDLANDS,S74
04,TILES UK,GB,MIDLANDS,S75
04,TILES UK,GB,MIDLANDS,S80
04,TILES UK,GB,MIDLANDS,S81
04,TILES UK,GB,MIDLANDS,S96
04,TILES UK,GB,MIDLANDS,S97
04,TILES UK,GB,MIDLANDS,S98
04,TILES UK,GB,MIDLANDS,S99
04,TILES UK,GB,ZONE 8,SA1
04,TILES UK,GB,ZONE 8,SA2
04,TILES UK,GB,ZONE 8,SA3
04,TILES UK,GB,ZONE 8,SA4
04,TILES UK,GB,ZONE 8,SA5
04,TILES UK,GB,ZONE 8,SA6
04,TILES UK,GB,ZONE 8,SA7
04,TILES UK,GB,ZONE 8,SA8
04,TILES UK,GB,ZONE 8,SA9
04,TILES UK,GB,ZONE 8,SA10
04,TILES UK,GB,ZONE 8,SA11
04,TILES UK,GB,ZONE 8,SA12
04,TILES UK,GB,ZONE 8,SA13
04,TILES UK,GB,ZONE 8,SA14
04,TILES UK,GB,ZONE 8,SA15
04,TILES UK,GB,ZONE 8,SA16
04,TILES UK,GB,ZONE 8,SA17
04,TILES UK,GB,ZONE 8,SA18
04,TILES UK,GB,ZONE 8,SA19
04,TILES UK,GB,ZONE 8,SA20
04,TILES UK,GB,ZONE 8,SA31
04,TILES UK,GB,ZONE 8,SA32
04,TILES UK,GB,ZONE 8,SA33
04,TILES UK,GB,ZONE 8,SA34
04,TILES UK,GB,ZONE 8,SA35
04,TILES UK,GB,ZONE 8,SA36
04,TILES UK,GB,ZONE 8,SA37
04,TILES UK,GB,ZONE 8,SA38
04,TILES UK,GB,ZONE 8,SA39
04,TILES UK,GB,ZONE 8,SA40
04,TILES UK,GB,ZONE 8,SA41
04,TILES UK,GB,ZONE 8,SA42
04,TILES UK,GB,ZONE 8,SA43
04,TILES UK,GB,ZONE 8,SA44
04,TILES UK,GB,ZONE 8,SA45
04,TILES UK,GB,ZONE 8,SA46
04,TILES UK,GB,ZONE 8,SA47
04,TILES UK,GB,ZONE 8,SA48
04,TILES UK,GB,ZONE 8,SA61
04,TILES UK,GB,ZONE 8,SA62
04,TILES UK,GB,ZONE 8,SA63
04,TILES UK,GB,ZONE 8,SA64
04,TILES UK,GB,ZONE 8,SA65
04,TILES UK,GB,ZONE 8,SA66
04,TILES UK,GB,ZONE 8,SA67
04,TILES UK,GB,ZONE 8,SA68
04,TILES UK,GB,ZONE 8,SA69
04,TILES UK,GB,ZONE 8,SA70
04,TILES UK,GB,ZONE 8,SA71
04,TILES UK,GB,ZONE 8,SA72
04,TILES UK,GB,ZONE 8,SA73
04,TILES UK,GB,ZONE 8,SA80
04,TILES UK,GB,ZONE 8,SA99
04,TILES UK,GB,ZONE 3,SE1
04,TILES UK,GB,ZONE 3,SE2
04,TILES UK,GB,ZONE 3,SE3
04,TILES UK,GB,ZONE 3,SE4
04,TILES UK,GB,ZONE 3,SE5
04,TILES UK,GB,ZONE 3,SE6
04,TILES UK,GB,ZONE 3,SE7
04,TILES UK,GB,ZONE 3,SE8
04,TILES UK,GB,ZONE 3,SE9
04,TILES UK,GB,ZONE 3,SE10
04,TILES UK,GB,ZONE 3,SE11
04,TILES UK,GB,ZONE 3,SE12
04,TILES UK,GB,ZONE 3,SE13
04,TILES UK,GB,ZONE 3,SE14
04,TILES UK,GB,ZONE 3,SE15
04,TILES UK,GB,ZONE 3,SE16
04,TILES UK,GB,ZONE 3,SE17
04,TILES UK,GB,ZONE 3,SE18
04,TILES UK,GB,ZONE 3,SE19
04,TILES UK,GB,ZONE 3,SE20
04,TILES UK,GB,ZONE 3,SE21
04,TILES UK,GB,ZONE 3,SE22
04,TILES UK,GB,ZONE 3,SE23
04,TILES UK,GB,ZONE 3,SE24
04,TILES UK,GB,ZONE 3,SE25
04,TILES UK,GB,ZONE 3,SE26
04,TILES UK,GB,ZONE 3,SE27
04,TILES UK,GB,ZONE 3,SE28
04,TILES UK,GB,ZONE 1,SG1
04,TILES UK,GB,ZONE 1,SG2
04,TILES UK,GB,ZONE 1,SG3
04,TILES UK,GB,ZONE 1,SG4
04,TILES UK,GB,ZONE 1,SG5
04,TILES UK,GB,ZONE 1,SG6
04,TILES UK,GB,ZONE 1,SG7
04,TILES UK,GB,ZONE 1,SG8
04,TILES UK,GB,ZONE 1,SG9
04,TILES UK,GB,ZONE 1,SG10
04,TILES UK,GB,ZONE 1,SG11
04,TILES UK,GB,ZONE 1,SG12
04,TILES UK,GB,ZONE 1,SG13
04,TILES UK,GB,ZONE 1,SG14
04,TILES UK,GB,ZONE 1,SG15
04,TILES UK,GB,ZONE 1,SG16
04,TILES UK,GB,ZONE 1,SG17
04,TILES UK,GB,ZONE 1,SG18
04,TILES UK,GB,ZONE 1,SG19
04,TILES UK,GB,LOCAL,SK1
04,TILES UK,GB,LOCAL,SK2
04,TILES UK,GB,LOCAL,SK3
04,TILES UK,GB,LOCAL,SK4
04,TILES UK,GB,LOCAL,SK5
04,TILES UK,GB,LOCAL,SK6
04,TILES UK,GB,LOCAL,SK7
04,TILES UK,GB,LOCAL,SK8
04,TILES UK,GB,LOCAL,SK9
04,TILES UK,GB,LOCAL,SK10
04,TILES UK,GB,LOCAL,SK11
04,TILES UK,GB,LOCAL,SK12
04,TILES UK,GB,LOCAL,SK13
04,TILES UK,GB,LOCAL,SK14
04,TILES UK,GB,LOCAL,SK15
04,TILES UK,GB,LOCAL,SK16
04,TILES UK,GB,LOCAL,SK17
04,TILES UK,GB,LOCAL,SK22
04,TILES UK,GB,LOCAL,SK23
04,TILES UK,GB,ZONE 1,SL0
04,TILES UK,GB,ZONE 1,SL1
04,TILES UK,GB,ZONE 1,SL2
04,TILES UK,GB,ZONE 1,SL3
04,TILES UK,GB,ZONE 1,SL4
04,TILES UK,GB,ZONE 1,SL5
04,TILES UK,GB,ZONE 1,SL6
04,TILES UK,GB,ZONE 1,SL7
04,TILES UK,GB,ZONE 1,SL8
04,TILES UK,GB,ZONE 1,SL9
04,TILES UK,GB,ZONE 1,SL95
04,TILES UK,GB,ZONE 4,SM1
04,TILES UK,GB,ZONE 4,SM2
04,TILES UK,GB,ZONE 4,SM3
04,TILES UK,GB,ZONE 4,SM4
04,TILES UK,GB,ZONE 4,SM5
04,TILES UK,GB,ZONE 4,SM6
04,TILES UK,GB,ZONE 4,SM7
04,TILES UK,GB,ZONE 2,SN1
04,TILES UK,GB,ZONE 2,SN2
04,TILES UK,GB,ZONE 2,SN3
04,TILES UK,GB,ZONE 2,SN4
04,TILES UK,GB,ZONE 2,SN5
04,TILES UK,GB,ZONE 2,SN6
04,TILES UK,GB,ZONE 2,SN7
04,TILES UK,GB,ZONE 2,SN8
04,TILES UK,GB,ZONE 2,SN9
04,TILES UK,GB,ZONE 2,SN10
04,TILES UK,GB,ZONE 2,SN11
04,TILES UK,GB,ZONE 2,SN12
04,TILES UK,GB,ZONE 2,SN13
04,TILES UK,GB,ZONE 2,SN14
04,TILES UK,GB,ZONE 2,SN15
04,TILES UK,GB,ZONE 2,SN16
04,TILES UK,GB,ZONE 2,SN25
04,TILES UK,GB,ZONE 2,SN26
04,TILES UK,GB,ZONE 2,SN38
04,TILES UK,GB,ZONE 2,SN99
04,TILES UK,GB,ZONE 5,SO14
04,TILES UK,GB,ZONE 5,SO15
04,TILES UK,GB,ZONE 5,SO16
04,TILES UK,GB,ZONE 5,SO17
04,TILES UK,GB,ZONE 5,SO18
04,TILES UK,GB,ZONE 5,SO19
04,TILES UK,GB,ZONE 5,SO20
04,TILES UK,GB,ZONE 5,SO21
04,TILES UK,GB,ZONE 5,SO22
04,TILES UK,GB,ZONE 5,SO23
04,TILES UK,GB,ZONE 5,SO24
04,TILES UK,GB,ZONE 5,SO30
04,TILES UK,GB,ZONE 5,SO31
04,TILES UK,GB,ZONE 5,SO32
04,TILES UK,GB,ZONE 5,SO40
04,TILES UK,GB,ZONE 5,SO41
04,TILES UK,GB,ZONE 5,SO42
04,TILES UK,GB,ZONE 5,SO43
04,TILES UK,GB,ZONE 5,SO45
04,TILES UK,GB,ZONE 5,SO50
04,TILES UK,GB,ZONE 5,SO51
04,TILES UK,GB,ZONE 5,SO52
04,TILES UK,GB,ZONE 5,SO53
04,TILES UK,GB,ZONE 5,SO97
04,TILES UK,GB,ZONE 5,SP1
04,TILES UK,GB,ZONE 5,SP2
04,TILES UK,GB,ZONE 5,SP3
04,TILES UK,GB,ZONE 5,SP4
04,TILES UK,GB,ZONE 5,SP5
04,TILES UK,GB,ZONE 5,SP6
04,TILES UK,GB,ZONE 5,SP7
04,TILES UK,GB,ZONE 5,SP8
04,TILES UK,GB,ZONE 5,SP9
04,TILES UK,GB,ZONE 5,SP10
04,TILES UK,GB,ZONE 5,SP11
04,TILES UK,GB,ZONE 5,SR1
04,TILES UK,GB,ZONE 5,SR2
04,TILES UK,GB,ZONE 5,SR3
04,TILES UK,GB,ZONE 5,SR4
04,TILES UK,GB,ZONE 5,SR5
04,TILES UK,GB,ZONE 5,SR6
04,TILES UK,GB,ZONE 5,SR7
04,TILES UK,GB,ZONE 5,SR8
04,TILES UK,GB,ZONE 5,SR9
04,TILES UK,GB,ZONE 5,SS0
04,TILES UK,GB,ZONE 5,SS1
04,TILES UK,GB,ZONE 5,SS2
04,TILES UK,GB,ZONE 5,SS3
04,TILES UK,GB,ZONE 5,SS4
04,TILES UK,GB,ZONE 5,SS5
04,TILES UK,GB,ZONE 5,SS6
04,TILES UK,GB,ZONE 5,SS7
04,TILES UK,GB,ZONE 5,SS8
04,TILES UK,GB,ZONE 5,SS9
04,TILES UK,GB,ZONE 5,SS11
04,TILES UK,GB,ZONE 5,SS12
04,TILES UK,GB,ZONE 5,SS13
04,TILES UK,GB,ZONE 5,SS14
04,TILES UK,GB,ZONE 5,SS15
04,TILES UK,GB,ZONE 5,SS16
04,TILES UK,GB,ZONE 5,SS17
04,TILES UK,GB,ZONE 5,SS22
04,TILES UK,GB,ZONE 5,SS99
04,TILES UK,GB,MIDLANDS,ST1
04,TILES UK,GB,MIDLANDS,ST2
04,TILES UK,GB,MIDLANDS,ST3
04,TILES UK,GB,MIDLANDS,ST4
04,TILES UK,GB,MIDLANDS,ST5
04,TILES UK,GB,MIDLANDS,ST6
04,TILES UK,GB,MIDLANDS,ST7
04,TILES UK,GB,MIDLANDS,ST8
04,TILES UK,GB,MIDLANDS,ST9
04,TILES UK,GB,MIDLANDS,ST10
04,TILES UK,GB,MIDLANDS,ST11
04,TILES UK,GB,MIDLANDS,ST12
04,TILES UK,GB,MIDLANDS,ST13
04,TILES UK,GB,MIDLANDS,ST14
04,TILES UK,GB,MIDLANDS,ST15
04,TILES UK,GB,MIDLANDS,ST16
04,TILES UK,GB,MIDLANDS,ST17
04,TILES UK,GB,MIDLANDS,ST18
04,TILES UK,GB,MIDLANDS,ST19
04,TILES UK,GB,MIDLANDS,ST20
04,TILES UK,GB,MIDLANDS,ST21
04,TILES UK,GB,MIDLANDS,ST55
04,TILES UK,GB,ZONE 3,SW1A
04,TILES UK,GB,ZONE 3,SW1E
04,TILES UK,GB,ZONE 3,SW1H
04,TILES UK,GB,ZONE 3,SW1P
04,TILES UK,GB,ZONE 3,SW1V
04,TILES UK,GB,ZONE 3,SW1W
04,TILES UK,GB,ZONE 3,SW1X
04,TILES UK,GB,ZONE 3,SW1Y
04,TILES UK,GB,ZONE 3,SW2
04,TILES UK,GB,ZONE 3,SW3
04,TILES UK,GB,ZONE 3,SW4
04,TILES UK,GB,ZONE 3,SW5
04,TILES UK,GB,ZONE 3,SW6
04,TILES UK,GB,ZONE 3,SW7
04,TILES UK,GB,ZONE 3,SW8
04,TILES UK,GB,ZONE 3,SW9
04,TILES UK,GB,ZONE 3,SW10
04,TILES UK,GB,ZONE 3,SW11
04,TILES UK,GB,ZONE 3,SW12
04,TILES UK,GB,ZONE 3,SW13
04,TILES UK,GB,ZONE 3,SW14
04,TILES UK,GB,ZONE 3,SW15
04,TILES UK,GB,ZONE 3,SW16
04,TILES UK,GB,ZONE 3,SW17
04,TILES UK,GB,ZONE 3,SW18
04,TILES UK,GB,ZONE 3,SW19
04,TILES UK,GB,ZONE 3,SW20
04,TILES UK,GB,ZONE 3,SW95
04,TILES UK,GB,ZONE 3,SW99
04,TILES UK,GB,ZONE 7,SY1
04,TILES UK,GB,ZONE 7,SY2
04,TILES UK,GB,ZONE 7,SY3
04,TILES UK,GB,ZONE 7,SY4
04,TILES UK,GB,ZONE 7,SY5
04,TILES UK,GB,ZONE 7,SY6
04,TILES UK,GB,ZONE 7,SY7
04,TILES UK,GB,ZONE 7,SY8
04,TILES UK,GB,ZONE 7,SY9
04,TILES UK,GB,ZONE 7,SY10
04,TILES UK,GB,ZONE 7,SY11
04,TILES UK,GB,ZONE 7,SY12
04,TILES UK,GB,ZONE 7,SY13
04,TILES UK,GB,ZONE 7,SY14
04,TILES UK,GB,ZONE 7,SY15
04,TILES UK,GB,ZONE 7,SY16
04,TILES UK,GB,ZONE 7,SY17
04,TILES UK,GB,ZONE 7,SY18
04,TILES UK,GB,ZONE 7,SY19
04,TILES UK,GB,ZONE 7,SY20
04,TILES UK,GB,ZONE 7,SY21
04,TILES UK,GB,ZONE 7,SY22
04,TILES UK,GB,ZONE 7,SY23
04,TILES UK,GB,ZONE 7,SY24
04,TILES UK,GB,ZONE 7,SY25
04,TILES UK,GB,ZONE 7,SY99
04,TILES UK,GB,ZONE 6,TA1
04,TILES UK,GB,ZONE 6,TA2
04,TILES UK,GB,ZONE 6,TA3
04,TILES UK,GB,ZONE 6,TA4
04,TILES UK,GB,ZONE 6,TA5
04,TILES UK,GB,ZONE 6,TA6
04,TILES UK,GB,ZONE 6,TA7
04,TILES UK,GB,ZONE 6,TA8
04,TILES UK,GB,ZONE 6,TA9
04,TILES UK,GB,ZONE 6,TA10
04,TILES UK,GB,ZONE 6,TA11
04,TILES UK,GB,ZONE 6,TA12
04,TILES UK,GB,ZONE 6,TA13
04,TILES UK,GB,ZONE 6,TA14
04,TILES UK,GB,ZONE 6,TA15
04,TILES UK,GB,ZONE 6,TA16
04,TILES UK,GB,ZONE 6,TA17
04,TILES UK,GB,ZONE 6,TA18
04,TILES UK,GB,ZONE 6,TA19
04,TILES UK,GB,ZONE 6,TA20
04,TILES UK,GB,ZONE 6,TA21
04,TILES UK,GB,ZONE 6,TA22
04,TILES UK,GB,ZONE 6,TA23
04,TILES UK,GB,ZONE 6,TA24
04,TILES UK,GB,ZONE 1,TF1
04,TILES UK,GB,ZONE 1,TF2
04,TILES UK,GB,ZONE 1,TF3
04,TILES UK,GB,ZONE 1,TF4
04,TILES UK,GB,ZONE 1,TF5
04,TILES UK,GB,ZONE 1,TF6
04,TILES UK,GB,ZONE 1,TF7
04,TILES UK,GB,ZONE 1,TF8
04,TILES UK,GB,ZONE 1,TF9
04,TILES UK,GB,ZONE 1,TF10
04,TILES UK,GB,ZONE 1,TF11
04,TILES UK,GB,ZONE 1,TF12
04,TILES UK,GB,ZONE 1,TF13
04,TILES UK,GB,ZONE 5,TN1
04,TILES UK,GB,ZONE 5,TN2
04,TILES UK,GB,ZONE 5,TN3
04,TILES UK,GB,ZONE 5,TN4
04,TILES UK,GB,ZONE 5,TN5
04,TILES UK,GB,ZONE 5,TN6
04,TILES UK,GB,ZONE 5,TN7
04,TILES UK,GB,ZONE 5,TN8
04,TILES UK,GB,ZONE 5,TN9
04,TILES UK,GB,ZONE 5,TN10
04,TILES UK,GB,ZONE 5,TN11
04,TILES UK,GB,ZONE 5,TN12
04,TILES UK,GB,ZONE 5,TN13
04,TILES UK,GB,ZONE 5,TN14
04,TILES UK,GB,ZONE 5,TN15
04,TILES UK,GB,ZONE 5,TN16
04,TILES UK,GB,ZONE 5,TN17
04,TILES UK,GB,ZONE 5,TN18
04,TILES UK,GB,ZONE 5,TN19
04,TILES UK,GB,ZONE 5,TN20
04,TILES UK,GB,ZONE 5,TN21
04,TILES UK,GB,ZONE 5,TN22
04,TILES UK,GB,ZONE 5,TN23
04,TILES UK,GB,ZONE 5,TN24
04,TILES UK,GB,ZONE 5,TN25
04,TILES UK,GB,ZONE 5,TN26
04,TILES UK,GB,ZONE 5,TN27
04,TILES UK,GB,ZONE 5,TN28
04,TILES UK,GB,ZONE 5,TN29
04,TILES UK,GB,ZONE 5,TN30
04,TILES UK,GB,ZONE 5,TN31
04,TILES UK,GB,ZONE 5,TN32
04,TILES UK,GB,ZONE 5,TN33
04,TILES UK,GB,ZONE 5,TN34
04,TILES UK,GB,ZONE 5,TN35
04,TILES UK,GB,ZONE 5,TN36
04,TILES UK,GB,ZONE 5,TN37
04,TILES UK,GB,ZONE 5,TN38
04,TILES UK,GB,ZONE 5,TN39
04,TILES UK,GB,ZONE 5,TN40
04,TILES UK,GB,ZONE 8,TQ1
04,TILES UK,GB,ZONE 8,TQ2
04,TILES UK,GB,ZONE 8,TQ3
04,TILES UK,GB,ZONE 8,TQ4
04,TILES UK,GB,ZONE 8,TQ5
04,TILES UK,GB,ZONE 8,TQ6
04,TILES UK,GB,ZONE 8,TQ7
04,TILES UK,GB,ZONE 8,TQ8
04,TILES UK,GB,ZONE 8,TQ9
04,TILES UK,GB,ZONE 8,TQ10
04,TILES UK,GB,ZONE 8,TQ11
04,TILES UK,GB,ZONE 8,TQ12
04,TILES UK,GB,ZONE 8,TQ13
04,TILES UK,GB,ZONE 8,TQ14
04,TILES UK,GB,ZONE 8,TR1
04,TILES UK,GB,ZONE 8,TR2
04,TILES UK,GB,ZONE 8,TR3
04,TILES UK,GB,ZONE 8,TR4
04,TILES UK,GB,ZONE 8,TR5
04,TILES UK,GB,ZONE 8,TR6
04,TILES UK,GB,ZONE 8,TR7
04,TILES UK,GB,ZONE 8,TR8
04,TILES UK,GB,ZONE 8,TR9
04,TILES UK,GB,ZONE 8,TR10
04,TILES UK,GB,ZONE 8,TR11
04,TILES UK,GB,ZONE 8,TR12
04,TILES UK,GB,ZONE 8,TR13
04,TILES UK,GB,ZONE 8,TR14
04,TILES UK,GB,ZONE 8,TR15
04,TILES UK,GB,ZONE 8,TR16
04,TILES UK,GB,ZONE 8,TR17
04,TILES UK,GB,ZONE 8,TR18
04,TILES UK,GB,ZONE 8,TR19
04,TILES UK,GB,ZONE 8,TR20
04,TILES UK,GB,ZONE 8,TR21
04,TILES UK,GB,ZONE 8,TR22
04,TILES UK,GB,ZONE 8,TR23
04,TILES UK,GB,ZONE 8,TR24
04,TILES UK,GB,ZONE 8,TR25
04,TILES UK,GB,ZONE 8,TR26
04,TILES UK,GB,ZONE 8,TR27
04,TILES UK,GB,ZONE 8,TR93
04,TILES UK,GB,ZONE 5,TS1
04,TILES UK,GB,ZONE 5,TS2
04,TILES UK,GB,ZONE 5,TS3
04,TILES UK,GB,ZONE 5,TS4
04,TILES UK,GB,ZONE 5,TS5
04,TILES UK,GB,ZONE 5,TS6
04,TILES UK,GB,ZONE 5,TS7
04,TILES UK,GB,ZONE 5,TS8
04,TILES UK,GB,ZONE 5,TS9
04,TILES UK,GB,ZONE 5,TS10
04,TILES UK,GB,ZONE 5,TS11
04,TILES UK,GB,ZONE 5,TS12
04,TILES UK,GB,ZONE 5,TS13
04,TILES UK,GB,ZONE 5,TS14
04,TILES UK,GB,ZONE 5,TS15
04,TILES UK,GB,ZONE 5,TS16
04,TILES UK,GB,ZONE 5,TS17
04,TILES UK,GB,ZONE 5,TS18
04,TILES UK,GB,ZONE 5,TS19
04,TILES UK,GB,ZONE 5,TS20
04,TILES UK,GB,ZONE 5,TS21
04,TILES UK,GB,ZONE 5,TS22
04,TILES UK,GB,ZONE 5,TS23
04,TILES UK,GB,ZONE 5,TS24
04,TILES UK,GB,ZONE 5,TS25
04,TILES UK,GB,ZONE 5,TS26
04,TILES UK,GB,ZONE 5,TS27
04,TILES UK,GB,ZONE 5,TS28
04,TILES UK,GB,ZONE 5,TS29
04,TILES UK,GB,ZONE 5,TS90
04,TILES UK,GB,ZONE 4,TW1
04,TILES UK,GB,ZONE 4,TW2
04,TILES UK,GB,ZONE 4,TW3
04,TILES UK,GB,ZONE 4,TW4
04,TILES UK,GB,ZONE 4,TW5
04,TILES UK,GB,ZONE 4,TW6
04,TILES UK,GB,ZONE 4,TW7
04,TILES UK,GB,ZONE 4,TW8
04,TILES UK,GB,ZONE 4,TW9
04,TILES UK,GB,ZONE 4,TW10
04,TILES UK,GB,ZONE 4,TW11
04,TILES UK,GB,ZONE 4,TW12
04,TILES UK,GB,ZONE 4,TW13
04,TILES UK,GB,ZONE 4,TW14
04,TILES UK,GB,ZONE 4,TW15
04,TILES UK,GB,ZONE 4,TW16
04,TILES UK,GB,ZONE 4,TW17
04,TILES UK,GB,ZONE 4,TW18
04,TILES UK,GB,ZONE 4,TW19
04,TILES UK,GB,ZONE 4,TW20
04,TILES UK,GB,ZONE 4,UB1
04,TILES UK,GB,ZONE 4,UB2
04,TILES UK,GB,ZONE 4,UB3
04,TILES UK,GB,ZONE 4,UB4
04,TILES UK,GB,ZONE 4,UB5
04,TILES UK,GB,ZONE 4,UB6
04,TILES UK,GB,ZONE 4,UB7
04,TILES UK,GB,ZONE 4,UB8
04,TILES UK,GB,ZONE 4,UB9
04,TILES UK,GB,ZONE 4,UB10
04,TILES UK,GB,ZONE 4,UB11
04,TILES UK,GB,ZONE 4,UB18
04,TILES UK,GB,ZONE 3,W1A
04,TILES UK,GB,ZONE 3,W1B
04,TILES UK,GB,ZONE 3,W1C
04,TILES UK,GB,ZONE 3,W1D
04,TILES UK,GB,ZONE 3,W1F
04,TILES UK,GB,ZONE 3,W1G
04,TILES UK,GB,ZONE 3,W1H
04,TILES UK,GB,ZONE 3,W1J
04,TILES UK,GB,ZONE 3,W1K
04,TILES UK,GB,ZONE 3,W1S
04,TILES UK,GB,ZONE 3,W1T
04,TILES UK,GB,ZONE 3,W1U
04,TILES UK,GB,ZONE 3,W1W
04,TILES UK,GB,ZONE 3,W2
04,TILES UK,GB,ZONE 3,W3
04,TILES UK,GB,ZONE 3,W4
04,TILES UK,GB,ZONE 3,W5
04,TILES UK,GB,ZONE 3,W6
04,TILES UK,GB,ZONE 3,W7
04,TILES UK,GB,ZONE 3,W8
04,TILES UK,GB,ZONE 3,W9
04,TILES UK,GB,ZONE 3,W10
04,TILES UK,GB,ZONE 3,W11
04,TILES UK,GB,ZONE 3,W12
04,TILES UK,GB,ZONE 3,W13
04,TILES UK,GB,ZONE 3,W14
04,TILES UK,GB,WARRINGTON,WA1
04,TILES UK,GB,WARRINGTON,WA2
04,TILES UK,GB,WARRINGTON,WA3
04,TILES UK,GB,WARRINGTON,WA4
04,TILES UK,GB,WARRINGTON,WA5
04,TILES UK,GB,WARRINGTON,WA6
04,TILES UK,GB,WARRINGTON,WA7
04,TILES UK,GB,WARRINGTON,WA8
04,TILES UK,GB,WARRINGTON,WA9
04,TILES UK,GB,WARRINGTON,WA10
04,TILES UK,GB,WARRINGTON,WA11
04,TILES UK,GB,WARRINGTON,WA12
04,TILES UK,GB,WARRINGTON,WA13
04,TILES UK,GB,WARRINGTON,WA14
04,TILES UK,GB,WARRINGTON,WA15
04,TILES UK,GB,WARRINGTON,WA16
04,TILES UK,GB,WARRINGTON,WA55
04,TILES UK,GB,WARRINGTON,WA88
04,TILES UK,GB,ZONE 3,WC1A
04,TILES UK,GB,ZONE 3,WC1B
04,TILES UK,GB,ZONE 3,WC1E
04,TILES UK,GB,ZONE 3,WC1H
04,TILES UK,GB,ZONE 3,WC1N
04,TILES UK,GB,ZONE 3,WC1R
04,TILES UK,GB,ZONE 3,WC1V
04,TILES UK,GB,ZONE 3,WC1X
04,TILES UK,GB,ZONE 3,WC2A
04,TILES UK,GB,ZONE 3,WC2B
04,TILES UK,GB,ZONE 3,WC2E
04,TILES UK,GB,ZONE 3,WC2H
04,TILES UK,GB,ZONE 3,WC2N
04,TILES UK,GB,ZONE 3,WC2R
04,TILES UK,GB,ZONE 1,WD3
04,TILES UK,GB,ZONE 1,WD4
04,TILES UK,GB,ZONE 1,WD5
04,TILES UK,GB,ZONE 1,WD6
04,TILES UK,GB,ZONE 1,WD7
04,TILES UK,GB,ZONE 1,WD17
04,TILES UK,GB,ZONE 1,WD18
04,TILES UK,GB,ZONE 1,WD19
04,TILES UK,GB,ZONE 1,WD23
04,TILES UK,GB,ZONE 1,WD24
04,TILES UK,GB,ZONE 1,WD25
04,TILES UK,GB,MIDLANDS,WF1
04,TILES UK,GB,MIDLANDS,WF2
04,TILES UK,GB,MIDLANDS,WF3
04,TILES UK,GB,MIDLANDS,WF4
04,TILES UK,GB,MIDLANDS,WF5
04,TILES UK,GB,MIDLANDS,WF6
04,TILES UK,GB,MIDLANDS,WF7
04,TILES UK,GB,MIDLANDS,WF8
04,TILES UK,GB,MIDLANDS,WF9
04,TILES UK,GB,MIDLANDS,WF10
04,TILES UK,GB,MIDLANDS,WF11
04,TILES UK,GB,MIDLANDS,WF12
04,TILES UK,GB,MIDLANDS,WF13
04,TILES UK,GB,MIDLANDS,WF14
04,TILES UK,GB,MIDLANDS,WF15
04,TILES UK,GB,MIDLANDS,WF16
04,TILES UK,GB,MIDLANDS,WF17
04,TILES UK,GB,LOCAL,WN1
04,TILES UK,GB,LOCAL,WN2
04,TILES UK,GB,LOCAL,WN3
04,TILES UK,GB,LOCAL,WN4
04,TILES UK,GB,LOCAL,WN5
04,TILES UK,GB,LOCAL,WN6
04,TILES UK,GB,LOCAL,WN7
04,TILES UK,GB,LOCAL,WN8
04,TILES UK,GB,ZONE 1,WR1
04,TILES UK,GB,ZONE 1,WR2
04,TILES UK,GB,ZONE 1,WR3
04,TILES UK,GB,ZONE 1,WR4
04,TILES UK,GB,ZONE 1,WR5
04,TILES UK,GB,ZONE 1,WR6
04,TILES UK,GB,ZONE 1,WR7
04,TILES UK,GB,ZONE 1,WR8
04,TILES UK,GB,ZONE 1,WR9
04,TILES UK,GB,ZONE 1,WR10
04,TILES UK,GB,ZONE 1,WR11
04,TILES UK,GB,ZONE 1,WR12
04,TILES UK,GB,ZONE 1,WR13
04,TILES UK,GB,ZONE 1,WR14
04,TILES UK,GB,ZONE 1,WR15
04,TILES UK,GB,ZONE 1,WR78
04,TILES UK,GB,ZONE 1,WR99
04,TILES UK,GB,MIDLANDS,WS1
04,TILES UK,GB,MIDLANDS,WS2
04,TILES UK,GB,MIDLANDS,WS3
04,TILES UK,GB,MIDLANDS,WS4
04,TILES UK,GB,MIDLANDS,WS5
04,TILES UK,GB,MIDLANDS,WS6
04,TILES UK,GB,MIDLANDS,WS7
04,TILES UK,GB,MIDLANDS,WS8
04,TILES UK,GB,MIDLANDS,WS9
04,TILES UK,GB,MIDLANDS,WS10
04,TILES UK,GB,MIDLANDS,WS11
04,TILES UK,GB,MIDLANDS,WS12
04,TILES UK,GB,MIDLANDS,WS13
04,TILES UK,GB,MIDLANDS,WS14
04,TILES UK,GB,MIDLANDS,WS15
04,TILES UK,GB,MIDLANDS,WV1
04,TILES UK,GB,MIDLANDS,WV2
04,TILES UK,GB,MIDLANDS,WV3
04,TILES UK,GB,MIDLANDS,WV4
04,TILES UK,GB,MIDLANDS,WV5
04,TILES UK,GB,MIDLANDS,WV6
04,TILES UK,GB,MIDLANDS,WV7
04,TILES UK,GB,MIDLANDS,WV8
04,TILES UK,GB,MIDLANDS,WV9
04,TILES UK,GB,MIDLANDS,WV10
04,TILES UK,GB,MIDLANDS,WV11
04,TILES UK,GB,MIDLANDS,WV12
04,TILES UK,GB,MIDLANDS,WV13
04,TILES UK,GB,MIDLANDS,WV14
04,TILES UK,GB,MIDLANDS,WV15
04,TILES UK,GB,MIDLANDS,WV16
04,TILES UK,GB,ZONE 5,YO1
04,TILES UK,GB,ZONE 5,YO7
04,TILES UK,GB,ZONE 5,YO8
04,TILES UK,GB,ZONE 5,YO10
04,TILES UK,GB,ZONE 5,YO11
04,TILES UK,GB,ZONE 5,YO12
04,TILES UK,GB,ZONE 5,YO13
04,TILES UK,GB,ZONE 5,YO14
04,TILES UK,GB,ZONE 5,YO15
04,TILES UK,GB,ZONE 5,YO16
04,TILES UK,GB,ZONE 5,YO17
04,TILES UK,GB,ZONE 5,YO18
04,TILES UK,GB,ZONE 5,YO19
04,TILES UK,GB,ZONE 5,YO21
04,TILES UK,GB,ZONE 5,YO22
04,TILES UK,GB,ZONE 5,YO23
04,TILES UK,GB,ZONE 5,YO24
04,TILES UK,GB,ZONE 5,YO25
04,TILES UK,GB,ZONE 5,YO26
04,TILES UK,GB,ZONE 5,YO30
04,TILES UK,GB,ZONE 5,YO31
04,TILES UK,GB,ZONE 5,YO32
04,TILES UK,GB,ZONE 5,YO41
04,TILES UK,GB,ZONE 5,YO42
04,TILES UK,GB,ZONE 5,YO43
04,TILES UK,GB,ZONE 5,YO51
04,TILES UK,GB,ZONE 5,YO60
04,TILES UK,GB,ZONE 5,YO61
04,TILES UK,GB,ZONE 5,YO62
04,TILES UK,GB,ZONE 5,YO90
04,TILES UK,GB,ZONE 5,YO91
04,TILES UK,GB,ZONE 5,YO95
04,TILES UK,GB,SCO 4,AB10
04,TILES UK,GB,SCO 4,AB11
04,TILES UK,GB,SCO 4,AB12
04,TILES UK,GB,SCO 4,AB13
04,TILES UK,GB,SCO 4,AB14
04,TILES UK,GB,SCO 4,AB15
04,TILES UK,GB,SCO 4,AB16
04,TILES UK,GB,SCO 4,AB21
04,TILES UK,GB,SCO 4,AB22
04,TILES UK,GB,SCO 4,AB23
04,TILES UK,GB,SCO 4,AB24
04,TILES UK,GB,SCO 4,AB25
04,TILES UK,GB,SCO 5,AB30
04,TILES UK,GB,SCO 5,AB31
04,TILES UK,GB,SCO 5,AB32
04,TILES UK,GB,SCO 5,AB33
04,TILES UK,GB,SCO 5,AB34
04,TILES UK,GB,SCO 5,AB35
04,TILES UK,GB,SCO 5,AB36
04,TILES UK,GB,SCO 5,AB37
04,TILES UK,GB,SCO 5,AB38
04,TILES UK,GB,SCO 5,AB39
04,TILES UK,GB,SCO 5,AB41
04,TILES UK,GB,SCO 5,AB42
04,TILES UK,GB,SCO 5,AB43
04,TILES UK,GB,SCO 5,AB44
04,TILES UK,GB,SCO 5,AB45
04,TILES UK,GB,SCO 5,AB51
04,TILES UK,GB,SCO 5,AB52
04,TILES UK,GB,SCO 5,AB53
04,TILES UK,GB,SCO 5,AB54
04,TILES UK,GB,SCO 5,AB55
04,TILES UK,GB,SCO 5,AB56
04,TILES UK,GB,SCO 5,AB99
04,TILES UK,GB,SCO 4,DD1
04,TILES UK,GB,SCO 4,DD2
04,TILES UK,GB,SCO 4,DD3
04,TILES UK,GB,SCO 4,DD4
04,TILES UK,GB,SCO 4,DD5
04,TILES UK,GB,SCO 4,DD6
04,TILES UK,GB,SCO 4,DD7
04,TILES UK,GB,SCO 4,DD8
04,TILES UK,GB,SCO 4,DD9
04,TILES UK,GB,SCO 4,DD10
04,TILES UK,GB,SCO 4,DD11
04,TILES UK,GB,SCO 3,DG1
04,TILES UK,GB,SCO 3,DG2
04,TILES UK,GB,SCO 3,DG3
04,TILES UK,GB,SCO 3,DG4
04,TILES UK,GB,SCO 3,DG5
04,TILES UK,GB,SCO 3,DG6
04,TILES UK,GB,SCO 3,DG7
04,TILES UK,GB,SCO 3,DG8
04,TILES UK,GB,SCO 3,DG9
04,TILES UK,GB,SCO 3,DG10
04,TILES UK,GB,SCO 3,DG11
04,TILES UK,GB,SCO 3,DG12
04,TILES UK,GB,SCO 3,DG13
04,TILES UK,GB,SCO 3,DG14
04,TILES UK,GB,SCO 3,DG16
04,TILES UK,GB,SCO 1,EH1
04,TILES UK,GB,SCO 1,EH2
04,TILES UK,GB,SCO 1,EH3
04,TILES UK,GB,SCO 1,EH4
04,TILES UK,GB,SCO 1,EH5
04,TILES UK,GB,SCO 1,EH6
04,TILES UK,GB,SCO 1,EH7
04,TILES UK,GB,SCO 1,EH8
04,TILES UK,GB,SCO 1,EH9
04,TILES UK,GB,SCO 1,EH10
04,TILES UK,GB,SCO 1,EH11
04,TILES UK,GB,SCO 1,EH12
04,TILES UK,GB,SCO 1,EH13
04,TILES UK,GB,SCO 1,EH14
04,TILES UK,GB,SCO 1,EH15
04,TILES UK,GB,SCO 1,EH16
04,TILES UK,GB,SCO 1,EH17
04,TILES UK,GB,SCO 1,EH18
04,TILES UK,GB,SCO 1,EH19
04,TILES UK,GB,SCO 1,EH20
04,TILES UK,GB,SCO 1,EH21
04,TILES UK,GB,SCO 1,EH22
04,TILES UK,GB,SCO 1,EH23
04,TILES UK,GB,SCO 1,EH24
04,TILES UK,GB,SCO 1,EH25
04,TILES UK,GB,SCO 1,EH26
04,TILES UK,GB,SCO 1,EH27
04,TILES UK,GB,SCO 1,EH28
04,TILES UK,GB,SCO 1,EH29
04,TILES UK,GB,SCO 1,EH30
04,TILES UK,GB,SCO 1,EH31
04,TILES UK,GB,SCO 1,EH32
04,TILES UK,GB,SCO 1,EH33
04,TILES UK,GB,SCO 1,EH34
04,TILES UK,GB,SCO 1,EH35
04,TILES UK,GB,SCO 1,EH36
04,TILES UK,GB,SCO 1,EH37
04,TILES UK,GB,SCO 1,EH38
04,TILES UK,GB,SCO 1,EH39
04,TILES UK,GB,SCO 1,EH40
04,TILES UK,GB,SCO 1,EH41
04,TILES UK,GB,SCO 1,EH42
04,TILES UK,GB,SCO 1,EH43
04,TILES UK,GB,SCO 1,EH44
04,TILES UK,GB,SCO 1,EH45
04,TILES UK,GB,SCO 1,EH46
04,TILES UK,GB,SCO 1,EH47
04,TILES UK,GB,SCO 1,EH48
04,TILES UK,GB,SCO 1,EH49
04,TILES UK,GB,SCO 1,EH51
04,TILES UK,GB,SCO 1,EH52
04,TILES UK,GB,SCO 1,EH53
04,TILES UK,GB,SCO 1,EH54
04,TILES UK,GB,SCO 1,EH55
04,TILES UK,GB,SCO 1,EH91
04,TILES UK,GB,SCO 1,EH95
04,TILES UK,GB,SCO 1,EH99
04,TILES UK,GB,SCO 1,FK1
04,TILES UK,GB,SCO 1,FK2
04,TILES UK,GB,SCO 1,FK3
04,TILES UK,GB,SCO 1,FK4
04,TILES UK,GB,SCO 1,FK5
04,TILES UK,GB,SCO 1,FK6
04,TILES UK,GB,SCO 1,FK7
04,TILES UK,GB,SCO 1,FK8
04,TILES UK,GB,SCO 1,FK9
04,TILES UK,GB,SCO 1,FK10
04,TILES UK,GB,SCO 1,FK11
04,TILES UK,GB,SCO 1,FK12
04,TILES UK,GB,SCO 1,FK13
04,TILES UK,GB,SCO 1,FK14
04,TILES UK,GB,SCO 1,FK15
04,TILES UK,GB,SCO 1,FK16
04,TILES UK,GB,SCO 1,FK17
04,TILES UK,GB,SCO 1,FK18
04,TILES UK,GB,SCO 1,FK19
04,TILES UK,GB,SCO 1,FK20
04,TILES UK,GB,SCO 1,FK21
04,TILES UK,GB,SCO 1,G1
04,TILES UK,GB,SCO 1,G2
04,TILES UK,GB,SCO 1,G3
04,TILES UK,GB,SCO 1,G4
04,TILES UK,GB,SCO 1,G5
04,TILES UK,GB,SCO 1,G9
04,TILES UK,GB,SCO 1,G11
04,TILES UK,GB,SCO 1,G12
04,TILES UK,GB,SCO 1,G13
04,TILES UK,GB,SCO 1,G14
04,TILES UK,GB,SCO 1,G15
04,TILES UK,GB,SCO 1,G20
04,TILES UK,GB,SCO 1,G21
04,TILES UK,GB,SCO 1,G22
04,TILES UK,GB,SCO 1,G23
04,TILES UK,GB,SCO 1,G31
04,TILES UK,GB,SCO 1,G32
04,TILES UK,GB,SCO 1,G33
04,TILES UK,GB,SCO 1,G34
04,TILES UK,GB,SCO 1,G40
04,TILES UK,GB,SCO 1,G41
04,TILES UK,GB,SCO 1,G42
04,TILES UK,GB,SCO 1,G43
04,TILES UK,GB,SCO 1,G44
04,TILES UK,GB,SCO 1,G45
04,TILES UK,GB,SCO 1,G46
04,TILES UK,GB,SCO 1,G51
04,TILES UK,GB,SCO 1,G52
04,TILES UK,GB,SCO 1,G53
04,TILES UK,GB,SCO 1,G58
04,TILES UK,GB,SCO 1,G60
04,TILES UK,GB,SCO 1,G61
04,TILES UK,GB,SCO 1,G62
04,TILES UK,GB,SCO 1,G63
04,TILES UK,GB,SCO 1,G64
04,TILES UK,GB,SCO 1,G65
04,TILES UK,GB,SCO 1,G66
04,TILES UK,GB,SCO 1,G67
04,TILES UK,GB,SCO 1,G68
04,TILES UK,GB,SCO 1,G69
04,TILES UK,GB,SCO 1,G70
04,TILES UK,GB,SCO 1,G71
04,TILES UK,GB,SCO 1,G72
04,TILES UK,GB,SCO 1,G73
04,TILES UK,GB,SCO 1,G74
04,TILES UK,GB,SCO 1,G75
04,TILES UK,GB,SCO 1,G76
04,TILES UK,GB,SCO 1,G77
04,TILES UK,GB,SCO 1,G78
04,TILES UK,GB,SCO 1,G79
04,TILES UK,GB,SCO 1,G81
04,TILES UK,GB,SCO 1,G82
04,TILES UK,GB,SCO 1,G83
04,TILES UK,GB,SCO 1,G84
04,TILES UK,GB,SCO 1,G90
04,TILES UK,GB,SCO 6,HS1
04,TILES UK,GB,SCO 6,HS2
04,TILES UK,GB,SCO 6,HS3
04,TILES UK,GB,SCO 6,HS4
04,TILES UK,GB,SCO 6,HS5
04,TILES UK,GB,SCO 6,HS6
04,TILES UK,GB,SCO 6,HS7
04,TILES UK,GB,SCO 6,HS8
04,TILES UK,GB,SCO 6,HS9
04,TILES UK,GB,SCO 4,IV1
04,TILES UK,GB,SCO 4,IV2
04,TILES UK,GB,SCO 4,IV3
04,TILES UK,GB,SCO 5,IV4
04,TILES UK,GB,SCO 5,IV5
04,TILES UK,GB,SCO 5,IV6
04,TILES UK,GB,SCO 5,IV7
04,TILES UK,GB,SCO 5,IV8
04,TILES UK,GB,SCO 5,IV9
04,TILES UK,GB,SCO 5,IV10
04,TILES UK,GB,SCO 5,IV11
04,TILES UK,GB,SCO 5,IV12
04,TILES UK,GB,SCO 5,IV13
04,TILES UK,GB,SCO 5,IV14
04,TILES UK,GB,SCO 5,IV15
04,TILES UK,GB,SCO 5,IV16
04,TILES UK,GB,SCO 5,IV17
04,TILES UK,GB,SCO 5,IV18
04,TILES UK,GB,SCO 5,IV19
04,TILES UK,GB,SCO 5,IV20
04,TILES UK,GB,SCO 5,IV21
04,TILES UK,GB,SCO 5,IV22
04,TILES UK,GB,SCO 5,IV23
04,TILES UK,GB,SCO 5,IV24
04,TILES UK,GB,SCO 5,IV25
04,TILES UK,GB,SCO 5,IV26
04,TILES UK,GB,SCO 5,IV27
04,TILES UK,GB,SCO 5,IV28
04,TILES UK,GB,SCO 5,IV30
04,TILES UK,GB,SCO 5,IV31
04,TILES UK,GB,SCO 5,IV32
04,TILES UK,GB,SCO 5,IV36
04,TILES UK,GB,SCO 5,IV40
04,TILES UK,GB,SCO 6,IV41
04,TILES UK,GB,SCO 6,IV42
04,TILES UK,GB,SCO 6,IV43
04,TILES UK,GB,SCO 6,IV44
04,TILES UK,GB,SCO 6,IV45
04,TILES UK,GB,SCO 6,IV46
04,TILES UK,GB,SCO 6,IV47
04,TILES UK,GB,SCO 6,IV48
04,TILES UK,GB,SCO 6,IV49
04,TILES UK,GB,SCO 6,IV51
04,TILES UK,GB,SCO 5,IV52
04,TILES UK,GB,SCO 5,IV53
04,TILES UK,GB,SCO 5,IV54
04,TILES UK,GB,SCO 6,IV55
04,TILES UK,GB,SCO 6,IV56
04,TILES UK,GB,SCO 5,IV63
04,TILES UK,GB,SCO 4,IV99
04,TILES UK,GB,SCO 1,KA1
04,TILES UK,GB,SCO 1,KA2
04,TILES UK,GB,SCO 1,KA3
04,TILES UK,GB,SCO 1,KA4
04,TILES UK,GB,SCO 1,KA5
04,TILES UK,GB,SCO 1,KA6
04,TILES UK,GB,SCO 1,KA7
04,TILES UK,GB,SCO 1,KA8
04,TILES UK,GB,SCO 1,KA9
04,TILES UK,GB,SCO 1,KA10
04,TILES UK,GB,SCO 1,KA11
04,TILES UK,GB,SCO 1,KA12
04,TILES UK,GB,SCO 1,KA13
04,TILES UK,GB,SCO 1,KA14
04,TILES UK,GB,SCO 1,KA15
04,TILES UK,GB,SCO 1,KA16
04,TILES UK,GB,SCO 1,KA17
04,TILES UK,GB,SCO 1,KA18
04,TILES UK,GB,SCO 1,KA19
04,TILES UK,GB,SCO 1,KA20
04,TILES UK,GB,SCO 1,KA21
04,TILES UK,GB,SCO 1,KA22
04,TILES UK,GB,SCO 1,KA23
04,TILES UK,GB,SCO 1,KA24
04,TILES UK,GB,SCO 1,KA25
04,TILES UK,GB,SCO 1,KA26
04,TILES UK,GB,SCO 6,KA27
04,TILES UK,GB,SCO 6,KA28
04,TILES UK,GB,SCO 1,KA29
04,TILES UK,GB,SCO 1,KA30
04,TILES UK,GB,SCO 5,KW1
04,TILES UK,GB,SCO 5,KW2
04,TILES UK,GB,SCO 5,KW3
04,TILES UK,GB,SCO 5,KW5
04,TILES UK,GB,SCO 5,KW6
04,TILES UK,GB,SCO 5,KW7
04,TILES UK,GB,SCO 5,KW8
04,TILES UK,GB,SCO 5,KW9
04,TILES UK,GB,SCO 5,KW10
04,TILES UK,GB,SCO 5,KW11
04,TILES UK,GB,SCO 5,KW12
04,TILES UK,GB,SCO 5,KW13
04,TILES UK,GB,SCO 5,KW14
04,TILES UK,GB,SCO 6,KW15
04,TILES UK,GB,SCO 6,KW16
04,TILES UK,GB,SCO 6,KW17
04,TILES UK,GB,SCO 1,KY1
04,TILES UK,GB,SCO 1,KY2
04,TILES UK,GB,SCO 1,KY3
04,TILES UK,GB,SCO 1,KY4
04,TILES UK,GB,SCO 1,KY5
04,TILES UK,GB,SCO 1,KY6
04,TILES UK,GB,SCO 1,KY7
04,TILES UK,GB,SCO 1,KY8
04,TILES UK,GB,SCO 1,KY9
04,TILES UK,GB,SCO 1,KY10
04,TILES UK,GB,SCO 1,KY11
04,TILES UK,GB,SCO 1,KY12
04,TILES UK,GB,SCO 1,KY13
04,TILES UK,GB,SCO 1,KY14
04,TILES UK,GB,SCO 1,KY15
04,TILES UK,GB,SCO 1,KY16
04,TILES UK,GB,SCO 1,KY99
04,TILES UK,GB,SCO 1,ML1
04,TILES UK,GB,SCO 1,ML2
04,TILES UK,GB,SCO 1,ML3
04,TILES UK,GB,SCO 1,ML4
04,TILES UK,GB,SCO 1,ML5
04,TILES UK,GB,SCO 1,ML6
04,TILES UK,GB,SCO 1,ML7
04,TILES UK,GB,SCO 1,ML8
04,TILES UK,GB,SCO 1,ML9
04,TILES UK,GB,SCO 1,ML10
04,TILES UK,GB,SCO 1,ML11
04,TILES UK,GB,SCO 1,ML12
04,TILES UK,GB,SCO 2,PA1
04,TILES UK,GB,SCO 2,PA2
04,TILES UK,GB,SCO 2,PA3
04,TILES UK,GB,SCO 2,PA4
04,TILES UK,GB,SCO 2,PA5
04,TILES UK,GB,SCO 2,PA6
04,TILES UK,GB,SCO 2,PA7
04,TILES UK,GB,SCO 2,PA8
04,TILES UK,GB,SCO 2,PA9
04,TILES UK,GB,SCO 2,PA10
04,TILES UK,GB,SCO 2,PA11
04,TILES UK,GB,SCO 2,PA12
04,TILES UK,GB,SCO 2,PA13
04,TILES UK,GB,SCO 2,PA14
04,TILES UK,GB,SCO 2,PA15
04,TILES UK,GB,SCO 2,PA16
04,TILES UK,GB,SCO 2,PA17
04,TILES UK,GB,SCO 2,PA18
04,TILES UK,GB,SCO 2,PA19
04,TILES UK,GB,SCO 6,PA20
04,TILES UK,GB,SCO 5,PA21
04,TILES UK,GB,SCO 5,PA22
04,TILES UK,GB,SCO 5,PA23
04,TILES UK,GB,SCO 5,PA24
04,TILES UK,GB,SCO 5,PA25
04,TILES UK,GB,SCO 5,PA26
04,TILES UK,GB,SCO 5,PA27
04,TILES UK,GB,SCO 5,PA28
04,TILES UK,GB,SCO 5,PA29
04,TILES UK,GB,SCO 5,PA30
04,TILES UK,GB,SCO 5,PA31
04,TILES UK,GB,SCO 5,PA32
04,TILES UK,GB,SCO 5,PA33
04,TILES UK,GB,SCO 5,PA34
04,TILES UK,GB,SCO 5,PA35
04,TILES UK,GB,SCO 5,PA36
04,TILES UK,GB,SCO 5,PA37
04,TILES UK,GB,SCO 5,PA38
04,TILES UK,GB,SCO 6,PA41
04,TILES UK,GB,SCO 6,PA42
04,TILES UK,GB,SCO 6,PA43
04,TILES UK,GB,SCO 6,PA44
04,TILES UK,GB,SCO 6,PA45
04,TILES UK,GB,SCO 6,PA46
04,TILES UK,GB,SCO 6,PA47
04,TILES UK,GB,SCO 6,PA48
04,TILES UK,GB,SCO 6,PA49
04,TILES UK,GB,SCO 6,PA60
04,TILES UK,GB,SCO 6,PA61
04,TILES UK,GB,SCO 6,PA62
04,TILES UK,GB,SCO 6,PA63
04,TILES UK,GB,SCO 6,PA64
04,TILES UK,GB,SCO 6,PA65
04,TILES UK,GB,SCO 6,PA66
04,TILES UK,GB,SCO 6,PA67
04,TILES UK,GB,SCO 6,PA68
04,TILES UK,GB,SCO 6,PA69
04,TILES UK,GB,SCO 6,PA70
04,TILES UK,GB,SCO 6,PA71
04,TILES UK,GB,SCO 6,PA72
04,TILES UK,GB,SCO 6,PA73
04,TILES UK,GB,SCO 6,PA74
04,TILES UK,GB,SCO 6,PA75
04,TILES UK,GB,SCO 6,PA76
04,TILES UK,GB,SCO 6,PA77
04,TILES UK,GB,SCO 6,PA78
04,TILES UK,GB,SCO 2,PH1
04,TILES UK,GB,SCO 2,PH2
04,TILES UK,GB,SCO 2,PH3
04,TILES UK,GB,SCO 2,PH4
04,TILES UK,GB,SCO 2,PH5
04,TILES UK,GB,SCO 2,PH6
04,TILES UK,GB,SCO 2,PH7
04,TILES UK,GB,SCO 2,PH8
04,TILES UK,GB,SCO 2,PH9
04,TILES UK,GB,SCO 2,PH10
04,TILES UK,GB,SCO 2,PH11
04,TILES UK,GB,SCO 2,PH12
04,TILES UK,GB,SCO 2,PH13
04,TILES UK,GB,SCO 2,PH14
04,TILES UK,GB,SCO 2,PH15
04,TILES UK,GB,SCO 2,PH16
04,TILES UK,GB,SCO 2,PH17
04,TILES UK,GB,SCO 2,PH18
04,TILES UK,GB,SCO 5,PH19
04,TILES UK,GB,SCO 5,PH20
04,TILES UK,GB,SCO 5,PH21
04,TILES UK,GB,SCO 5,PH22
04,TILES UK,GB,SCO 5,PH23
04,TILES UK,GB,SCO 5,PH24
04,TILES UK,GB,SCO 5,PH25
04,TILES UK,GB,SCO 5,PH26
04,TILES UK,GB,SCO 5,PH30
04,TILES UK,GB,SCO 5,PH31
04,TILES UK,GB,SCO 5,PH32
04,TILES UK,GB,SCO 5,PH33
04,TILES UK,GB,SCO 5,PH34
04,TILES UK,GB,SCO 5,PH35
04,TILES UK,GB,SCO 5,PH36
04,TILES UK,GB,SCO 5,PH37
04,TILES UK,GB,SCO 5,PH38
04,TILES UK,GB,SCO 5,PH39
04,TILES UK,GB,SCO 5,PH40
04,TILES UK,GB,SCO 5,PH41
04,TILES UK,GB,SCO 6,PH42
04,TILES UK,GB,SCO 6,PH43
04,TILES UK,GB,SCO 6,PH44
04,TILES UK,GB,SCO 5,PH49
04,TILES UK,GB,SCO 5,PH50
04,TILES UK,GB,SCO 3,TD1
04,TILES UK,GB,SCO 3,TD2
04,TILES UK,GB,SCO 3,TD3
04,TILES UK,GB,SCO 3,TD4
04,TILES UK,GB,SCO 3,TD5
04,TILES UK,GB,SCO 3,TD6
04,TILES UK,GB,SCO 3,TD7
04,TILES UK,GB,SCO 3,TD8
04,TILES UK,GB,SCO 3,TD9
04,TILES UK,GB,SCO 3,TD10
04,TILES UK,GB,SCO 3,TD11
04,TILES UK,GB,SCO 3,TD12
04,TILES UK,GB,SCO 3,TD13
04,TILES UK,GB,SCO 3,TD14
04,TILES UK,GB,SCO 3,TD15
04,TILES UK,GB,SCO 6,ZE1
04,TILES UK,GB,SCO 6,ZE2
04,TILES UK,GB,SCO 6,ZE3
