04,WIPER CO,GB,ZONE 5,AL1
04,WIPER CO,GB,ZONE 5,AL2
04,WIPER CO,GB,ZONE 5,AL3
04,WIPER CO,GB,ZONE 5,AL4
04,WIPER CO,GB,ZONE 5,AL5
04,WIPER CO,GB,ZONE 5,AL6
04,WIPER CO,GB,ZONE 5,AL7
04,WIPER CO,GB,ZONE 5,AL8
04,WIPER CO,GB,ZONE 5,AL9
04,WIPER CO,GB,ZONE 5,AL10
04,WIPER CO,GB,ZONE 1,B1
04,WIPER CO,GB,ZONE 1,B2
04,WIPER CO,GB,ZONE 1,B3
04,WIPER CO,GB,ZONE 1,B4
04,WIPER CO,GB,ZONE 1,B5
04,WIPER CO,GB,ZONE 1,B6
04,WIPER CO,GB,ZONE 1,B7
04,WIPER CO,GB,ZONE 1,B8
04,WIPER CO,GB,ZONE 1,B9
04,WIPER CO,GB,ZONE 1,B10
04,WIPER CO,GB,ZONE 1,B11
04,WIPER CO,GB,ZONE 1,B12
04,WIPER CO,GB,ZONE 1,B13
04,WIPER CO,GB,ZONE 1,B14
04,WIPER CO,GB,ZONE 1,B15
04,WIPER CO,GB,ZONE 1,B16
04,WIPER CO,GB,ZONE 1,B17
04,WIPER CO,GB,ZONE 1,B18
04,WIPER CO,GB,ZONE 1,B19
04,WIPER CO,GB,ZONE 1,B20
04,WIPER CO,GB,ZONE 1,B21
04,WIPER CO,GB,ZONE 1,B23
04,WIPER CO,GB,ZONE 1,B24
04,WIPER CO,GB,ZONE 1,B25
04,WIPER CO,GB,ZONE 1,B26
04,WIPER CO,GB,ZONE 1,B27
04,WIPER CO,GB,ZONE 1,B28
04,WIPER CO,GB,ZONE 1,B29
04,WIPER CO,GB,ZONE 1,B30
04,WIPER CO,GB,ZONE 1,B31
04,WIPER CO,GB,ZONE 1,B32
04,WIPER CO,GB,ZONE 1,B33
04,WIPER CO,GB,ZONE 1,B34
04,WIPER CO,GB,ZONE 1,B35
04,WIPER CO,GB,ZONE 1,B36
04,WIPER CO,GB,ZONE 1,B37
04,WIPER CO,GB,ZONE 1,B38
04,WIPER CO,GB,ZONE 1,B40
04,WIPER CO,GB,ZONE 1,B42
04,WIPER CO,GB,ZONE 1,B43
04,WIPER CO,GB,ZONE 1,B44
04,WIPER CO,GB,ZONE 1,B45
04,WIPER CO,GB,ZONE 1,B46
04,WIPER CO,GB,ZONE 1,B47
04,WIPER CO,GB,ZONE 1,B48
04,WIPER CO,GB,ZONE 1,B49
04,WIPER CO,GB,ZONE 1,B50
04,WIPER CO,GB,ZONE 1,B60
04,WIPER CO,GB,ZONE 1,B61
04,WIPER CO,GB,ZONE 1,B62
04,WIPER CO,GB,ZONE 1,B63
04,WIPER CO,GB,ZONE 1,B64
04,WIPER CO,GB,ZONE 1,B65
04,WIPER CO,GB,ZONE 1,B66
04,WIPER CO,GB,ZONE 1,B67
04,WIPER CO,GB,ZONE 1,B68
04,WIPER CO,GB,ZONE 1,B69
04,WIPER CO,GB,ZONE 1,B70
04,WIPER CO,GB,ZONE 1,B71
04,WIPER CO,GB,ZONE 1,B72
04,WIPER CO,GB,ZONE 1,B73
04,WIPER CO,GB,ZONE 1,B74
04,WIPER CO,GB,ZONE 1,B75
04,WIPER CO,GB,ZONE 1,B76
04,WIPER CO,GB,ZONE 1,B77
04,WIPER CO,GB,ZONE 1,B78
04,WIPER CO,GB,ZONE 1,B79
04,WIPER CO,GB,ZONE 1,B80
04,WIPER CO,GB,ZONE 1,B90
04,WIPER CO,GB,ZONE 1,B91
04,WIPER CO,GB,ZONE 1,B92
04,WIPER CO,GB,ZONE 1,B93
04,WIPER CO,GB,ZONE 1,B94
04,WIPER CO,GB,ZONE 1,B95
04,WIPER CO,GB,ZONE 1,B96
04,WIPER CO,GB,ZONE 1,B97
04,WIPER CO,GB,ZONE 1,B98
04,WIPER CO,GB,ZONE 1,B99
04,WIPER CO,GB,ZONE 5,BA1
04,WIPER CO,GB,ZONE 5,BA2
04,WIPER CO,GB,ZONE 5,BA3
04,WIPER CO,GB,ZONE 5,BA4
04,WIPER CO,GB,ZONE 5,BA5
04,WIPER CO,GB,ZONE 5,BA6
04,WIPER CO,GB,ZONE 5,BA7
04,WIPER CO,GB,ZONE 5,BA8
04,WIPER CO,GB,ZONE 5,BA9
04,WIPER CO,GB,ZONE 5,BA10
04,WIPER CO,GB,ZONE 5,BA11
04,WIPER CO,GB,ZONE 5,BA12
04,WIPER CO,GB,ZONE 5,BA13
04,WIPER CO,GB,ZONE 5,BA14
04,WIPER CO,GB,ZONE 5,BA15
04,WIPER CO,GB,ZONE 5,BA16
04,WIPER CO,GB,ZONE 5,BA20
04,WIPER CO,GB,ZONE 5,BA21
04,WIPER CO,GB,ZONE 5,BA22
04,WIPER CO,GB,ZONE 1,BB1
04,WIPER CO,GB,ZONE 1,BB2
04,WIPER CO,GB,ZONE 1,BB3
04,WIPER CO,GB,ZONE 1,BB4
04,WIPER CO,GB,ZONE 1,BB5
04,WIPER CO,GB,ZONE 1,BB6
04,WIPER CO,GB,ZONE 1,BB7
04,WIPER CO,GB,ZONE 1,BB8
04,WIPER CO,GB,ZONE 1,BB9
04,WIPER CO,GB,ZONE 1,BB10
04,WIPER CO,GB,ZONE 1,BB11
04,WIPER CO,GB,ZONE 1,BB12
04,WIPER CO,GB,ZONE 1,BB18
04,WIPER CO,GB,ZONE 1,BB94
04,WIPER CO,GB,ZONE 1,BD1
04,WIPER CO,GB,ZONE 1,BD2
04,WIPER CO,GB,ZONE 1,BD3
04,WIPER CO,GB,ZONE 1,BD4
04,WIPER CO,GB,ZONE 1,BD5
04,WIPER CO,GB,ZONE 1,BD6
04,WIPER CO,GB,ZONE 1,BD7
04,WIPER CO,GB,ZONE 1,BD8
04,WIPER CO,GB,ZONE 1,BD9
04,WIPER CO,GB,ZONE 1,BD10
04,WIPER CO,GB,ZONE 1,BD11
04,WIPER CO,GB,ZONE 1,BD12
04,WIPER CO,GB,ZONE 1,BD13
04,WIPER CO,GB,ZONE 1,BD14
04,WIPER CO,GB,ZONE 1,BD15
04,WIPER CO,GB,ZONE 1,BD16
04,WIPER CO,GB,ZONE 1,BD17
04,WIPER CO,GB,ZONE 1,BD18
04,WIPER CO,GB,ZONE 1,BD19
04,WIPER CO,GB,ZONE 1,BD20
04,WIPER CO,GB,ZONE 1,BD21
04,WIPER CO,GB,ZONE 1,BD22
04,WIPER CO,GB,ZONE 1,BD23
04,WIPER CO,GB,ZONE 1,BD24
04,WIPER CO,GB,ZONE 1,BD97
04,WIPER CO,GB,ZONE 1,BD98
04,WIPER CO,GB,ZONE 1,BD99
04,WIPER CO,GB,ZONE 5,BH1
04,WIPER CO,GB,ZONE 5,BH2
04,WIPER CO,GB,ZONE 5,BH3
04,WIPER CO,GB,ZONE 5,BH4
04,WIPER CO,GB,ZONE 5,BH5
04,WIPER CO,GB,ZONE 5,BH6
04,WIPER CO,GB,ZONE 5,BH7
04,WIPER CO,GB,ZONE 5,BH8
04,WIPER CO,GB,ZONE 5,BH9
04,WIPER CO,GB,ZONE 5,BH10
04,WIPER CO,GB,ZONE 5,BH11
04,WIPER CO,GB,ZONE 5,BH12
04,WIPER CO,GB,ZONE 5,BH13
04,WIPER CO,GB,ZONE 5,BH14
04,WIPER CO,GB,ZONE 5,BH15
04,WIPER CO,GB,ZONE 5,BH16
04,WIPER CO,GB,ZONE 5,BH17
04,WIPER CO,GB,ZONE 5,BH18
04,WIPER CO,GB,ZONE 5,BH19
04,WIPER CO,GB,ZONE 5,BH20
04,WIPER CO,GB,ZONE 5,BH21
04,WIPER CO,GB,ZONE 5,BH22
04,WIPER CO,GB,ZONE 5,BH23
04,WIPER CO,GB,ZONE 5,BH24
04,WIPER CO,GB,ZONE 5,BH25
04,WIPER CO,GB,ZONE 5,BH31
04,WIPER CO,GB,ZONE 1,BL0
04,WIPER CO,GB,ZONE 1,BL1
04,WIPER CO,GB,ZONE 1,BL2
04,WIPER CO,GB,ZONE 1,BL3
04,WIPER CO,GB,ZONE 1,BL4
04,WIPER CO,GB,ZONE 1,BL5
04,WIPER CO,GB,ZONE 1,BL6
04,WIPER CO,GB,ZONE 1,BL7
04,WIPER CO,GB,ZONE 1,BL8
04,WIPER CO,GB,ZONE 1,BL9
04,WIPER CO,GB,ZONE 1,BL11
04,WIPER CO,GB,ZONE 1,BL78
04,WIPER CO,GB,ZONE 5,BN1
04,WIPER CO,GB,ZONE 5,BN2
04,WIPER CO,GB,ZONE 5,BN3
04,WIPER CO,GB,ZONE 5,BN5
04,WIPER CO,GB,ZONE 5,BN6
04,WIPER CO,GB,ZONE 5,BN7
04,WIPER CO,GB,ZONE 5,BN8
04,WIPER CO,GB,ZONE 5,BN9
04,WIPER CO,GB,ZONE 5,BN10
04,WIPER CO,GB,ZONE 5,BN11
04,WIPER CO,GB,ZONE 5,BN12
04,WIPER CO,GB,ZONE 5,BN13
04,WIPER CO,GB,ZONE 5,BN14
04,WIPER CO,GB,ZONE 5,BN15
04,WIPER CO,GB,ZONE 5,BN16
04,WIPER CO,GB,ZONE 5,BN17
04,WIPER CO,GB,ZONE 5,BN18
04,WIPER CO,GB,ZONE 5,BN20
04,WIPER CO,GB,ZONE 5,BN21
04,WIPER CO,GB,ZONE 5,BN22
04,WIPER CO,GB,ZONE 5,BN23
04,WIPER CO,GB,ZONE 5,BN24
04,WIPER CO,GB,ZONE 5,BN25
04,WIPER CO,GB,ZONE 5,BN26
04,WIPER CO,GB,ZONE 5,BN27
04,WIPER CO,GB,ZONE 5,BN41
04,WIPER CO,GB,ZONE 5,BN42
04,WIPER CO,GB,ZONE 5,BN43
04,WIPER CO,GB,ZONE 5,BN44
04,WIPER CO,GB,ZONE 5,BN45
04,WIPER CO,GB,ZONE 5,BN50
04,WIPER CO,GB,ZONE 5,BN51
04,WIPER CO,GB,ZONE 5,BN52
04,WIPER CO,GB,ZONE 5,BN88
04,WIPER CO,GB,ZONE 5,BN99
04,WIPER CO,GB,ZONE 4,BR1
04,WIPER CO,GB,ZONE 4,BR2
04,WIPER CO,GB,ZONE 4,BR3
04,WIPER CO,GB,ZONE 4,BR4
04,WIPER CO,GB,ZONE 4,BR5
04,WIPER CO,GB,ZONE 4,BR6
04,WIPER CO,GB,ZONE 4,BR7
04,WIPER CO,GB,ZONE 4,BR8
04,WIPER CO,GB,ZONE 1,BS0
04,WIPER CO,GB,ZONE 1,BS1
04,WIPER CO,GB,ZONE 1,BS2
04,WIPER CO,GB,ZONE 1,BS3
04,WIPER CO,GB,ZONE 1,BS4
04,WIPER CO,GB,ZONE 1,BS5
04,WIPER CO,GB,ZONE 1,BS6
04,WIPER CO,GB,ZONE 1,BS7
04,WIPER CO,GB,ZONE 1,BS8
04,WIPER CO,GB,ZONE 1,BS9
04,WIPER CO,GB,ZONE 1,BS10
04,WIPER CO,GB,ZONE 1,BS11
04,WIPER CO,GB,ZONE 1,BS13
04,WIPER CO,GB,ZONE 1,BS14
04,WIPER CO,GB,ZONE 1,BS15
04,WIPER CO,GB,ZONE 1,BS16
04,WIPER CO,GB,ZONE 1,BS20
04,WIPER CO,GB,ZONE 1,BS21
04,WIPER CO,GB,ZONE 1,BS22
04,WIPER CO,GB,ZONE 1,BS23
04,WIPER CO,GB,ZONE 1,BS24
04,WIPER CO,GB,ZONE 1,BS25
04,WIPER CO,GB,ZONE 1,BS26
04,WIPER CO,GB,ZONE 1,BS27
04,WIPER CO,GB,ZONE 1,BS28
04,WIPER CO,GB,ZONE 1,BS29
04,WIPER CO,GB,ZONE 1,BS30
04,WIPER CO,GB,ZONE 1,BS31
04,WIPER CO,GB,ZONE 1,BS32
04,WIPER CO,GB,ZONE 1,BS34
04,WIPER CO,GB,ZONE 1,BS35
04,WIPER CO,GB,ZONE 1,BS36
04,WIPER CO,GB,ZONE 1,BS37
04,WIPER CO,GB,ZONE 1,BS39
04,WIPER CO,GB,ZONE 1,BS40
04,WIPER CO,GB,ZONE 1,BS41
04,WIPER CO,GB,ZONE 1,BS48
04,WIPER CO,GB,ZONE 1,BS49
04,WIPER CO,GB,ZONE 1,BS80
04,WIPER CO,GB,ZONE 1,BS98
04,WIPER CO,GB,ZONE 1,BS99
04,WIPER CO,GB,ZONE 7,CA1
04,WIPER CO,GB,ZONE 7,CA2
04,WIPER CO,GB,ZONE 7,CA3
04,WIPER CO,GB,ZONE 7,CA4
04,WIPER CO,GB,ZONE 7,CA5
04,WIPER CO,GB,ZONE 7,CA6
04,WIPER CO,GB,ZONE 7,CA7
04,WIPER CO,GB,ZONE 7,CA8
04,WIPER CO,GB,ZONE 7,CA9
04,WIPER CO,GB,ZONE 7,CA10
04,WIPER CO,GB,ZONE 7,CA11
04,WIPER CO,GB,ZONE 7,CA12
04,WIPER CO,GB,ZONE 7,CA13
04,WIPER CO,GB,ZONE 7,CA14
04,WIPER CO,GB,ZONE 7,CA15
04,WIPER CO,GB,ZONE 7,CA16
04,WIPER CO,GB,ZONE 7,CA17
04,WIPER CO,GB,ZONE 7,CA18
04,WIPER CO,GB,ZONE 7,CA19
04,WIPER CO,GB,ZONE 7,CA20
04,WIPER CO,GB,ZONE 7,CA21
04,WIPER CO,GB,ZONE 7,CA22
04,WIPER CO,GB,ZONE 7,CA23
04,WIPER CO,GB,ZONE 7,CA24
04,WIPER CO,GB,ZONE 7,CA25
04,WIPER CO,GB,ZONE 7,CA26
04,WIPER CO,GB,ZONE 7,CA27
04,WIPER CO,GB,ZONE 7,CA28
04,WIPER CO,GB,ZONE 7,CA95
04,WIPER CO,GB,ZONE 7,CA99
04,WIPER CO,GB,ZONE 1,CB1
04,WIPER CO,GB,ZONE 1,CB2
04,WIPER CO,GB,ZONE 1,CB3
04,WIPER CO,GB,ZONE 1,CB4
04,WIPER CO,GB,ZONE 1,CB5
04,WIPER CO,GB,ZONE 1,CB6
04,WIPER CO,GB,ZONE 1,CB7
04,WIPER CO,GB,ZONE 1,CB8
04,WIPER CO,GB,ZONE 1,CB9
04,WIPER CO,GB,ZONE 1,CB10
04,WIPER CO,GB,ZONE 1,CB11
04,WIPER CO,GB,ZONE 1,CB21
04,WIPER CO,GB,ZONE 1,CB22
04,WIPER CO,GB,ZONE 1,CB23
04,WIPER CO,GB,ZONE 1,CB24
04,WIPER CO,GB,ZONE 1,CB25
04,WIPER CO,GB,ZONE 6,CF3
04,WIPER CO,GB,ZONE 6,CF5
04,WIPER CO,GB,ZONE 6,CF10
04,WIPER CO,GB,ZONE 6,CF11
04,WIPER CO,GB,ZONE 6,CF14
04,WIPER CO,GB,ZONE 6,CF15
04,WIPER CO,GB,ZONE 6,CF23
04,WIPER CO,GB,ZONE 6,CF24
04,WIPER CO,GB,ZONE 6,CF31
04,WIPER CO,GB,ZONE 6,CF32
04,WIPER CO,GB,ZONE 6,CF33
04,WIPER CO,GB,ZONE 6,CF34
04,WIPER CO,GB,ZONE 6,CF35
04,WIPER CO,GB,ZONE 6,CF36
04,WIPER CO,GB,ZONE 6,CF37
04,WIPER CO,GB,ZONE 6,CF38
04,WIPER CO,GB,ZONE 6,CF39
04,WIPER CO,GB,ZONE 6,CF40
04,WIPER CO,GB,ZONE 6,CF41
04,WIPER CO,GB,ZONE 6,CF42
04,WIPER CO,GB,ZONE 6,CF43
04,WIPER CO,GB,ZONE 6,CF44
04,WIPER CO,GB,ZONE 6,CF45
04,WIPER CO,GB,ZONE 6,CF46
04,WIPER CO,GB,ZONE 6,CF47
04,WIPER CO,GB,ZONE 6,CF48
04,WIPER CO,GB,ZONE 6,CF61
04,WIPER CO,GB,ZONE 6,CF62
04,WIPER CO,GB,ZONE 6,CF63
04,WIPER CO,GB,ZONE 6,CF64
04,WIPER CO,GB,ZONE 6,CF71
04,WIPER CO,GB,ZONE 6,CF72
04,WIPER CO,GB,ZONE 6,CF81
04,WIPER CO,GB,ZONE 6,CF82
04,WIPER CO,GB,ZONE 6,CF83
04,WIPER CO,GB,ZONE 6,CF91
04,WIPER CO,GB,ZONE 6,CF95
04,WIPER CO,GB,ZONE 6,CF99
04,WIPER CO,GB,ZONE 1,CH1
04,WIPER CO,GB,ZONE 1,CH2
04,WIPER CO,GB,ZONE 1,CH3
04,WIPER CO,GB,ZONE 1,CH4
04,WIPER CO,GB,ZONE 1,CH5
04,WIPER CO,GB,ZONE 1,CH6
04,WIPER CO,GB,ZONE 1,CH7
04,WIPER CO,GB,ZONE 1,CH8
04,WIPER CO,GB,ZONE 1,CH25
04,WIPER CO,GB,ZONE 1,CH26
04,WIPER CO,GB,ZONE 1,CH27
04,WIPER CO,GB,ZONE 1,CH28
04,WIPER CO,GB,ZONE 1,CH29
04,WIPER CO,GB,ZONE 1,CH30
04,WIPER CO,GB,ZONE 1,CH31
04,WIPER CO,GB,ZONE 1,CH32
04,WIPER CO,GB,ZONE 1,CH33
04,WIPER CO,GB,ZONE 1,CH34
04,WIPER CO,GB,ZONE 1,CH41
04,WIPER CO,GB,ZONE 1,CH42
04,WIPER CO,GB,ZONE 1,CH43
04,WIPER CO,GB,ZONE 1,CH44
04,WIPER CO,GB,ZONE 1,CH45
04,WIPER CO,GB,ZONE 1,CH46
04,WIPER CO,GB,ZONE 1,CH47
04,WIPER CO,GB,ZONE 1,CH48
04,WIPER CO,GB,ZONE 1,CH49
04,WIPER CO,GB,ZONE 1,CH60
04,WIPER CO,GB,ZONE 1,CH61
04,WIPER CO,GB,ZONE 1,CH62
04,WIPER CO,GB,ZONE 1,CH63
04,WIPER CO,GB,ZONE 1,CH64
04,WIPER CO,GB,ZONE 1,CH65
04,WIPER CO,GB,ZONE 1,CH66
04,WIPER CO,GB,ZONE 1,CH70
04,WIPER CO,GB,ZONE 1,CH88
04,WIPER CO,GB,ZONE 1,CH99
04,WIPER CO,GB,ZONE 5,CM0
04,WIPER CO,GB,ZONE 5,CM1
04,WIPER CO,GB,ZONE 5,CM2
04,WIPER CO,GB,ZONE 5,CM3
04,WIPER CO,GB,ZONE 5,CM4
04,WIPER CO,GB,ZONE 5,CM5
04,WIPER CO,GB,ZONE 5,CM6
04,WIPER CO,GB,ZONE 5,CM7
04,WIPER CO,GB,ZONE 5,CM8
04,WIPER CO,GB,ZONE 5,CM9
04,WIPER CO,GB,ZONE 5,CM11
04,WIPER CO,GB,ZONE 5,CM12
04,WIPER CO,GB,ZONE 5,CM13
04,WIPER CO,GB,ZONE 5,CM14
04,WIPER CO,GB,ZONE 5,CM15
04,WIPER CO,GB,ZONE 5,CM16
04,WIPER CO,GB,ZONE 5,CM17
04,WIPER CO,GB,ZONE 5,CM18
04,WIPER CO,GB,ZONE 5,CM19
04,WIPER CO,GB,ZONE 5,CM20
04,WIPER CO,GB,ZONE 5,CM21
04,WIPER CO,GB,ZONE 5,CM22
04,WIPER CO,GB,ZONE 5,CM23
04,WIPER CO,GB,ZONE 5,CM24
04,WIPER CO,GB,ZONE 5,CM77
04,WIPER CO,GB,ZONE 5,CM98
04,WIPER CO,GB,ZONE 5,CM99
04,WIPER CO,GB,ZONE 5,CO1
04,WIPER CO,GB,ZONE 5,CO2
04,WIPER CO,GB,ZONE 5,CO3
04,WIPER CO,GB,ZONE 5,CO4
04,WIPER CO,GB,ZONE 5,CO5
04,WIPER CO,GB,ZONE 5,CO6
04,WIPER CO,GB,ZONE 5,CO7
04,WIPER CO,GB,ZONE 5,CO8
04,WIPER CO,GB,ZONE 5,CO9
04,WIPER CO,GB,ZONE 5,CO10
04,WIPER CO,GB,ZONE 5,CO11
04,WIPER CO,GB,ZONE 5,CO12
04,WIPER CO,GB,ZONE 5,CO13
04,WIPER CO,GB,ZONE 5,CO14
04,WIPER CO,GB,ZONE 5,CO15
04,WIPER CO,GB,ZONE 5,CO16
04,WIPER CO,GB,ZONE 4,CR0
04,WIPER CO,GB,ZONE 4,CR2
04,WIPER CO,GB,ZONE 4,CR3
04,WIPER CO,GB,ZONE 4,CR4
04,WIPER CO,GB,ZONE 4,CR5
04,WIPER CO,GB,ZONE 4,CR6
04,WIPER CO,GB,ZONE 4,CR7
04,WIPER CO,GB,ZONE 4,CR8
04,WIPER CO,GB,ZONE 4,CR9
04,WIPER CO,GB,ZONE 4,CR44
04,WIPER CO,GB,ZONE 6,CT1
04,WIPER CO,GB,ZONE 6,CT2
04,WIPER CO,GB,ZONE 6,CT3
04,WIPER CO,GB,ZONE 6,CT4
04,WIPER CO,GB,ZONE 6,CT5
04,WIPER CO,GB,ZONE 6,CT6
04,WIPER CO,GB,ZONE 6,CT7
04,WIPER CO,GB,ZONE 6,CT8
04,WIPER CO,GB,ZONE 6,CT9
04,WIPER CO,GB,ZONE 6,CT10
04,WIPER CO,GB,ZONE 6,CT11
04,WIPER CO,GB,ZONE 6,CT12
04,WIPER CO,GB,ZONE 6,CT13
04,WIPER CO,GB,ZONE 6,CT14
04,WIPER CO,GB,ZONE 6,CT15
04,WIPER CO,GB,ZONE 6,CT16
04,WIPER CO,GB,ZONE 6,CT17
04,WIPER CO,GB,ZONE 6,CT18
04,WIPER CO,GB,ZONE 6,CT19
04,WIPER CO,GB,ZONE 6,CT20
04,WIPER CO,GB,ZONE 6,CT21
04,WIPER CO,GB,ZONE 6,CT50
04,WIPER CO,GB,ZONE 1,CV1
04,WIPER CO,GB,ZONE 1,CV2
04,WIPER CO,GB,ZONE 1,CV3
04,WIPER CO,GB,ZONE 1,CV4
04,WIPER CO,GB,ZONE 1,CV5
04,WIPER CO,GB,ZONE 1,CV6
04,WIPER CO,GB,ZONE 1,CV7
04,WIPER CO,GB,ZONE 1,CV8
04,WIPER CO,GB,ZONE 1,CV9
04,WIPER CO,GB,ZONE 1,CV10
04,WIPER CO,GB,ZONE 1,CV11
04,WIPER CO,GB,ZONE 1,CV12
04,WIPER CO,GB,ZONE 1,CV13
04,WIPER CO,GB,ZONE 1,CV21
04,WIPER CO,GB,ZONE 1,CV22
04,WIPER CO,GB,ZONE 1,CV23
04,WIPER CO,GB,ZONE 1,CV31
04,WIPER CO,GB,ZONE 1,CV32
04,WIPER CO,GB,ZONE 1,CV33
04,WIPER CO,GB,ZONE 1,CV34
04,WIPER CO,GB,ZONE 1,CV35
04,WIPER CO,GB,ZONE 1,CV36
04,WIPER CO,GB,ZONE 1,CV37
04,WIPER CO,GB,ZONE 1,CV47
04,WIPER CO,GB,ZONE 1,CW1
04,WIPER CO,GB,ZONE 1,CW2
04,WIPER CO,GB,ZONE 1,CW3
04,WIPER CO,GB,ZONE 1,CW4
04,WIPER CO,GB,ZONE 1,CW5
04,WIPER CO,GB,ZONE 1,CW6
04,WIPER CO,GB,ZONE 1,CW7
04,WIPER CO,GB,ZONE 1,CW8
04,WIPER CO,GB,ZONE 1,CW9
04,WIPER CO,GB,ZONE 1,CW10
04,WIPER CO,GB,ZONE 1,CW11
04,WIPER CO,GB,ZONE 1,CW12
04,WIPER CO,GB,ZONE 1,CW98
04,WIPER CO,GB,ZONE 4,DA1
04,WIPER CO,GB,ZONE 4,DA2
04,WIPER CO,GB,ZONE 4,DA3
04,WIPER CO,GB,ZONE 4,DA4
04,WIPER CO,GB,ZONE 4,DA5
04,WIPER CO,GB,ZONE 4,DA6
04,WIPER CO,GB,ZONE 4,DA7
04,WIPER CO,GB,ZONE 4,DA8
04,WIPER CO,GB,ZONE 4,DA9
04,WIPER CO,GB,ZONE 4,DA10
04,WIPER CO,GB,ZONE 4,DA11
04,WIPER CO,GB,ZONE 4,DA12
04,WIPER CO,GB,ZONE 4,DA13
04,WIPER CO,GB,ZONE 4,DA14
04,WIPER CO,GB,ZONE 4,DA15
04,WIPER CO,GB,ZONE 4,DA16
04,WIPER CO,GB,ZONE 4,DA17
04,WIPER CO,GB,ZONE 4,DA18
04,WIPER CO,GB,ZONE 1,DE1
04,WIPER CO,GB,ZONE 1,DE3
04,WIPER CO,GB,ZONE 1,DE4
04,WIPER CO,GB,ZONE 1,DE5
04,WIPER CO,GB,ZONE 1,DE6
04,WIPER CO,GB,ZONE 1,DE7
04,WIPER CO,GB,ZONE 1,DE11
04,WIPER CO,GB,ZONE 1,DE12
04,WIPER CO,GB,ZONE 1,DE13
04,WIPER CO,GB,ZONE 1,DE14
04,WIPER CO,GB,ZONE 1,DE15
04,WIPER CO,GB,ZONE 1,DE21
04,WIPER CO,GB,ZONE 1,DE22
04,WIPER CO,GB,ZONE 1,DE23
04,WIPER CO,GB,ZONE 1,DE24
04,WIPER CO,GB,ZONE 1,DE45
04,WIPER CO,GB,ZONE 1,DE55
04,WIPER CO,GB,ZONE 1,DE56
04,WIPER CO,GB,ZONE 1,DE65
04,WIPER CO,GB,ZONE 1,DE72
04,WIPER CO,GB,ZONE 1,DE73
04,WIPER CO,GB,ZONE 1,DE74
04,WIPER CO,GB,ZONE 1,DE75
04,WIPER CO,GB,ZONE 1,DE99
04,WIPER CO,GB,ZONE 5,DH1
04,WIPER CO,GB,ZONE 5,DH2
04,WIPER CO,GB,ZONE 5,DH3
04,WIPER CO,GB,ZONE 5,DH4
04,WIPER CO,GB,ZONE 5,DH5
04,WIPER CO,GB,ZONE 5,DH6
04,WIPER CO,GB,ZONE 5,DH7
04,WIPER CO,GB,ZONE 5,DH8
04,WIPER CO,GB,ZONE 5,DH9
04,WIPER CO,GB,ZONE 5,DH97
04,WIPER CO,GB,ZONE 5,DH98
04,WIPER CO,GB,ZONE 5,DH99
04,WIPER CO,GB,ZONE 5,DL1
04,WIPER CO,GB,ZONE 5,DL2
04,WIPER CO,GB,ZONE 5,DL3
04,WIPER CO,GB,ZONE 5,DL4
04,WIPER CO,GB,ZONE 5,DL5
04,WIPER CO,GB,ZONE 5,DL6
04,WIPER CO,GB,ZONE 5,DL7
04,WIPER CO,GB,ZONE 5,DL8
04,WIPER CO,GB,ZONE 5,DL9
04,WIPER CO,GB,ZONE 5,DL10
04,WIPER CO,GB,ZONE 5,DL11
04,WIPER CO,GB,ZONE 5,DL12
04,WIPER CO,GB,ZONE 5,DL13
04,WIPER CO,GB,ZONE 5,DL14
04,WIPER CO,GB,ZONE 5,DL15
04,WIPER CO,GB,ZONE 5,DL16
04,WIPER CO,GB,ZONE 5,DL17
04,WIPER CO,GB,ZONE 1,DN1
04,WIPER CO,GB,ZONE 1,DN2
04,WIPER CO,GB,ZONE 1,DN3
04,WIPER CO,GB,ZONE 1,DN4
04,WIPER CO,GB,ZONE 1,DN5
04,WIPER CO,GB,ZONE 1,DN6
04,WIPER CO,GB,ZONE 1,DN7
04,WIPER CO,GB,ZONE 1,DN8
04,WIPER CO,GB,ZONE 1,DN9
04,WIPER CO,GB,ZONE 1,DN10
04,WIPER CO,GB,ZONE 1,DN11
04,WIPER CO,GB,ZONE 1,DN12
04,WIPER CO,GB,ZONE 1,DN14
04,WIPER CO,GB,ZONE 1,DN15
04,WIPER CO,GB,ZONE 1,DN16
04,WIPER CO,GB,ZONE 1,DN17
04,WIPER CO,GB,ZONE 1,DN18
04,WIPER CO,GB,ZONE 1,DN19
04,WIPER CO,GB,ZONE 1,DN20
04,WIPER CO,GB,ZONE 1,DN21
04,WIPER CO,GB,ZONE 1,DN22
04,WIPER CO,GB,ZONE 1,DN31
04,WIPER CO,GB,ZONE 1,DN32
04,WIPER CO,GB,ZONE 1,DN33
04,WIPER CO,GB,ZONE 1,DN34
04,WIPER CO,GB,ZONE 1,DN35
04,WIPER CO,GB,ZONE 1,DN36
04,WIPER CO,GB,ZONE 1,DN37
04,WIPER CO,GB,ZONE 1,DN38
04,WIPER CO,GB,ZONE 1,DN39
04,WIPER CO,GB,ZONE 1,DN40
04,WIPER CO,GB,ZONE 1,DN41
04,WIPER CO,GB,ZONE 1,DN55
04,WIPER CO,GB,ZONE 7,DT1
04,WIPER CO,GB,ZONE 7,DT2
04,WIPER CO,GB,ZONE 7,DT3
04,WIPER CO,GB,ZONE 7,DT4
04,WIPER CO,GB,ZONE 7,DT5
04,WIPER CO,GB,ZONE 7,DT6
04,WIPER CO,GB,ZONE 7,DT7
04,WIPER CO,GB,ZONE 7,DT8
04,WIPER CO,GB,ZONE 7,DT9
04,WIPER CO,GB,ZONE 7,DT10
04,WIPER CO,GB,ZONE 7,DT11
04,WIPER CO,GB,ZONE 1,DY1
04,WIPER CO,GB,ZONE 1,DY2
04,WIPER CO,GB,ZONE 1,DY3
04,WIPER CO,GB,ZONE 1,DY4
04,WIPER CO,GB,ZONE 1,DY5
04,WIPER CO,GB,ZONE 1,DY6
04,WIPER CO,GB,ZONE 1,DY7
04,WIPER CO,GB,ZONE 1,DY8
04,WIPER CO,GB,ZONE 1,DY9
04,WIPER CO,GB,ZONE 1,DY10
04,WIPER CO,GB,ZONE 1,DY11
04,WIPER CO,GB,ZONE 1,DY12
04,WIPER CO,GB,ZONE 1,DY13
04,WIPER CO,GB,ZONE 1,DY14
04,WIPER CO,GB,ZONE 3,E10
04,WIPER CO,GB,ZONE 3,E20
04,WIPER CO,GB,ZONE 3,E1
04,WIPER CO,GB,ZONE 3,E11
04,WIPER CO,GB,ZONE 3,E12
04,WIPER CO,GB,ZONE 3,E2
04,WIPER CO,GB,ZONE 3,E13
04,WIPER CO,GB,ZONE 3,E3
04,WIPER CO,GB,ZONE 3,E14
04,WIPER CO,GB,ZONE 3,E4
04,WIPER CO,GB,ZONE 3,E15
04,WIPER CO,GB,ZONE 3,E5
04,WIPER CO,GB,ZONE 3,E16
04,WIPER CO,GB,ZONE 3,E6
04,WIPER CO,GB,ZONE 3,E17
04,WIPER CO,GB,ZONE 3,E7
04,WIPER CO,GB,ZONE 3,E77
04,WIPER CO,GB,ZONE 3,E18
04,WIPER CO,GB,ZONE 3,E8
04,WIPER CO,GB,ZONE 3,E98
04,WIPER CO,GB,ZONE 3,E9
04,WIPER CO,GB,ZONE 3,E1W
04,WIPER CO,GB,ZONE 3,EC1A
04,WIPER CO,GB,ZONE 3,EC1M
04,WIPER CO,GB,ZONE 3,EC1N
04,WIPER CO,GB,ZONE 3,EC1P
04,WIPER CO,GB,ZONE 3,EC1R
04,WIPER CO,GB,ZONE 3,EC1V
04,WIPER CO,GB,ZONE 3,EC1Y
04,WIPER CO,GB,ZONE 3,EC2A
04,WIPER CO,GB,ZONE 3,EC2M
04,WIPER CO,GB,ZONE 3,EC2N
04,WIPER CO,GB,ZONE 3,EC2P
04,WIPER CO,GB,ZONE 3,EC2R
04,WIPER CO,GB,ZONE 3,EC2V
04,WIPER CO,GB,ZONE 3,EC2Y
04,WIPER CO,GB,ZONE 3,EC3A
04,WIPER CO,GB,ZONE 3,EC3M
04,WIPER CO,GB,ZONE 3,EC3N
04,WIPER CO,GB,ZONE 3,EC3P
04,WIPER CO,GB,ZONE 3,EC3R
04,WIPER CO,GB,ZONE 3,EC3V
04,WIPER CO,GB,ZONE 3,EC4A
04,WIPER CO,GB,ZONE 3,EC4M
04,WIPER CO,GB,ZONE 3,EC4N
04,WIPER CO,GB,ZONE 3,EC4P
04,WIPER CO,GB,ZONE 3,EC4R
04,WIPER CO,GB,ZONE 3,EC4V
04,WIPER CO,GB,ZONE 3,EC4Y
04,WIPER CO,GB,ZONE 3,EC50
04,WIPER CO,GB,ZONE 4,EN1
04,WIPER CO,GB,ZONE 4,EN2
04,WIPER CO,GB,ZONE 4,EN3
04,WIPER CO,GB,ZONE 4,EN4
04,WIPER CO,GB,ZONE 4,EN5
04,WIPER CO,GB,ZONE 4,EN6
04,WIPER CO,GB,ZONE 4,EN7
04,WIPER CO,GB,ZONE 4,EN8
04,WIPER CO,GB,ZONE 4,EN9
04,WIPER CO,GB,ZONE 4,EN10
04,WIPER CO,GB,ZONE 4,EN11
04,WIPER CO,GB,ZONE 6,EX1
04,WIPER CO,GB,ZONE 6,EX2
04,WIPER CO,GB,ZONE 6,EX3
04,WIPER CO,GB,ZONE 6,EX4
04,WIPER CO,GB,ZONE 6,EX5
04,WIPER CO,GB,ZONE 6,EX6
04,WIPER CO,GB,ZONE 6,EX7
04,WIPER CO,GB,ZONE 6,EX8
04,WIPER CO,GB,ZONE 6,EX9
04,WIPER CO,GB,ZONE 6,EX10
04,WIPER CO,GB,ZONE 6,EX11
04,WIPER CO,GB,ZONE 6,EX12
04,WIPER CO,GB,ZONE 6,EX13
04,WIPER CO,GB,ZONE 6,EX14
04,WIPER CO,GB,ZONE 6,EX15
04,WIPER CO,GB,ZONE 6,EX16
04,WIPER CO,GB,ZONE 6,EX17
04,WIPER CO,GB,ZONE 7,EX18
04,WIPER CO,GB,ZONE 7,EX19
04,WIPER CO,GB,ZONE 7,EX20
04,WIPER CO,GB,ZONE 7,EX21
04,WIPER CO,GB,ZONE 7,EX22
04,WIPER CO,GB,ZONE 7,EX23
04,WIPER CO,GB,ZONE 6,EX24
04,WIPER CO,GB,ZONE 7,EX31
04,WIPER CO,GB,ZONE 7,EX32
04,WIPER CO,GB,ZONE 7,EX33
04,WIPER CO,GB,ZONE 7,EX34
04,WIPER CO,GB,ZONE 7,EX35
04,WIPER CO,GB,ZONE 7,EX36
04,WIPER CO,GB,ZONE 7,EX37
04,WIPER CO,GB,ZONE 7,EX38
04,WIPER CO,GB,ZONE 7,EX39
04,WIPER CO,GB,ZONE 5,FY0
04,WIPER CO,GB,ZONE 5,FY1
04,WIPER CO,GB,ZONE 5,FY2
04,WIPER CO,GB,ZONE 5,FY3
04,WIPER CO,GB,ZONE 5,FY4
04,WIPER CO,GB,ZONE 5,FY5
04,WIPER CO,GB,ZONE 5,FY6
04,WIPER CO,GB,ZONE 5,FY7
04,WIPER CO,GB,ZONE 5,FY8
04,WIPER CO,GB,ZONE 1,GL1
04,WIPER CO,GB,ZONE 1,GL2
04,WIPER CO,GB,ZONE 1,GL3
04,WIPER CO,GB,ZONE 1,GL4
04,WIPER CO,GB,ZONE 1,GL5
04,WIPER CO,GB,ZONE 1,GL6
04,WIPER CO,GB,ZONE 1,GL7
04,WIPER CO,GB,ZONE 1,GL8
04,WIPER CO,GB,ZONE 1,GL9
04,WIPER CO,GB,ZONE 1,GL10
04,WIPER CO,GB,ZONE 1,GL11
04,WIPER CO,GB,ZONE 1,GL12
04,WIPER CO,GB,ZONE 1,GL13
04,WIPER CO,GB,ZONE 1,GL14
04,WIPER CO,GB,ZONE 1,GL15
04,WIPER CO,GB,ZONE 1,GL16
04,WIPER CO,GB,ZONE 1,GL17
04,WIPER CO,GB,ZONE 1,GL18
04,WIPER CO,GB,ZONE 1,GL19
04,WIPER CO,GB,ZONE 1,GL20
04,WIPER CO,GB,ZONE 1,GL50
04,WIPER CO,GB,ZONE 1,GL51
04,WIPER CO,GB,ZONE 1,GL52
04,WIPER CO,GB,ZONE 1,GL53
04,WIPER CO,GB,ZONE 1,GL54
04,WIPER CO,GB,ZONE 1,GL55
04,WIPER CO,GB,ZONE 1,GL56
04,WIPER CO,GB,ZONE 2,GU1
04,WIPER CO,GB,ZONE 2,GU2
04,WIPER CO,GB,ZONE 2,GU3
04,WIPER CO,GB,ZONE 2,GU4
04,WIPER CO,GB,ZONE 2,GU5
04,WIPER CO,GB,ZONE 2,GU6
04,WIPER CO,GB,ZONE 2,GU7
04,WIPER CO,GB,ZONE 2,GU8
04,WIPER CO,GB,ZONE 2,GU9
04,WIPER CO,GB,ZONE 2,GU10
04,WIPER CO,GB,ZONE 2,GU11
04,WIPER CO,GB,ZONE 2,GU12
04,WIPER CO,GB,ZONE 2,GU14
04,WIPER CO,GB,ZONE 2,GU15
04,WIPER CO,GB,ZONE 2,GU16
04,WIPER CO,GB,ZONE 2,GU17
04,WIPER CO,GB,ZONE 2,GU18
04,WIPER CO,GB,ZONE 2,GU19
04,WIPER CO,GB,ZONE 2,GU20
04,WIPER CO,GB,ZONE 2,GU21
04,WIPER CO,GB,ZONE 2,GU22
04,WIPER CO,GB,ZONE 2,GU23
04,WIPER CO,GB,ZONE 2,GU24
04,WIPER CO,GB,ZONE 2,GU25
04,WIPER CO,GB,ZONE 2,GU26
04,WIPER CO,GB,ZONE 2,GU27
04,WIPER CO,GB,ZONE 2,GU28
04,WIPER CO,GB,ZONE 2,GU29
04,WIPER CO,GB,ZONE 2,GU30
04,WIPER CO,GB,ZONE 2,GU31
04,WIPER CO,GB,ZONE 2,GU32
04,WIPER CO,GB,ZONE 2,GU33
04,WIPER CO,GB,ZONE 2,GU34
04,WIPER CO,GB,ZONE 2,GU35
04,WIPER CO,GB,ZONE 2,GU46
04,WIPER CO,GB,ZONE 2,GU47
04,WIPER CO,GB,ZONE 2,GU51
04,WIPER CO,GB,ZONE 2,GU52
04,WIPER CO,GB,ZONE 2,GU95
04,WIPER CO,GB,ZONE 4,HA0
04,WIPER CO,GB,ZONE 4,HA1
04,WIPER CO,GB,ZONE 4,HA2
04,WIPER CO,GB,ZONE 4,HA3
04,WIPER CO,GB,ZONE 4,HA4
04,WIPER CO,GB,ZONE 4,HA5
04,WIPER CO,GB,ZONE 4,HA6
04,WIPER CO,GB,ZONE 4,HA7
04,WIPER CO,GB,ZONE 4,HA8
04,WIPER CO,GB,ZONE 4,HA9
04,WIPER CO,GB,ZONE 1,HD1
04,WIPER CO,GB,ZONE 1,HD2
04,WIPER CO,GB,ZONE 1,HD3
04,WIPER CO,GB,ZONE 1,HD4
04,WIPER CO,GB,ZONE 1,HD5
04,WIPER CO,GB,ZONE 1,HD6
04,WIPER CO,GB,ZONE 1,HD7
04,WIPER CO,GB,ZONE 1,HD8
04,WIPER CO,GB,ZONE 1,HD9
04,WIPER CO,GB,ZONE 1,HG1
04,WIPER CO,GB,ZONE 1,HG2
04,WIPER CO,GB,ZONE 1,HG3
04,WIPER CO,GB,ZONE 1,HG4
04,WIPER CO,GB,ZONE 1,HG5
04,WIPER CO,GB,ZONE 1,HP1
04,WIPER CO,GB,ZONE 1,HP2
04,WIPER CO,GB,ZONE 1,HP3
04,WIPER CO,GB,ZONE 1,HP4
04,WIPER CO,GB,ZONE 1,HP5
04,WIPER CO,GB,ZONE 1,HP6
04,WIPER CO,GB,ZONE 1,HP7
04,WIPER CO,GB,ZONE 1,HP8
04,WIPER CO,GB,ZONE 1,HP9
04,WIPER CO,GB,ZONE 1,HP10
04,WIPER CO,GB,ZONE 1,HP11
04,WIPER CO,GB,ZONE 1,HP12
04,WIPER CO,GB,ZONE 1,HP13
04,WIPER CO,GB,ZONE 1,HP14
04,WIPER CO,GB,ZONE 1,HP15
04,WIPER CO,GB,ZONE 1,HP16
04,WIPER CO,GB,ZONE 1,HP17
04,WIPER CO,GB,ZONE 1,HP18
04,WIPER CO,GB,ZONE 1,HP19
04,WIPER CO,GB,ZONE 1,HP20
04,WIPER CO,GB,ZONE 1,HP21
04,WIPER CO,GB,ZONE 1,HP22
04,WIPER CO,GB,ZONE 1,HP23
04,WIPER CO,GB,ZONE 1,HP27
04,WIPER CO,GB,ZONE 5,HR1
04,WIPER CO,GB,ZONE 5,HR2
04,WIPER CO,GB,ZONE 5,HR3
04,WIPER CO,GB,ZONE 5,HR4
04,WIPER CO,GB,ZONE 5,HR5
04,WIPER CO,GB,ZONE 5,HR6
04,WIPER CO,GB,ZONE 5,HR7
04,WIPER CO,GB,ZONE 5,HR8
04,WIPER CO,GB,ZONE 5,HR9
04,WIPER CO,GB,ZONE 5,HU1
04,WIPER CO,GB,ZONE 5,HU2
04,WIPER CO,GB,ZONE 5,HU3
04,WIPER CO,GB,ZONE 5,HU4
04,WIPER CO,GB,ZONE 5,HU5
04,WIPER CO,GB,ZONE 5,HU6
04,WIPER CO,GB,ZONE 5,HU7
04,WIPER CO,GB,ZONE 5,HU8
04,WIPER CO,GB,ZONE 5,HU9
04,WIPER CO,GB,ZONE 5,HU10
04,WIPER CO,GB,ZONE 5,HU11
04,WIPER CO,GB,ZONE 5,HU12
04,WIPER CO,GB,ZONE 5,HU13
04,WIPER CO,GB,ZONE 5,HU14
04,WIPER CO,GB,ZONE 5,HU15
04,WIPER CO,GB,ZONE 5,HU16
04,WIPER CO,GB,ZONE 5,HU17
04,WIPER CO,GB,ZONE 5,HU18
04,WIPER CO,GB,ZONE 5,HU19
04,WIPER CO,GB,ZONE 5,HU20
04,WIPER CO,GB,ZONE 1,HX1
04,WIPER CO,GB,ZONE 1,HX2
04,WIPER CO,GB,ZONE 1,HX3
04,WIPER CO,GB,ZONE 1,HX4
04,WIPER CO,GB,ZONE 1,HX5
04,WIPER CO,GB,ZONE 1,HX6
04,WIPER CO,GB,ZONE 1,HX7
04,WIPER CO,GB,ZONE 4,IG1
04,WIPER CO,GB,ZONE 4,IG2
04,WIPER CO,GB,ZONE 4,IG3
04,WIPER CO,GB,ZONE 4,IG4
04,WIPER CO,GB,ZONE 4,IG5
04,WIPER CO,GB,ZONE 4,IG6
04,WIPER CO,GB,ZONE 4,IG7
04,WIPER CO,GB,ZONE 4,IG8
04,WIPER CO,GB,ZONE 4,IG9
04,WIPER CO,GB,ZONE 4,IG10
04,WIPER CO,GB,ZONE 4,IG11
04,WIPER CO,GB,ZONE 5,IP1
04,WIPER CO,GB,ZONE 5,IP2
04,WIPER CO,GB,ZONE 5,IP3
04,WIPER CO,GB,ZONE 5,IP4
04,WIPER CO,GB,ZONE 5,IP5
04,WIPER CO,GB,ZONE 5,IP6
04,WIPER CO,GB,ZONE 5,IP7
04,WIPER CO,GB,ZONE 5,IP8
04,WIPER CO,GB,ZONE 5,IP9
04,WIPER CO,GB,ZONE 5,IP10
04,WIPER CO,GB,ZONE 5,IP11
04,WIPER CO,GB,ZONE 5,IP12
04,WIPER CO,GB,ZONE 5,IP13
04,WIPER CO,GB,ZONE 5,IP14
04,WIPER CO,GB,ZONE 5,IP15
04,WIPER CO,GB,ZONE 5,IP16
04,WIPER CO,GB,ZONE 5,IP17
04,WIPER CO,GB,ZONE 5,IP18
04,WIPER CO,GB,ZONE 5,IP19
04,WIPER CO,GB,ZONE 5,IP20
04,WIPER CO,GB,ZONE 5,IP21
04,WIPER CO,GB,ZONE 5,IP22
04,WIPER CO,GB,ZONE 5,IP23
04,WIPER CO,GB,ZONE 5,IP24
04,WIPER CO,GB,ZONE 5,IP25
04,WIPER CO,GB,ZONE 5,IP26
04,WIPER CO,GB,ZONE 5,IP27
04,WIPER CO,GB,ZONE 5,IP28
04,WIPER CO,GB,ZONE 5,IP29
04,WIPER CO,GB,ZONE 5,IP30
04,WIPER CO,GB,ZONE 5,IP31
04,WIPER CO,GB,ZONE 5,IP32
04,WIPER CO,GB,ZONE 5,IP33
04,WIPER CO,GB,ZONE 5,IP98
04,WIPER CO,GB,ZONE 4,KT1
04,WIPER CO,GB,ZONE 4,KT2
04,WIPER CO,GB,ZONE 4,KT3
04,WIPER CO,GB,ZONE 4,KT4
04,WIPER CO,GB,ZONE 4,KT5
04,WIPER CO,GB,ZONE 4,KT6
04,WIPER CO,GB,ZONE 4,KT7
04,WIPER CO,GB,ZONE 4,KT8
04,WIPER CO,GB,ZONE 4,KT9
04,WIPER CO,GB,ZONE 4,KT10
04,WIPER CO,GB,ZONE 4,KT11
04,WIPER CO,GB,ZONE 4,KT12
04,WIPER CO,GB,ZONE 4,KT13
04,WIPER CO,GB,ZONE 4,KT14
04,WIPER CO,GB,ZONE 4,KT15
04,WIPER CO,GB,ZONE 4,KT16
04,WIPER CO,GB,ZONE 4,KT17
04,WIPER CO,GB,ZONE 4,KT18
04,WIPER CO,GB,ZONE 4,KT19
04,WIPER CO,GB,ZONE 4,KT20
04,WIPER CO,GB,ZONE 4,KT21
04,WIPER CO,GB,ZONE 4,KT22
04,WIPER CO,GB,ZONE 4,KT23
04,WIPER CO,GB,ZONE 4,KT24
04,WIPER CO,GB,ZONE 0,L1
04,WIPER CO,GB,ZONE 0,L2
04,WIPER CO,GB,ZONE 0,L3
04,WIPER CO,GB,ZONE 0,L4
04,WIPER CO,GB,ZONE 0,L5
04,WIPER CO,GB,ZONE 0,L6
04,WIPER CO,GB,ZONE 0,L7
04,WIPER CO,GB,ZONE 0,L8
04,WIPER CO,GB,ZONE 0,L9
04,WIPER CO,GB,ZONE 0,L10
04,WIPER CO,GB,ZONE 0,L11
04,WIPER CO,GB,ZONE 0,L12
04,WIPER CO,GB,ZONE 0,L13
04,WIPER CO,GB,ZONE 0,L14
04,WIPER CO,GB,ZONE 0,L15
04,WIPER CO,GB,ZONE 0,L16
04,WIPER CO,GB,ZONE 0,L17
04,WIPER CO,GB,ZONE 0,L18
04,WIPER CO,GB,ZONE 0,L19
04,WIPER CO,GB,ZONE 0,L20
04,WIPER CO,GB,ZONE 0,L21
04,WIPER CO,GB,ZONE 0,L22
04,WIPER CO,GB,ZONE 0,L23
04,WIPER CO,GB,ZONE 0,L24
04,WIPER CO,GB,ZONE 0,L25
04,WIPER CO,GB,ZONE 0,L26
04,WIPER CO,GB,ZONE 0,L27
04,WIPER CO,GB,ZONE 0,L28
04,WIPER CO,GB,ZONE 0,L29
04,WIPER CO,GB,ZONE 0,L30
04,WIPER CO,GB,ZONE 0,L31
04,WIPER CO,GB,ZONE 0,L32
04,WIPER CO,GB,ZONE 0,L33
04,WIPER CO,GB,ZONE 0,L34
04,WIPER CO,GB,ZONE 0,L35
04,WIPER CO,GB,ZONE 0,L36
04,WIPER CO,GB,ZONE 0,L37
04,WIPER CO,GB,ZONE 0,L38
04,WIPER CO,GB,ZONE 0,L39
04,WIPER CO,GB,ZONE 0,L40
04,WIPER CO,GB,ZONE 0,L67
04,WIPER CO,GB,ZONE 0,L68
04,WIPER CO,GB,ZONE 0,L69
04,WIPER CO,GB,ZONE 0,L70
04,WIPER CO,GB,ZONE 0,L71
04,WIPER CO,GB,ZONE 0,L72
04,WIPER CO,GB,ZONE 0,L73
04,WIPER CO,GB,ZONE 0,L74
04,WIPER CO,GB,ZONE 0,L75
04,WIPER CO,GB,ZONE 0,L99
04,WIPER CO,GB,ZONE 6,LA1
04,WIPER CO,GB,ZONE 6,LA2
04,WIPER CO,GB,ZONE 6,LA3
04,WIPER CO,GB,ZONE 6,LA4
04,WIPER CO,GB,ZONE 6,LA5
04,WIPER CO,GB,ZONE 6,LA6
04,WIPER CO,GB,ZONE 6,LA7
04,WIPER CO,GB,ZONE 6,LA8
04,WIPER CO,GB,ZONE 6,LA9
04,WIPER CO,GB,ZONE 6,LA10
04,WIPER CO,GB,ZONE 6,LA11
04,WIPER CO,GB,ZONE 6,LA12
04,WIPER CO,GB,ZONE 6,LA13
04,WIPER CO,GB,ZONE 6,LA14
04,WIPER CO,GB,ZONE 6,LA15
04,WIPER CO,GB,ZONE 6,LA16
04,WIPER CO,GB,ZONE 6,LA17
04,WIPER CO,GB,ZONE 6,LA18
04,WIPER CO,GB,ZONE 6,LA19
04,WIPER CO,GB,ZONE 6,LA20
04,WIPER CO,GB,ZONE 6,LA21
04,WIPER CO,GB,ZONE 6,LA22
04,WIPER CO,GB,ZONE 6,LA23
04,WIPER CO,GB,ZONE 7,LD1
04,WIPER CO,GB,ZONE 7,LD2
04,WIPER CO,GB,ZONE 7,LD3
04,WIPER CO,GB,ZONE 7,LD4
04,WIPER CO,GB,ZONE 7,LD5
04,WIPER CO,GB,ZONE 7,LD6
04,WIPER CO,GB,ZONE 7,LD7
04,WIPER CO,GB,ZONE 7,LD8
04,WIPER CO,GB,ZONE 1,LE1
04,WIPER CO,GB,ZONE 1,LE2
04,WIPER CO,GB,ZONE 1,LE3
04,WIPER CO,GB,ZONE 1,LE4
04,WIPER CO,GB,ZONE 1,LE5
04,WIPER CO,GB,ZONE 1,LE6
04,WIPER CO,GB,ZONE 1,LE7
04,WIPER CO,GB,ZONE 1,LE8
04,WIPER CO,GB,ZONE 1,LE9
04,WIPER CO,GB,ZONE 1,LE10
04,WIPER CO,GB,ZONE 1,LE11
04,WIPER CO,GB,ZONE 1,LE12
04,WIPER CO,GB,ZONE 1,LE13
04,WIPER CO,GB,ZONE 1,LE14
04,WIPER CO,GB,ZONE 1,LE15
04,WIPER CO,GB,ZONE 1,LE16
04,WIPER CO,GB,ZONE 1,LE17
04,WIPER CO,GB,ZONE 1,LE18
04,WIPER CO,GB,ZONE 1,LE19
04,WIPER CO,GB,ZONE 1,LE21
04,WIPER CO,GB,ZONE 1,LE41
04,WIPER CO,GB,ZONE 1,LE55
04,WIPER CO,GB,ZONE 1,LE65
04,WIPER CO,GB,ZONE 1,LE67
04,WIPER CO,GB,ZONE 1,LE87
04,WIPER CO,GB,ZONE 1,LE94
04,WIPER CO,GB,ZONE 1,LE95
04,WIPER CO,GB,ZONE 7,LL11
04,WIPER CO,GB,ZONE 7,LL12
04,WIPER CO,GB,ZONE 7,LL13
04,WIPER CO,GB,ZONE 7,LL14
04,WIPER CO,GB,ZONE 7,LL15
04,WIPER CO,GB,ZONE 7,LL16
04,WIPER CO,GB,ZONE 7,LL17
04,WIPER CO,GB,ZONE 7,LL18
04,WIPER CO,GB,ZONE 7,LL19
04,WIPER CO,GB,ZONE 7,LL20
04,WIPER CO,GB,ZONE 7,LL21
04,WIPER CO,GB,ZONE 7,LL22
04,WIPER CO,GB,ZONE 7,LL23
04,WIPER CO,GB,ZONE 7,LL24
04,WIPER CO,GB,ZONE 7,LL25
04,WIPER CO,GB,ZONE 7,LL26
04,WIPER CO,GB,ZONE 7,LL27
04,WIPER CO,GB,ZONE 7,LL28
04,WIPER CO,GB,ZONE 7,LL29
04,WIPER CO,GB,ZONE 7,LL30
04,WIPER CO,GB,ZONE 7,LL31
04,WIPER CO,GB,ZONE 7,LL32
04,WIPER CO,GB,ZONE 7,LL33
04,WIPER CO,GB,ZONE 7,LL34
04,WIPER CO,GB,ZONE 7,LL35
04,WIPER CO,GB,ZONE 7,LL36
04,WIPER CO,GB,ZONE 7,LL37
04,WIPER CO,GB,ZONE 7,LL38
04,WIPER CO,GB,ZONE 7,LL39
04,WIPER CO,GB,ZONE 7,LL40
04,WIPER CO,GB,ZONE 7,LL41
04,WIPER CO,GB,ZONE 7,LL42
04,WIPER CO,GB,ZONE 7,LL43
04,WIPER CO,GB,ZONE 7,LL44
04,WIPER CO,GB,ZONE 7,LL45
04,WIPER CO,GB,ZONE 7,LL46
04,WIPER CO,GB,ZONE 7,LL47
04,WIPER CO,GB,ZONE 7,LL48
04,WIPER CO,GB,ZONE 7,LL49
04,WIPER CO,GB,ZONE 7,LL51
04,WIPER CO,GB,ZONE 7,LL52
04,WIPER CO,GB,ZONE 7,LL53
04,WIPER CO,GB,ZONE 7,LL54
04,WIPER CO,GB,ZONE 7,LL55
04,WIPER CO,GB,ZONE 7,LL56
04,WIPER CO,GB,ZONE 7,LL57
04,WIPER CO,GB,ZONE 7,LL58
04,WIPER CO,GB,ZONE 7,LL59
04,WIPER CO,GB,ZONE 7,LL60
04,WIPER CO,GB,ZONE 7,LL61
04,WIPER CO,GB,ZONE 7,LL62
04,WIPER CO,GB,ZONE 7,LL63
04,WIPER CO,GB,ZONE 7,LL64
04,WIPER CO,GB,ZONE 7,LL65
04,WIPER CO,GB,ZONE 7,LL66
04,WIPER CO,GB,ZONE 7,LL67
04,WIPER CO,GB,ZONE 7,LL68
04,WIPER CO,GB,ZONE 7,LL69
04,WIPER CO,GB,ZONE 7,LL70
04,WIPER CO,GB,ZONE 7,LL71
04,WIPER CO,GB,ZONE 7,LL72
04,WIPER CO,GB,ZONE 7,LL73
04,WIPER CO,GB,ZONE 7,LL74
04,WIPER CO,GB,ZONE 7,LL75
04,WIPER CO,GB,ZONE 7,LL76
04,WIPER CO,GB,ZONE 7,LL77
04,WIPER CO,GB,ZONE 7,LL78
04,WIPER CO,GB,ZONE 5,LN1
04,WIPER CO,GB,ZONE 5,LN2
04,WIPER CO,GB,ZONE 5,LN3
04,WIPER CO,GB,ZONE 5,LN4
04,WIPER CO,GB,ZONE 5,LN5
04,WIPER CO,GB,ZONE 5,LN6
04,WIPER CO,GB,ZONE 5,LN7
04,WIPER CO,GB,ZONE 5,LN8
04,WIPER CO,GB,ZONE 5,LN9
04,WIPER CO,GB,ZONE 5,LN10
04,WIPER CO,GB,ZONE 5,LN11
04,WIPER CO,GB,ZONE 5,LN12
04,WIPER CO,GB,ZONE 5,LN13
04,WIPER CO,GB,ZONE 1,LS1
04,WIPER CO,GB,ZONE 1,LS2
04,WIPER CO,GB,ZONE 1,LS3
04,WIPER CO,GB,ZONE 1,LS4
04,WIPER CO,GB,ZONE 1,LS5
04,WIPER CO,GB,ZONE 1,LS6
04,WIPER CO,GB,ZONE 1,LS7
04,WIPER CO,GB,ZONE 1,LS8
04,WIPER CO,GB,ZONE 1,LS9
04,WIPER CO,GB,ZONE 1,LS10
04,WIPER CO,GB,ZONE 1,LS11
04,WIPER CO,GB,ZONE 1,LS12
04,WIPER CO,GB,ZONE 1,LS13
04,WIPER CO,GB,ZONE 1,LS14
04,WIPER CO,GB,ZONE 1,LS15
04,WIPER CO,GB,ZONE 1,LS16
04,WIPER CO,GB,ZONE 1,LS17
04,WIPER CO,GB,ZONE 1,LS18
04,WIPER CO,GB,ZONE 1,LS19
04,WIPER CO,GB,ZONE 1,LS20
04,WIPER CO,GB,ZONE 1,LS21
04,WIPER CO,GB,ZONE 1,LS22
04,WIPER CO,GB,ZONE 1,LS23
04,WIPER CO,GB,ZONE 1,LS24
04,WIPER CO,GB,ZONE 1,LS25
04,WIPER CO,GB,ZONE 1,LS26
04,WIPER CO,GB,ZONE 1,LS27
04,WIPER CO,GB,ZONE 1,LS28
04,WIPER CO,GB,ZONE 1,LS29
04,WIPER CO,GB,ZONE 1,LS88
04,WIPER CO,GB,ZONE 1,LS98
04,WIPER CO,GB,ZONE 1,LS99
04,WIPER CO,GB,ZONE 1,LU1
04,WIPER CO,GB,ZONE 1,LU2
04,WIPER CO,GB,ZONE 1,LU3
04,WIPER CO,GB,ZONE 1,LU4
04,WIPER CO,GB,ZONE 1,LU5
04,WIPER CO,GB,ZONE 1,LU6
04,WIPER CO,GB,ZONE 1,LU7
04,WIPER CO,GB,ZONE 1,LU95
04,WIPER CO,GB,ZONE 1,M1
04,WIPER CO,GB,ZONE 1,M2
04,WIPER CO,GB,ZONE 1,M3
04,WIPER CO,GB,ZONE 1,M4
04,WIPER CO,GB,ZONE 1,M5
04,WIPER CO,GB,ZONE 1,M6
04,WIPER CO,GB,ZONE 1,M7
04,WIPER CO,GB,ZONE 1,M8
04,WIPER CO,GB,ZONE 1,M9
04,WIPER CO,GB,ZONE 1,M11
04,WIPER CO,GB,ZONE 1,M12
04,WIPER CO,GB,ZONE 1,M13
04,WIPER CO,GB,ZONE 1,M14
04,WIPER CO,GB,ZONE 1,M15
04,WIPER CO,GB,ZONE 1,M16
04,WIPER CO,GB,ZONE 1,M17
04,WIPER CO,GB,ZONE 1,M18
04,WIPER CO,GB,ZONE 1,M19
04,WIPER CO,GB,ZONE 1,M20
04,WIPER CO,GB,ZONE 1,M21
04,WIPER CO,GB,ZONE 1,M22
04,WIPER CO,GB,ZONE 1,M23
04,WIPER CO,GB,ZONE 1,M24
04,WIPER CO,GB,ZONE 1,M25
04,WIPER CO,GB,ZONE 1,M26
04,WIPER CO,GB,ZONE 1,M27
04,WIPER CO,GB,ZONE 1,M28
04,WIPER CO,GB,ZONE 1,M29
04,WIPER CO,GB,ZONE 1,M30
04,WIPER CO,GB,ZONE 1,M31
04,WIPER CO,GB,ZONE 1,M32
04,WIPER CO,GB,ZONE 1,M33
04,WIPER CO,GB,ZONE 1,M34
04,WIPER CO,GB,ZONE 1,M35
04,WIPER CO,GB,ZONE 1,M38
04,WIPER CO,GB,ZONE 1,M40
04,WIPER CO,GB,ZONE 1,M41
04,WIPER CO,GB,ZONE 1,M43
04,WIPER CO,GB,ZONE 1,M44
04,WIPER CO,GB,ZONE 1,M45
04,WIPER CO,GB,ZONE 1,M46
04,WIPER CO,GB,ZONE 1,M50
04,WIPER CO,GB,ZONE 1,M60
04,WIPER CO,GB,ZONE 1,M61
04,WIPER CO,GB,ZONE 1,M90
04,WIPER CO,GB,ZONE 1,M99
04,WIPER CO,GB,ZONE 5,ME1
04,WIPER CO,GB,ZONE 5,ME2
04,WIPER CO,GB,ZONE 5,ME3
04,WIPER CO,GB,ZONE 5,ME4
04,WIPER CO,GB,ZONE 5,ME5
04,WIPER CO,GB,ZONE 5,ME6
04,WIPER CO,GB,ZONE 5,ME7
04,WIPER CO,GB,ZONE 5,ME8
04,WIPER CO,GB,ZONE 5,ME9
04,WIPER CO,GB,ZONE 5,ME10
04,WIPER CO,GB,ZONE 5,ME11
04,WIPER CO,GB,ZONE 5,ME12
04,WIPER CO,GB,ZONE 5,ME13
04,WIPER CO,GB,ZONE 5,ME14
04,WIPER CO,GB,ZONE 5,ME15
04,WIPER CO,GB,ZONE 5,ME16
04,WIPER CO,GB,ZONE 5,ME17
04,WIPER CO,GB,ZONE 5,ME18
04,WIPER CO,GB,ZONE 5,ME19
04,WIPER CO,GB,ZONE 5,ME20
04,WIPER CO,GB,ZONE 5,ME99
04,WIPER CO,GB,ZONE 1,MK1
04,WIPER CO,GB,ZONE 1,MK2
04,WIPER CO,GB,ZONE 1,MK3
04,WIPER CO,GB,ZONE 1,MK4
04,WIPER CO,GB,ZONE 1,MK5
04,WIPER CO,GB,ZONE 1,MK6
04,WIPER CO,GB,ZONE 1,MK7
04,WIPER CO,GB,ZONE 1,MK8
04,WIPER CO,GB,ZONE 1,MK9
04,WIPER CO,GB,ZONE 1,MK10
04,WIPER CO,GB,ZONE 1,MK11
04,WIPER CO,GB,ZONE 1,MK12
04,WIPER CO,GB,ZONE 1,MK13
04,WIPER CO,GB,ZONE 1,MK14
04,WIPER CO,GB,ZONE 1,MK15
04,WIPER CO,GB,ZONE 1,MK16
04,WIPER CO,GB,ZONE 1,MK17
04,WIPER CO,GB,ZONE 1,MK18
04,WIPER CO,GB,ZONE 1,MK19
04,WIPER CO,GB,ZONE 1,MK40
04,WIPER CO,GB,ZONE 1,MK41
04,WIPER CO,GB,ZONE 1,MK42
04,WIPER CO,GB,ZONE 1,MK43
04,WIPER CO,GB,ZONE 1,MK44
04,WIPER CO,GB,ZONE 1,MK45
04,WIPER CO,GB,ZONE 1,MK46
04,WIPER CO,GB,ZONE 1,MK77
04,WIPER CO,GB,ZONE 3,N1C
04,WIPER CO,GB,ZONE 3,N1
04,WIPER CO,GB,ZONE 3,N2
04,WIPER CO,GB,ZONE 3,N3
04,WIPER CO,GB,ZONE 3,N4
04,WIPER CO,GB,ZONE 3,N5
04,WIPER CO,GB,ZONE 3,N6
04,WIPER CO,GB,ZONE 3,N7
04,WIPER CO,GB,ZONE 3,N8
04,WIPER CO,GB,ZONE 3,N9
04,WIPER CO,GB,ZONE 3,N10
04,WIPER CO,GB,ZONE 3,N11
04,WIPER CO,GB,ZONE 3,N12
04,WIPER CO,GB,ZONE 3,N13
04,WIPER CO,GB,ZONE 3,N14
04,WIPER CO,GB,ZONE 3,N15
04,WIPER CO,GB,ZONE 3,N16
04,WIPER CO,GB,ZONE 3,N17
04,WIPER CO,GB,ZONE 3,N18
04,WIPER CO,GB,ZONE 3,N19
04,WIPER CO,GB,ZONE 3,N20
04,WIPER CO,GB,ZONE 3,N21
04,WIPER CO,GB,ZONE 3,N22
04,WIPER CO,GB,ZONE 3,N81
04,WIPER CO,GB,ZONE 5,NE1
04,WIPER CO,GB,ZONE 5,NE2
04,WIPER CO,GB,ZONE 5,NE3
04,WIPER CO,GB,ZONE 5,NE4
04,WIPER CO,GB,ZONE 5,NE5
04,WIPER CO,GB,ZONE 5,NE6
04,WIPER CO,GB,ZONE 5,NE7
04,WIPER CO,GB,ZONE 5,NE8
04,WIPER CO,GB,ZONE 5,NE9
04,WIPER CO,GB,ZONE 5,NE10
04,WIPER CO,GB,ZONE 5,NE11
04,WIPER CO,GB,ZONE 5,NE12
04,WIPER CO,GB,ZONE 5,NE13
04,WIPER CO,GB,ZONE 5,NE15
04,WIPER CO,GB,ZONE 5,NE16
04,WIPER CO,GB,ZONE 5,NE17
04,WIPER CO,GB,ZONE 5,NE18
04,WIPER CO,GB,ZONE 5,NE19
04,WIPER CO,GB,ZONE 5,NE20
04,WIPER CO,GB,ZONE 5,NE21
04,WIPER CO,GB,ZONE 5,NE22
04,WIPER CO,GB,ZONE 5,NE23
04,WIPER CO,GB,ZONE 5,NE24
04,WIPER CO,GB,ZONE 5,NE25
04,WIPER CO,GB,ZONE 5,NE26
04,WIPER CO,GB,ZONE 5,NE27
04,WIPER CO,GB,ZONE 5,NE28
04,WIPER CO,GB,ZONE 5,NE29
04,WIPER CO,GB,ZONE 5,NE30
04,WIPER CO,GB,ZONE 5,NE31
04,WIPER CO,GB,ZONE 5,NE32
04,WIPER CO,GB,ZONE 5,NE33
04,WIPER CO,GB,ZONE 5,NE34
04,WIPER CO,GB,ZONE 5,NE35
04,WIPER CO,GB,ZONE 5,NE36
04,WIPER CO,GB,ZONE 5,NE37
04,WIPER CO,GB,ZONE 5,NE38
04,WIPER CO,GB,ZONE 5,NE39
04,WIPER CO,GB,ZONE 5,NE40
04,WIPER CO,GB,ZONE 5,NE41
04,WIPER CO,GB,ZONE 5,NE42
04,WIPER CO,GB,ZONE 5,NE43
04,WIPER CO,GB,ZONE 5,NE44
04,WIPER CO,GB,ZONE 5,NE45
04,WIPER CO,GB,ZONE 5,NE46
04,WIPER CO,GB,ZONE 5,NE47
04,WIPER CO,GB,ZONE 5,NE48
04,WIPER CO,GB,ZONE 5,NE49
04,WIPER CO,GB,ZONE 5,NE61
04,WIPER CO,GB,ZONE 5,NE62
04,WIPER CO,GB,ZONE 5,NE63
04,WIPER CO,GB,ZONE 5,NE64
04,WIPER CO,GB,ZONE 5,NE65
04,WIPER CO,GB,ZONE 5,NE66
04,WIPER CO,GB,ZONE 5,NE67
04,WIPER CO,GB,ZONE 5,NE68
04,WIPER CO,GB,ZONE 5,NE69
04,WIPER CO,GB,ZONE 5,NE70
04,WIPER CO,GB,ZONE 5,NE71
04,WIPER CO,GB,ZONE 5,NE82
04,WIPER CO,GB,ZONE 5,NE83
04,WIPER CO,GB,ZONE 5,NE85
04,WIPER CO,GB,ZONE 5,NE88
04,WIPER CO,GB,ZONE 5,NE98
04,WIPER CO,GB,ZONE 5,NE99
04,WIPER CO,GB,ZONE 1,NG1
04,WIPER CO,GB,ZONE 1,NG2
04,WIPER CO,GB,ZONE 1,NG3
04,WIPER CO,GB,ZONE 1,NG4
04,WIPER CO,GB,ZONE 1,NG5
04,WIPER CO,GB,ZONE 1,NG6
04,WIPER CO,GB,ZONE 1,NG7
04,WIPER CO,GB,ZONE 1,NG8
04,WIPER CO,GB,ZONE 1,NG9
04,WIPER CO,GB,ZONE 1,NG10
04,WIPER CO,GB,ZONE 1,NG11
04,WIPER CO,GB,ZONE 1,NG12
04,WIPER CO,GB,ZONE 1,NG13
04,WIPER CO,GB,ZONE 1,NG14
04,WIPER CO,GB,ZONE 1,NG15
04,WIPER CO,GB,ZONE 1,NG16
04,WIPER CO,GB,ZONE 1,NG17
04,WIPER CO,GB,ZONE 1,NG18
04,WIPER CO,GB,ZONE 1,NG19
04,WIPER CO,GB,ZONE 1,NG20
04,WIPER CO,GB,ZONE 1,NG21
04,WIPER CO,GB,ZONE 1,NG22
04,WIPER CO,GB,ZONE 1,NG23
04,WIPER CO,GB,ZONE 1,NG24
04,WIPER CO,GB,ZONE 1,NG25
04,WIPER CO,GB,ZONE 1,NG31
04,WIPER CO,GB,ZONE 1,NG32
04,WIPER CO,GB,ZONE 1,NG33
04,WIPER CO,GB,ZONE 1,NG34
04,WIPER CO,GB,ZONE 1,NG70
04,WIPER CO,GB,ZONE 1,NG80
04,WIPER CO,GB,ZONE 1,NG90
04,WIPER CO,GB,ZONE 1,NN1
04,WIPER CO,GB,ZONE 1,NN2
04,WIPER CO,GB,ZONE 1,NN3
04,WIPER CO,GB,ZONE 1,NN4
04,WIPER CO,GB,ZONE 1,NN5
04,WIPER CO,GB,ZONE 1,NN6
04,WIPER CO,GB,ZONE 1,NN7
04,WIPER CO,GB,ZONE 1,NN8
04,WIPER CO,GB,ZONE 1,NN9
04,WIPER CO,GB,ZONE 1,NN10
04,WIPER CO,GB,ZONE 1,NN11
04,WIPER CO,GB,ZONE 1,NN12
04,WIPER CO,GB,ZONE 1,NN13
04,WIPER CO,GB,ZONE 1,NN14
04,WIPER CO,GB,ZONE 1,NN15
04,WIPER CO,GB,ZONE 1,NN16
04,WIPER CO,GB,ZONE 1,NN17
04,WIPER CO,GB,ZONE 1,NN18
04,WIPER CO,GB,ZONE 1,NN29
04,WIPER CO,GB,ZONE 6,NP4
04,WIPER CO,GB,ZONE 6,NP7
04,WIPER CO,GB,ZONE 6,NP8
04,WIPER CO,GB,ZONE 6,NP9
04,WIPER CO,GB,ZONE 6,NP10
04,WIPER CO,GB,ZONE 6,NP11
04,WIPER CO,GB,ZONE 6,NP12
04,WIPER CO,GB,ZONE 6,NP13
04,WIPER CO,GB,ZONE 6,NP15
04,WIPER CO,GB,ZONE 6,NP16
04,WIPER CO,GB,ZONE 6,NP18
04,WIPER CO,GB,ZONE 6,NP19
04,WIPER CO,GB,ZONE 6,NP20
04,WIPER CO,GB,ZONE 6,NP22
04,WIPER CO,GB,ZONE 6,NP23
04,WIPER CO,GB,ZONE 6,NP24
04,WIPER CO,GB,ZONE 6,NP25
04,WIPER CO,GB,ZONE 6,NP26
04,WIPER CO,GB,ZONE 6,NP44
04,WIPER CO,GB,ZONE 5,NR1
04,WIPER CO,GB,ZONE 5,NR2
04,WIPER CO,GB,ZONE 5,NR3
04,WIPER CO,GB,ZONE 5,NR4
04,WIPER CO,GB,ZONE 5,NR5
04,WIPER CO,GB,ZONE 5,NR6
04,WIPER CO,GB,ZONE 5,NR7
04,WIPER CO,GB,ZONE 5,NR8
04,WIPER CO,GB,ZONE 5,NR9
04,WIPER CO,GB,ZONE 5,NR10
04,WIPER CO,GB,ZONE 5,NR11
04,WIPER CO,GB,ZONE 5,NR12
04,WIPER CO,GB,ZONE 5,NR13
04,WIPER CO,GB,ZONE 5,NR14
04,WIPER CO,GB,ZONE 5,NR15
04,WIPER CO,GB,ZONE 5,NR16
04,WIPER CO,GB,ZONE 5,NR17
04,WIPER CO,GB,ZONE 5,NR18
04,WIPER CO,GB,ZONE 5,NR19
04,WIPER CO,GB,ZONE 5,NR20
04,WIPER CO,GB,ZONE 5,NR21
04,WIPER CO,GB,ZONE 5,NR22
04,WIPER CO,GB,ZONE 5,NR23
04,WIPER CO,GB,ZONE 5,NR24
04,WIPER CO,GB,ZONE 5,NR25
04,WIPER CO,GB,ZONE 5,NR26
04,WIPER CO,GB,ZONE 5,NR27
04,WIPER CO,GB,ZONE 5,NR28
04,WIPER CO,GB,ZONE 5,NR29
04,WIPER CO,GB,ZONE 5,NR30
04,WIPER CO,GB,ZONE 5,NR31
04,WIPER CO,GB,ZONE 5,NR32
04,WIPER CO,GB,ZONE 5,NR33
04,WIPER CO,GB,ZONE 5,NR34
04,WIPER CO,GB,ZONE 5,NR35
04,WIPER CO,GB,ZONE 5,NR99
04,WIPER CO,GB,ZONE 3,NW1
04,WIPER CO,GB,ZONE 3,NW2
04,WIPER CO,GB,ZONE 3,NW3
04,WIPER CO,GB,ZONE 3,NW4
04,WIPER CO,GB,ZONE 3,NW5
04,WIPER CO,GB,ZONE 3,NW6
04,WIPER CO,GB,ZONE 3,NW7
04,WIPER CO,GB,ZONE 3,NW8
04,WIPER CO,GB,ZONE 3,NW9
04,WIPER CO,GB,ZONE 3,NW10
04,WIPER CO,GB,ZONE 3,NW11
04,WIPER CO,GB,ZONE 3,NW1W
04,WIPER CO,GB,ZONE 1,OL1
04,WIPER CO,GB,ZONE 1,OL2
04,WIPER CO,GB,ZONE 1,OL3
04,WIPER CO,GB,ZONE 1,OL4
04,WIPER CO,GB,ZONE 1,OL5
04,WIPER CO,GB,ZONE 1,OL6
04,WIPER CO,GB,ZONE 1,OL7
04,WIPER CO,GB,ZONE 1,OL8
04,WIPER CO,GB,ZONE 1,OL9
04,WIPER CO,GB,ZONE 1,OL10
04,WIPER CO,GB,ZONE 1,OL11
04,WIPER CO,GB,ZONE 1,OL12
04,WIPER CO,GB,ZONE 1,OL13
04,WIPER CO,GB,ZONE 1,OL14
04,WIPER CO,GB,ZONE 1,OL15
04,WIPER CO,GB,ZONE 1,OL16
04,WIPER CO,GB,ZONE 1,OL95
04,WIPER CO,GB,ZONE 5,OX1
04,WIPER CO,GB,ZONE 5,OX2
04,WIPER CO,GB,ZONE 5,OX3
04,WIPER CO,GB,ZONE 5,OX4
04,WIPER CO,GB,ZONE 5,OX5
04,WIPER CO,GB,ZONE 5,OX7
04,WIPER CO,GB,ZONE 5,OX9
04,WIPER CO,GB,ZONE 5,OX10
04,WIPER CO,GB,ZONE 5,OX11
04,WIPER CO,GB,ZONE 5,OX12
04,WIPER CO,GB,ZONE 5,OX13
04,WIPER CO,GB,ZONE 5,OX14
04,WIPER CO,GB,ZONE 5,OX15
04,WIPER CO,GB,ZONE 5,OX16
04,WIPER CO,GB,ZONE 5,OX17
04,WIPER CO,GB,ZONE 5,OX18
04,WIPER CO,GB,ZONE 5,OX20
04,WIPER CO,GB,ZONE 5,OX25
04,WIPER CO,GB,ZONE 5,OX26
04,WIPER CO,GB,ZONE 5,OX27
04,WIPER CO,GB,ZONE 5,OX28
04,WIPER CO,GB,ZONE 5,OX29
04,WIPER CO,GB,ZONE 5,OX33
04,WIPER CO,GB,ZONE 5,OX39
04,WIPER CO,GB,ZONE 5,OX44
04,WIPER CO,GB,ZONE 5,OX49
04,WIPER CO,GB,ZONE 5,PE1
04,WIPER CO,GB,ZONE 5,PE2
04,WIPER CO,GB,ZONE 5,PE3
04,WIPER CO,GB,ZONE 5,PE4
04,WIPER CO,GB,ZONE 5,PE5
04,WIPER CO,GB,ZONE 5,PE6
04,WIPER CO,GB,ZONE 5,PE7
04,WIPER CO,GB,ZONE 5,PE8
04,WIPER CO,GB,ZONE 5,PE9
04,WIPER CO,GB,ZONE 5,PE10
04,WIPER CO,GB,ZONE 5,PE11
04,WIPER CO,GB,ZONE 5,PE12
04,WIPER CO,GB,ZONE 5,PE13
04,WIPER CO,GB,ZONE 5,PE14
04,WIPER CO,GB,ZONE 5,PE15
04,WIPER CO,GB,ZONE 5,PE16
04,WIPER CO,GB,ZONE 5,PE19
04,WIPER CO,GB,ZONE 5,PE20
04,WIPER CO,GB,ZONE 5,PE21
04,WIPER CO,GB,ZONE 5,PE22
04,WIPER CO,GB,ZONE 5,PE23
04,WIPER CO,GB,ZONE 5,PE24
04,WIPER CO,GB,ZONE 5,PE25
04,WIPER CO,GB,ZONE 5,PE26
04,WIPER CO,GB,ZONE 5,PE27
04,WIPER CO,GB,ZONE 5,PE28
04,WIPER CO,GB,ZONE 5,PE29
04,WIPER CO,GB,ZONE 5,PE30
04,WIPER CO,GB,ZONE 5,PE31
04,WIPER CO,GB,ZONE 5,PE32
04,WIPER CO,GB,ZONE 5,PE33
04,WIPER CO,GB,ZONE 5,PE34
04,WIPER CO,GB,ZONE 5,PE35
04,WIPER CO,GB,ZONE 5,PE36
04,WIPER CO,GB,ZONE 5,PE37
04,WIPER CO,GB,ZONE 5,PE38
04,WIPER CO,GB,ZONE 5,PE99
04,WIPER CO,GB,ZONE 7,PL1
04,WIPER CO,GB,ZONE 7,PL2
04,WIPER CO,GB,ZONE 7,PL3
04,WIPER CO,GB,ZONE 7,PL4
04,WIPER CO,GB,ZONE 7,PL5
04,WIPER CO,GB,ZONE 7,PL6
04,WIPER CO,GB,ZONE 7,PL7
04,WIPER CO,GB,ZONE 7,PL8
04,WIPER CO,GB,ZONE 7,PL9
04,WIPER CO,GB,ZONE 7,PL10
04,WIPER CO,GB,ZONE 7,PL11
04,WIPER CO,GB,ZONE 7,PL12
04,WIPER CO,GB,ZONE 7,PL13
04,WIPER CO,GB,ZONE 7,PL14
04,WIPER CO,GB,ZONE 7,PL15
04,WIPER CO,GB,ZONE 7,PL16
04,WIPER CO,GB,ZONE 7,PL17
04,WIPER CO,GB,ZONE 7,PL18
04,WIPER CO,GB,ZONE 7,PL19
04,WIPER CO,GB,ZONE 7,PL20
04,WIPER CO,GB,ZONE 7,PL21
04,WIPER CO,GB,ZONE 7,PL22
04,WIPER CO,GB,ZONE 7,PL23
04,WIPER CO,GB,ZONE 7,PL24
04,WIPER CO,GB,ZONE 7,PL25
04,WIPER CO,GB,ZONE 7,PL26
04,WIPER CO,GB,ZONE 7,PL27
04,WIPER CO,GB,ZONE 7,PL28
04,WIPER CO,GB,ZONE 7,PL29
04,WIPER CO,GB,ZONE 7,PL30
04,WIPER CO,GB,ZONE 7,PL31
04,WIPER CO,GB,ZONE 7,PL32
04,WIPER CO,GB,ZONE 7,PL33
04,WIPER CO,GB,ZONE 7,PL34
04,WIPER CO,GB,ZONE 7,PL35
04,WIPER CO,GB,ZONE 7,PL95
04,WIPER CO,GB,ZONE 5,PO1
04,WIPER CO,GB,ZONE 5,PO2
04,WIPER CO,GB,ZONE 5,PO3
04,WIPER CO,GB,ZONE 5,PO4
04,WIPER CO,GB,ZONE 5,PO5
04,WIPER CO,GB,ZONE 5,PO6
04,WIPER CO,GB,ZONE 5,PO7
04,WIPER CO,GB,ZONE 5,PO8
04,WIPER CO,GB,ZONE 5,PO9
04,WIPER CO,GB,ZONE 5,PO10
04,WIPER CO,GB,ZONE 5,PO11
04,WIPER CO,GB,ZONE 5,PO12
04,WIPER CO,GB,ZONE 5,PO13
04,WIPER CO,GB,ZONE 5,PO14
04,WIPER CO,GB,ZONE 5,PO15
04,WIPER CO,GB,ZONE 5,PO16
04,WIPER CO,GB,ZONE 5,PO17
04,WIPER CO,GB,ZONE 5,PO18
04,WIPER CO,GB,ZONE 5,PO19
04,WIPER CO,GB,ZONE 5,PO20
04,WIPER CO,GB,ZONE 5,PO21
04,WIPER CO,GB,ZONE 5,PO22
04,WIPER CO,GB,ZONE 0,PR0
04,WIPER CO,GB,ZONE 0,PR1
04,WIPER CO,GB,ZONE 0,PR2
04,WIPER CO,GB,ZONE 0,PR3
04,WIPER CO,GB,ZONE 0,PR4
04,WIPER CO,GB,ZONE 0,PR5
04,WIPER CO,GB,ZONE 0,PR6
04,WIPER CO,GB,ZONE 0,PR7
04,WIPER CO,GB,ZONE 0,PR8
04,WIPER CO,GB,ZONE 0,PR9
04,WIPER CO,GB,ZONE 0,PR11
04,WIPER CO,GB,ZONE 0,PR25
04,WIPER CO,GB,ZONE 0,PR26
04,WIPER CO,GB,ZONE 2,RG1
04,WIPER CO,GB,ZONE 2,RG2
04,WIPER CO,GB,ZONE 2,RG4
04,WIPER CO,GB,ZONE 2,RG5
04,WIPER CO,GB,ZONE 2,RG6
04,WIPER CO,GB,ZONE 2,RG7
04,WIPER CO,GB,ZONE 2,RG8
04,WIPER CO,GB,ZONE 2,RG9
04,WIPER CO,GB,ZONE 2,RG10
04,WIPER CO,GB,ZONE 2,RG12
04,WIPER CO,GB,ZONE 2,RG14
04,WIPER CO,GB,ZONE 2,RG17
04,WIPER CO,GB,ZONE 2,RG18
04,WIPER CO,GB,ZONE 2,RG19
04,WIPER CO,GB,ZONE 2,RG20
04,WIPER CO,GB,ZONE 2,RG21
04,WIPER CO,GB,ZONE 2,RG22
04,WIPER CO,GB,ZONE 2,RG23
04,WIPER CO,GB,ZONE 2,RG24
04,WIPER CO,GB,ZONE 2,RG25
04,WIPER CO,GB,ZONE 2,RG26
04,WIPER CO,GB,ZONE 2,RG27
04,WIPER CO,GB,ZONE 2,RG28
04,WIPER CO,GB,ZONE 2,RG29
04,WIPER CO,GB,ZONE 2,RG30
04,WIPER CO,GB,ZONE 2,RG31
04,WIPER CO,GB,ZONE 2,RG40
04,WIPER CO,GB,ZONE 2,RG41
04,WIPER CO,GB,ZONE 2,RG42
04,WIPER CO,GB,ZONE 2,RG45
04,WIPER CO,GB,ZONE 2,RH1
04,WIPER CO,GB,ZONE 2,RH2
04,WIPER CO,GB,ZONE 2,RH3
04,WIPER CO,GB,ZONE 2,RH4
04,WIPER CO,GB,ZONE 2,RH5
04,WIPER CO,GB,ZONE 2,RH6
04,WIPER CO,GB,ZONE 2,RH7
04,WIPER CO,GB,ZONE 2,RH8
04,WIPER CO,GB,ZONE 2,RH9
04,WIPER CO,GB,ZONE 2,RH10
04,WIPER CO,GB,ZONE 2,RH11
04,WIPER CO,GB,ZONE 2,RH12
04,WIPER CO,GB,ZONE 2,RH13
04,WIPER CO,GB,ZONE 2,RH14
04,WIPER CO,GB,ZONE 2,RH15
04,WIPER CO,GB,ZONE 2,RH16
04,WIPER CO,GB,ZONE 2,RH17
04,WIPER CO,GB,ZONE 2,RH18
04,WIPER CO,GB,ZONE 2,RH19
04,WIPER CO,GB,ZONE 2,RH20
04,WIPER CO,GB,ZONE 2,RH77
04,WIPER CO,GB,ZONE 4,RM1
04,WIPER CO,GB,ZONE 4,RM2
04,WIPER CO,GB,ZONE 4,RM3
04,WIPER CO,GB,ZONE 4,RM4
04,WIPER CO,GB,ZONE 4,RM5
04,WIPER CO,GB,ZONE 4,RM6
04,WIPER CO,GB,ZONE 4,RM7
04,WIPER CO,GB,ZONE 4,RM8
04,WIPER CO,GB,ZONE 4,RM9
04,WIPER CO,GB,ZONE 4,RM10
04,WIPER CO,GB,ZONE 4,RM11
04,WIPER CO,GB,ZONE 4,RM12
04,WIPER CO,GB,ZONE 4,RM13
04,WIPER CO,GB,ZONE 4,RM14
04,WIPER CO,GB,ZONE 4,RM15
04,WIPER CO,GB,ZONE 4,RM16
04,WIPER CO,GB,ZONE 4,RM17
04,WIPER CO,GB,ZONE 4,RM18
04,WIPER CO,GB,ZONE 4,RM19
04,WIPER CO,GB,ZONE 4,RM20
04,WIPER CO,GB,ZONE 4,RM50
04,WIPER CO,GB,ZONE 1,S1
04,WIPER CO,GB,ZONE 1,S2
04,WIPER CO,GB,ZONE 1,S3
04,WIPER CO,GB,ZONE 1,S4
04,WIPER CO,GB,ZONE 1,S5
04,WIPER CO,GB,ZONE 1,S6
04,WIPER CO,GB,ZONE 1,S7
04,WIPER CO,GB,ZONE 1,S8
04,WIPER CO,GB,ZONE 1,S9
04,WIPER CO,GB,ZONE 1,S10
04,WIPER CO,GB,ZONE 1,S11
04,WIPER CO,GB,ZONE 1,S12
04,WIPER CO,GB,ZONE 1,S13
04,WIPER CO,GB,ZONE 1,S14
04,WIPER CO,GB,ZONE 1,S17
04,WIPER CO,GB,ZONE 1,S18
04,WIPER CO,GB,ZONE 1,S20
04,WIPER CO,GB,ZONE 1,S21
04,WIPER CO,GB,ZONE 1,S25
04,WIPER CO,GB,ZONE 1,S26
04,WIPER CO,GB,ZONE 1,S32
04,WIPER CO,GB,ZONE 1,S33
04,WIPER CO,GB,ZONE 1,S35
04,WIPER CO,GB,ZONE 1,S36
04,WIPER CO,GB,ZONE 1,S40
04,WIPER CO,GB,ZONE 1,S41
04,WIPER CO,GB,ZONE 1,S42
04,WIPER CO,GB,ZONE 1,S43
04,WIPER CO,GB,ZONE 1,S44
04,WIPER CO,GB,ZONE 1,S45
04,WIPER CO,GB,ZONE 1,S49
04,WIPER CO,GB,ZONE 1,S60
04,WIPER CO,GB,ZONE 1,S61
04,WIPER CO,GB,ZONE 1,S62
04,WIPER CO,GB,ZONE 1,S63
04,WIPER CO,GB,ZONE 1,S64
04,WIPER CO,GB,ZONE 1,S65
04,WIPER CO,GB,ZONE 1,S66
04,WIPER CO,GB,ZONE 1,S70
04,WIPER CO,GB,ZONE 1,S71
04,WIPER CO,GB,ZONE 1,S72
04,WIPER CO,GB,ZONE 1,S73
04,WIPER CO,GB,ZONE 1,S74
04,WIPER CO,GB,ZONE 1,S75
04,WIPER CO,GB,ZONE 1,S80
04,WIPER CO,GB,ZONE 1,S81
04,WIPER CO,GB,ZONE 1,S96
04,WIPER CO,GB,ZONE 1,S97
04,WIPER CO,GB,ZONE 1,S98
04,WIPER CO,GB,ZONE 1,S99
04,WIPER CO,GB,ZONE 7,SA1
04,WIPER CO,GB,ZONE 7,SA2
04,WIPER CO,GB,ZONE 7,SA3
04,WIPER CO,GB,ZONE 7,SA4
04,WIPER CO,GB,ZONE 7,SA5
04,WIPER CO,GB,ZONE 7,SA6
04,WIPER CO,GB,ZONE 7,SA7
04,WIPER CO,GB,ZONE 7,SA8
04,WIPER CO,GB,ZONE 7,SA9
04,WIPER CO,GB,ZONE 7,SA10
04,WIPER CO,GB,ZONE 7,SA11
04,WIPER CO,GB,ZONE 7,SA12
04,WIPER CO,GB,ZONE 7,SA13
04,WIPER CO,GB,ZONE 7,SA14
04,WIPER CO,GB,ZONE 7,SA15
04,WIPER CO,GB,ZONE 7,SA16
04,WIPER CO,GB,ZONE 7,SA17
04,WIPER CO,GB,ZONE 7,SA18
04,WIPER CO,GB,ZONE 7,SA19
04,WIPER CO,GB,ZONE 7,SA20
04,WIPER CO,GB,ZONE 7,SA31
04,WIPER CO,GB,ZONE 7,SA32
04,WIPER CO,GB,ZONE 7,SA33
04,WIPER CO,GB,ZONE 7,SA34
04,WIPER CO,GB,ZONE 7,SA35
04,WIPER CO,GB,ZONE 7,SA36
04,WIPER CO,GB,ZONE 7,SA37
04,WIPER CO,GB,ZONE 7,SA38
04,WIPER CO,GB,ZONE 7,SA39
04,WIPER CO,GB,ZONE 7,SA40
04,WIPER CO,GB,ZONE 7,SA41
04,WIPER CO,GB,ZONE 7,SA42
04,WIPER CO,GB,ZONE 7,SA43
04,WIPER CO,GB,ZONE 7,SA44
04,WIPER CO,GB,ZONE 7,SA45
04,WIPER CO,GB,ZONE 7,SA46
04,WIPER CO,GB,ZONE 7,SA47
04,WIPER CO,GB,ZONE 7,SA48
04,WIPER CO,GB,ZONE 7,SA61
04,WIPER CO,GB,ZONE 7,SA62
04,WIPER CO,GB,ZONE 7,SA63
04,WIPER CO,GB,ZONE 7,SA64
04,WIPER CO,GB,ZONE 7,SA65
04,WIPER CO,GB,ZONE 7,SA66
04,WIPER CO,GB,ZONE 7,SA67
04,WIPER CO,GB,ZONE 7,SA68
04,WIPER CO,GB,ZONE 7,SA69
04,WIPER CO,GB,ZONE 7,SA70
04,WIPER CO,GB,ZONE 7,SA71
04,WIPER CO,GB,ZONE 7,SA72
04,WIPER CO,GB,ZONE 7,SA73
04,WIPER CO,GB,ZONE 7,SA80
04,WIPER CO,GB,ZONE 7,SA99
04,WIPER CO,GB,ZONE 3,SE1
04,WIPER CO,GB,ZONE 3,SE2
04,WIPER CO,GB,ZONE 3,SE3
04,WIPER CO,GB,ZONE 3,SE4
04,WIPER CO,GB,ZONE 3,SE5
04,WIPER CO,GB,ZONE 3,SE6
04,WIPER CO,GB,ZONE 3,SE7
04,WIPER CO,GB,ZONE 3,SE8
04,WIPER CO,GB,ZONE 3,SE9
04,WIPER CO,GB,ZONE 3,SE10
04,WIPER CO,GB,ZONE 3,SE11
04,WIPER CO,GB,ZONE 3,SE12
04,WIPER CO,GB,ZONE 3,SE13
04,WIPER CO,GB,ZONE 3,SE14
04,WIPER CO,GB,ZONE 3,SE15
04,WIPER CO,GB,ZONE 3,SE16
04,WIPER CO,GB,ZONE 3,SE17
04,WIPER CO,GB,ZONE 3,SE18
04,WIPER CO,GB,ZONE 3,SE19
04,WIPER CO,GB,ZONE 3,SE20
04,WIPER CO,GB,ZONE 3,SE21
04,WIPER CO,GB,ZONE 3,SE22
04,WIPER CO,GB,ZONE 3,SE23
04,WIPER CO,GB,ZONE 3,SE24
04,WIPER CO,GB,ZONE 3,SE25
04,WIPER CO,GB,ZONE 3,SE26
04,WIPER CO,GB,ZONE 3,SE27
04,WIPER CO,GB,ZONE 3,SE28
04,WIPER CO,GB,ZONE 5,SG1
04,WIPER CO,GB,ZONE 5,SG2
04,WIPER CO,GB,ZONE 5,SG3
04,WIPER CO,GB,ZONE 5,SG4
04,WIPER CO,GB,ZONE 5,SG5
04,WIPER CO,GB,ZONE 5,SG6
04,WIPER CO,GB,ZONE 5,SG7
04,WIPER CO,GB,ZONE 5,SG8
04,WIPER CO,GB,ZONE 5,SG9
04,WIPER CO,GB,ZONE 5,SG10
04,WIPER CO,GB,ZONE 5,SG11
04,WIPER CO,GB,ZONE 5,SG12
04,WIPER CO,GB,ZONE 5,SG13
04,WIPER CO,GB,ZONE 5,SG14
04,WIPER CO,GB,ZONE 5,SG15
04,WIPER CO,GB,ZONE 5,SG16
04,WIPER CO,GB,ZONE 5,SG17
04,WIPER CO,GB,ZONE 5,SG18
04,WIPER CO,GB,ZONE 5,SG19
04,WIPER CO,GB,ZONE 1,SK1
04,WIPER CO,GB,ZONE 1,SK2
04,WIPER CO,GB,ZONE 1,SK3
04,WIPER CO,GB,ZONE 1,SK4
04,WIPER CO,GB,ZONE 1,SK5
04,WIPER CO,GB,ZONE 1,SK6
04,WIPER CO,GB,ZONE 1,SK7
04,WIPER CO,GB,ZONE 1,SK8
04,WIPER CO,GB,ZONE 1,SK9
04,WIPER CO,GB,ZONE 1,SK10
04,WIPER CO,GB,ZONE 1,SK11
04,WIPER CO,GB,ZONE 1,SK12
04,WIPER CO,GB,ZONE 1,SK13
04,WIPER CO,GB,ZONE 1,SK14
04,WIPER CO,GB,ZONE 1,SK15
04,WIPER CO,GB,ZONE 1,SK16
04,WIPER CO,GB,ZONE 1,SK17
04,WIPER CO,GB,ZONE 1,SK22
04,WIPER CO,GB,ZONE 1,SK23
04,WIPER CO,GB,ZONE 1,SL0
04,WIPER CO,GB,ZONE 1,SL1
04,WIPER CO,GB,ZONE 1,SL2
04,WIPER CO,GB,ZONE 1,SL3
04,WIPER CO,GB,ZONE 1,SL4
04,WIPER CO,GB,ZONE 1,SL5
04,WIPER CO,GB,ZONE 1,SL6
04,WIPER CO,GB,ZONE 1,SL7
04,WIPER CO,GB,ZONE 1,SL8
04,WIPER CO,GB,ZONE 1,SL9
04,WIPER CO,GB,ZONE 1,SL95
04,WIPER CO,GB,ZONE 4,SM1
04,WIPER CO,GB,ZONE 4,SM2
04,WIPER CO,GB,ZONE 4,SM3
04,WIPER CO,GB,ZONE 4,SM4
04,WIPER CO,GB,ZONE 4,SM5
04,WIPER CO,GB,ZONE 4,SM6
04,WIPER CO,GB,ZONE 4,SM7
04,WIPER CO,GB,ZONE 2,SN1
04,WIPER CO,GB,ZONE 2,SN2
04,WIPER CO,GB,ZONE 2,SN3
04,WIPER CO,GB,ZONE 2,SN4
04,WIPER CO,GB,ZONE 2,SN5
04,WIPER CO,GB,ZONE 2,SN6
04,WIPER CO,GB,ZONE 2,SN7
04,WIPER CO,GB,ZONE 2,SN8
04,WIPER CO,GB,ZONE 2,SN9
04,WIPER CO,GB,ZONE 2,SN10
04,WIPER CO,GB,ZONE 2,SN11
04,WIPER CO,GB,ZONE 2,SN12
04,WIPER CO,GB,ZONE 2,SN13
04,WIPER CO,GB,ZONE 2,SN14
04,WIPER CO,GB,ZONE 2,SN15
04,WIPER CO,GB,ZONE 2,SN16
04,WIPER CO,GB,ZONE 2,SN25
04,WIPER CO,GB,ZONE 2,SN26
04,WIPER CO,GB,ZONE 2,SN38
04,WIPER CO,GB,ZONE 2,SN99
04,WIPER CO,GB,ZONE 5,SO14
04,WIPER CO,GB,ZONE 5,SO15
04,WIPER CO,GB,ZONE 5,SO16
04,WIPER CO,GB,ZONE 5,SO17
04,WIPER CO,GB,ZONE 5,SO18
04,WIPER CO,GB,ZONE 5,SO19
04,WIPER CO,GB,ZONE 5,SO20
04,WIPER CO,GB,ZONE 5,SO21
04,WIPER CO,GB,ZONE 5,SO22
04,WIPER CO,GB,ZONE 5,SO23
04,WIPER CO,GB,ZONE 5,SO24
04,WIPER CO,GB,ZONE 5,SO30
04,WIPER CO,GB,ZONE 5,SO31
04,WIPER CO,GB,ZONE 5,SO32
04,WIPER CO,GB,ZONE 5,SO40
04,WIPER CO,GB,ZONE 5,SO41
04,WIPER CO,GB,ZONE 5,SO42
04,WIPER CO,GB,ZONE 5,SO43
04,WIPER CO,GB,ZONE 5,SO45
04,WIPER CO,GB,ZONE 5,SO50
04,WIPER CO,GB,ZONE 5,SO51
04,WIPER CO,GB,ZONE 5,SO52
04,WIPER CO,GB,ZONE 5,SO53
04,WIPER CO,GB,ZONE 5,SO97
04,WIPER CO,GB,ZONE 5,SP1
04,WIPER CO,GB,ZONE 5,SP2
04,WIPER CO,GB,ZONE 5,SP3
04,WIPER CO,GB,ZONE 5,SP4
04,WIPER CO,GB,ZONE 5,SP5
04,WIPER CO,GB,ZONE 5,SP6
04,WIPER CO,GB,ZONE 5,SP7
04,WIPER CO,GB,ZONE 5,SP8
04,WIPER CO,GB,ZONE 5,SP9
04,WIPER CO,GB,ZONE 5,SP10
04,WIPER CO,GB,ZONE 5,SP11
04,WIPER CO,GB,ZONE 5,SR1
04,WIPER CO,GB,ZONE 5,SR2
04,WIPER CO,GB,ZONE 5,SR3
04,WIPER CO,GB,ZONE 5,SR4
04,WIPER CO,GB,ZONE 5,SR5
04,WIPER CO,GB,ZONE 5,SR6
04,WIPER CO,GB,ZONE 5,SR7
04,WIPER CO,GB,ZONE 5,SR8
04,WIPER CO,GB,ZONE 5,SR9
04,WIPER CO,GB,ZONE 5,SS0
04,WIPER CO,GB,ZONE 5,SS1
04,WIPER CO,GB,ZONE 5,SS2
04,WIPER CO,GB,ZONE 5,SS3
04,WIPER CO,GB,ZONE 5,SS4
04,WIPER CO,GB,ZONE 5,SS5
04,WIPER CO,GB,ZONE 5,SS6
04,WIPER CO,GB,ZONE 5,SS7
04,WIPER CO,GB,ZONE 5,SS8
04,WIPER CO,GB,ZONE 5,SS9
04,WIPER CO,GB,ZONE 5,SS11
04,WIPER CO,GB,ZONE 5,SS12
04,WIPER CO,GB,ZONE 5,SS13
04,WIPER CO,GB,ZONE 5,SS14
04,WIPER CO,GB,ZONE 5,SS15
04,WIPER CO,GB,ZONE 5,SS16
04,WIPER CO,GB,ZONE 5,SS17
04,WIPER CO,GB,ZONE 5,SS22
04,WIPER CO,GB,ZONE 5,SS99
04,WIPER CO,GB,ZONE 1,ST1
04,WIPER CO,GB,ZONE 1,ST2
04,WIPER CO,GB,ZONE 1,ST3
04,WIPER CO,GB,ZONE 1,ST4
04,WIPER CO,GB,ZONE 1,ST5
04,WIPER CO,GB,ZONE 1,ST6
04,WIPER CO,GB,ZONE 1,ST7
04,WIPER CO,GB,ZONE 1,ST8
04,WIPER CO,GB,ZONE 1,ST9
04,WIPER CO,GB,ZONE 1,ST10
04,WIPER CO,GB,ZONE 1,ST11
04,WIPER CO,GB,ZONE 1,ST12
04,WIPER CO,GB,ZONE 1,ST13
04,WIPER CO,GB,ZONE 1,ST14
04,WIPER CO,GB,ZONE 1,ST15
04,WIPER CO,GB,ZONE 1,ST16
04,WIPER CO,GB,ZONE 1,ST17
04,WIPER CO,GB,ZONE 1,ST18
04,WIPER CO,GB,ZONE 1,ST19
04,WIPER CO,GB,ZONE 1,ST20
04,WIPER CO,GB,ZONE 1,ST21
04,WIPER CO,GB,ZONE 1,ST55
04,WIPER CO,GB,ZONE 3,SW1A
04,WIPER CO,GB,ZONE 3,SW1E
04,WIPER CO,GB,ZONE 3,SW1H
04,WIPER CO,GB,ZONE 3,SW1P
04,WIPER CO,GB,ZONE 3,SW1V
04,WIPER CO,GB,ZONE 3,SW1W
04,WIPER CO,GB,ZONE 3,SW1X
04,WIPER CO,GB,ZONE 3,SW1Y
04,WIPER CO,GB,ZONE 3,SW2
04,WIPER CO,GB,ZONE 3,SW3
04,WIPER CO,GB,ZONE 3,SW4
04,WIPER CO,GB,ZONE 3,SW5
04,WIPER CO,GB,ZONE 3,SW6
04,WIPER CO,GB,ZONE 3,SW7
04,WIPER CO,GB,ZONE 3,SW8
04,WIPER CO,GB,ZONE 3,SW9
04,WIPER CO,GB,ZONE 3,SW10
04,WIPER CO,GB,ZONE 3,SW11
04,WIPER CO,GB,ZONE 3,SW12
04,WIPER CO,GB,ZONE 3,SW13
04,WIPER CO,GB,ZONE 3,SW14
04,WIPER CO,GB,ZONE 3,SW15
04,WIPER CO,GB,ZONE 3,SW16
04,WIPER CO,GB,ZONE 3,SW17
04,WIPER CO,GB,ZONE 3,SW18
04,WIPER CO,GB,ZONE 3,SW19
04,WIPER CO,GB,ZONE 3,SW20
04,WIPER CO,GB,ZONE 3,SW95
04,WIPER CO,GB,ZONE 3,SW99
04,WIPER CO,GB,ZONE 6,SY1
04,WIPER CO,GB,ZONE 6,SY2
04,WIPER CO,GB,ZONE 6,SY3
04,WIPER CO,GB,ZONE 6,SY4
04,WIPER CO,GB,ZONE 6,SY5
04,WIPER CO,GB,ZONE 6,SY6
04,WIPER CO,GB,ZONE 6,SY7
04,WIPER CO,GB,ZONE 6,SY8
04,WIPER CO,GB,ZONE 6,SY9
04,WIPER CO,GB,ZONE 6,SY10
04,WIPER CO,GB,ZONE 6,SY11
04,WIPER CO,GB,ZONE 6,SY12
04,WIPER CO,GB,ZONE 6,SY13
04,WIPER CO,GB,ZONE 6,SY14
04,WIPER CO,GB,ZONE 6,SY15
04,WIPER CO,GB,ZONE 6,SY16
04,WIPER CO,GB,ZONE 6,SY17
04,WIPER CO,GB,ZONE 6,SY18
04,WIPER CO,GB,ZONE 6,SY19
04,WIPER CO,GB,ZONE 6,SY20
04,WIPER CO,GB,ZONE 6,SY21
04,WIPER CO,GB,ZONE 6,SY22
04,WIPER CO,GB,ZONE 6,SY23
04,WIPER CO,GB,ZONE 6,SY24
04,WIPER CO,GB,ZONE 6,SY25
04,WIPER CO,GB,ZONE 6,SY99
04,WIPER CO,GB,ZONE 6,TA1
04,WIPER CO,GB,ZONE 6,TA2
04,WIPER CO,GB,ZONE 6,TA3
04,WIPER CO,GB,ZONE 6,TA4
04,WIPER CO,GB,ZONE 6,TA5
04,WIPER CO,GB,ZONE 6,TA6
04,WIPER CO,GB,ZONE 6,TA7
04,WIPER CO,GB,ZONE 6,TA8
04,WIPER CO,GB,ZONE 6,TA9
04,WIPER CO,GB,ZONE 6,TA10
04,WIPER CO,GB,ZONE 6,TA11
04,WIPER CO,GB,ZONE 6,TA12
04,WIPER CO,GB,ZONE 6,TA13
04,WIPER CO,GB,ZONE 6,TA14
04,WIPER CO,GB,ZONE 6,TA15
04,WIPER CO,GB,ZONE 6,TA16
04,WIPER CO,GB,ZONE 6,TA17
04,WIPER CO,GB,ZONE 6,TA18
04,WIPER CO,GB,ZONE 6,TA19
04,WIPER CO,GB,ZONE 6,TA20
04,WIPER CO,GB,ZONE 6,TA21
04,WIPER CO,GB,ZONE 6,TA22
04,WIPER CO,GB,ZONE 6,TA23
04,WIPER CO,GB,ZONE 6,TA24
04,WIPER CO,GB,ZONE 1,TF1
04,WIPER CO,GB,ZONE 1,TF2
04,WIPER CO,GB,ZONE 1,TF3
04,WIPER CO,GB,ZONE 1,TF4
04,WIPER CO,GB,ZONE 1,TF5
04,WIPER CO,GB,ZONE 1,TF6
04,WIPER CO,GB,ZONE 1,TF7
04,WIPER CO,GB,ZONE 1,TF8
04,WIPER CO,GB,ZONE 1,TF9
04,WIPER CO,GB,ZONE 1,TF10
04,WIPER CO,GB,ZONE 1,TF11
04,WIPER CO,GB,ZONE 1,TF12
04,WIPER CO,GB,ZONE 1,TF13
04,WIPER CO,GB,ZONE 5,TN1
04,WIPER CO,GB,ZONE 5,TN2
04,WIPER CO,GB,ZONE 5,TN3
04,WIPER CO,GB,ZONE 5,TN4
04,WIPER CO,GB,ZONE 5,TN5
04,WIPER CO,GB,ZONE 5,TN6
04,WIPER CO,GB,ZONE 5,TN7
04,WIPER CO,GB,ZONE 5,TN8
04,WIPER CO,GB,ZONE 5,TN9
04,WIPER CO,GB,ZONE 5,TN10
04,WIPER CO,GB,ZONE 5,TN11
04,WIPER CO,GB,ZONE 5,TN12
04,WIPER CO,GB,ZONE 5,TN13
04,WIPER CO,GB,ZONE 5,TN14
04,WIPER CO,GB,ZONE 5,TN15
04,WIPER CO,GB,ZONE 5,TN16
04,WIPER CO,GB,ZONE 5,TN17
04,WIPER CO,GB,ZONE 5,TN18
04,WIPER CO,GB,ZONE 5,TN19
04,WIPER CO,GB,ZONE 5,TN20
04,WIPER CO,GB,ZONE 5,TN21
04,WIPER CO,GB,ZONE 5,TN22
04,WIPER CO,GB,ZONE 5,TN23
04,WIPER CO,GB,ZONE 5,TN24
04,WIPER CO,GB,ZONE 5,TN25
04,WIPER CO,GB,ZONE 5,TN26
04,WIPER CO,GB,ZONE 5,TN27
04,WIPER CO,GB,ZONE 5,TN28
04,WIPER CO,GB,ZONE 5,TN29
04,WIPER CO,GB,ZONE 5,TN30
04,WIPER CO,GB,ZONE 5,TN31
04,WIPER CO,GB,ZONE 5,TN32
04,WIPER CO,GB,ZONE 5,TN33
04,WIPER CO,GB,ZONE 5,TN34
04,WIPER CO,GB,ZONE 5,TN35
04,WIPER CO,GB,ZONE 5,TN36
04,WIPER CO,GB,ZONE 5,TN37
04,WIPER CO,GB,ZONE 5,TN38
04,WIPER CO,GB,ZONE 5,TN39
04,WIPER CO,GB,ZONE 5,TN40
04,WIPER CO,GB,ZONE 7,TQ1
04,WIPER CO,GB,ZONE 7,TQ2
04,WIPER CO,GB,ZONE 7,TQ3
04,WIPER CO,GB,ZONE 7,TQ4
04,WIPER CO,GB,ZONE 7,TQ5
04,WIPER CO,GB,ZONE 7,TQ6
04,WIPER CO,GB,ZONE 7,TQ7
04,WIPER CO,GB,ZONE 7,TQ8
04,WIPER CO,GB,ZONE 7,TQ9
04,WIPER CO,GB,ZONE 7,TQ10
04,WIPER CO,GB,ZONE 7,TQ11
04,WIPER CO,GB,ZONE 7,TQ12
04,WIPER CO,GB,ZONE 7,TQ13
04,WIPER CO,GB,ZONE 7,TQ14
04,WIPER CO,GB,ZONE 7,TR1
04,WIPER CO,GB,ZONE 7,TR2
04,WIPER CO,GB,ZONE 7,TR3
04,WIPER CO,GB,ZONE 7,TR4
04,WIPER CO,GB,ZONE 7,TR5
04,WIPER CO,GB,ZONE 7,TR6
04,WIPER CO,GB,ZONE 7,TR7
04,WIPER CO,GB,ZONE 7,TR8
04,WIPER CO,GB,ZONE 7,TR9
04,WIPER CO,GB,ZONE 7,TR10
04,WIPER CO,GB,ZONE 7,TR11
04,WIPER CO,GB,ZONE 7,TR12
04,WIPER CO,GB,ZONE 7,TR13
04,WIPER CO,GB,ZONE 7,TR14
04,WIPER CO,GB,ZONE 7,TR15
04,WIPER CO,GB,ZONE 7,TR16
04,WIPER CO,GB,ZONE 7,TR17
04,WIPER CO,GB,ZONE 7,TR18
04,WIPER CO,GB,ZONE 7,TR19
04,WIPER CO,GB,ZONE 7,TR20
04,WIPER CO,GB,ZONE 7,TR21
04,WIPER CO,GB,ZONE 7,TR22
04,WIPER CO,GB,ZONE 7,TR23
04,WIPER CO,GB,ZONE 7,TR24
04,WIPER CO,GB,ZONE 7,TR25
04,WIPER CO,GB,ZONE 7,TR26
04,WIPER CO,GB,ZONE 7,TR27
04,WIPER CO,GB,ZONE 7,TR93
04,WIPER CO,GB,ZONE 5,TS1
04,WIPER CO,GB,ZONE 5,TS2
04,WIPER CO,GB,ZONE 5,TS3
04,WIPER CO,GB,ZONE 5,TS4
04,WIPER CO,GB,ZONE 5,TS5
04,WIPER CO,GB,ZONE 5,TS6
04,WIPER CO,GB,ZONE 5,TS7
04,WIPER CO,GB,ZONE 5,TS8
04,WIPER CO,GB,ZONE 5,TS9
04,WIPER CO,GB,ZONE 5,TS10
04,WIPER CO,GB,ZONE 5,TS11
04,WIPER CO,GB,ZONE 5,TS12
04,WIPER CO,GB,ZONE 5,TS13
04,WIPER CO,GB,ZONE 5,TS14
04,WIPER CO,GB,ZONE 5,TS15
04,WIPER CO,GB,ZONE 5,TS16
04,WIPER CO,GB,ZONE 5,TS17
04,WIPER CO,GB,ZONE 5,TS18
04,WIPER CO,GB,ZONE 5,TS19
04,WIPER CO,GB,ZONE 5,TS20
04,WIPER CO,GB,ZONE 5,TS21
04,WIPER CO,GB,ZONE 5,TS22
04,WIPER CO,GB,ZONE 5,TS23
04,WIPER CO,GB,ZONE 5,TS24
04,WIPER CO,GB,ZONE 5,TS25
04,WIPER CO,GB,ZONE 5,TS26
04,WIPER CO,GB,ZONE 5,TS27
04,WIPER CO,GB,ZONE 5,TS28
04,WIPER CO,GB,ZONE 5,TS29
04,WIPER CO,GB,ZONE 5,TS90
04,WIPER CO,GB,ZONE 4,TW1
04,WIPER CO,GB,ZONE 4,TW2
04,WIPER CO,GB,ZONE 4,TW3
04,WIPER CO,GB,ZONE 4,TW4
04,WIPER CO,GB,ZONE 4,TW5
04,WIPER CO,GB,ZONE 4,TW6
04,WIPER CO,GB,ZONE 4,TW7
04,WIPER CO,GB,ZONE 4,TW8
04,WIPER CO,GB,ZONE 4,TW9
04,WIPER CO,GB,ZONE 4,TW10
04,WIPER CO,GB,ZONE 4,TW11
04,WIPER CO,GB,ZONE 4,TW12
04,WIPER CO,GB,ZONE 4,TW13
04,WIPER CO,GB,ZONE 4,TW14
04,WIPER CO,GB,ZONE 4,TW15
04,WIPER CO,GB,ZONE 4,TW16
04,WIPER CO,GB,ZONE 4,TW17
04,WIPER CO,GB,ZONE 4,TW18
04,WIPER CO,GB,ZONE 4,TW19
04,WIPER CO,GB,ZONE 4,TW20
04,WIPER CO,GB,ZONE 4,UB1
04,WIPER CO,GB,ZONE 4,UB2
04,WIPER CO,GB,ZONE 4,UB3
04,WIPER CO,GB,ZONE 4,UB4
04,WIPER CO,GB,ZONE 4,UB5
04,WIPER CO,GB,ZONE 4,UB6
04,WIPER CO,GB,ZONE 4,UB7
04,WIPER CO,GB,ZONE 4,UB8
04,WIPER CO,GB,ZONE 4,UB9
04,WIPER CO,GB,ZONE 4,UB10
04,WIPER CO,GB,ZONE 4,UB11
04,WIPER CO,GB,ZONE 4,UB18
04,WIPER CO,GB,ZONE 3,W1A
04,WIPER CO,GB,ZONE 3,W1B
04,WIPER CO,GB,ZONE 3,W1C
04,WIPER CO,GB,ZONE 3,W1D
04,WIPER CO,GB,ZONE 3,W1F
04,WIPER CO,GB,ZONE 3,W1G
04,WIPER CO,GB,ZONE 3,W1H
04,WIPER CO,GB,ZONE 3,W1J
04,WIPER CO,GB,ZONE 3,W1K
04,WIPER CO,GB,ZONE 3,W1S
04,WIPER CO,GB,ZONE 3,W1T
04,WIPER CO,GB,ZONE 3,W1U
04,WIPER CO,GB,ZONE 3,W1W
04,WIPER CO,GB,ZONE 3,W2
04,WIPER CO,GB,ZONE 3,W3
04,WIPER CO,GB,ZONE 3,W4
04,WIPER CO,GB,ZONE 3,W5
04,WIPER CO,GB,ZONE 3,W6
04,WIPER CO,GB,ZONE 3,W7
04,WIPER CO,GB,ZONE 3,W8
04,WIPER CO,GB,ZONE 3,W9
04,WIPER CO,GB,ZONE 3,W10
04,WIPER CO,GB,ZONE 3,W11
04,WIPER CO,GB,ZONE 3,W12
04,WIPER CO,GB,ZONE 3,W13
04,WIPER CO,GB,ZONE 3,W14
04,WIPER CO,GB,ZONE 0,WA1
04,WIPER CO,GB,ZONE 0,WA2
04,WIPER CO,GB,ZONE 0,WA3
04,WIPER CO,GB,ZONE 0,WA4
04,WIPER CO,GB,ZONE 0,WA5
04,WIPER CO,GB,ZONE 0,WA6
04,WIPER CO,GB,ZONE 0,WA7
04,WIPER CO,GB,ZONE 0,WA8
04,WIPER CO,GB,ZONE 0,WA9
04,WIPER CO,GB,ZONE 0,WA10
04,WIPER CO,GB,ZONE 0,WA11
04,WIPER CO,GB,ZONE 0,WA12
04,WIPER CO,GB,ZONE 0,WA13
04,WIPER CO,GB,ZONE 0,WA14
04,WIPER CO,GB,ZONE 0,WA15
04,WIPER CO,GB,ZONE 0,WA16
04,WIPER CO,GB,ZONE 0,WA55
04,WIPER CO,GB,ZONE 0,WA88
04,WIPER CO,GB,ZONE 3,WC1A
04,WIPER CO,GB,ZONE 3,WC1B
04,WIPER CO,GB,ZONE 3,WC1E
04,WIPER CO,GB,ZONE 3,WC1H
04,WIPER CO,GB,ZONE 3,WC1N
04,WIPER CO,GB,ZONE 3,WC1R
04,WIPER CO,GB,ZONE 3,WC1V
04,WIPER CO,GB,ZONE 3,WC1X
04,WIPER CO,GB,ZONE 3,WC2A
04,WIPER CO,GB,ZONE 3,WC2B
04,WIPER CO,GB,ZONE 3,WC2E
04,WIPER CO,GB,ZONE 3,WC2H
04,WIPER CO,GB,ZONE 3,WC2N
04,WIPER CO,GB,ZONE 3,WC2R
04,WIPER CO,GB,ZONE 1,WD3
04,WIPER CO,GB,ZONE 1,WD4
04,WIPER CO,GB,ZONE 1,WD5
04,WIPER CO,GB,ZONE 1,WD6
04,WIPER CO,GB,ZONE 1,WD7
04,WIPER CO,GB,ZONE 1,WD17
04,WIPER CO,GB,ZONE 1,WD18
04,WIPER CO,GB,ZONE 1,WD19
04,WIPER CO,GB,ZONE 1,WD23
04,WIPER CO,GB,ZONE 1,WD24
04,WIPER CO,GB,ZONE 1,WD25
04,WIPER CO,GB,ZONE 1,WF1
04,WIPER CO,GB,ZONE 1,WF2
04,WIPER CO,GB,ZONE 1,WF3
04,WIPER CO,GB,ZONE 1,WF4
04,WIPER CO,GB,ZONE 1,WF5
04,WIPER CO,GB,ZONE 1,WF6
04,WIPER CO,GB,ZONE 1,WF7
04,WIPER CO,GB,ZONE 1,WF8
04,WIPER CO,GB,ZONE 1,WF9
04,WIPER CO,GB,ZONE 1,WF10
04,WIPER CO,GB,ZONE 1,WF11
04,WIPER CO,GB,ZONE 1,WF12
04,WIPER CO,GB,ZONE 1,WF13
04,WIPER CO,GB,ZONE 1,WF14
04,WIPER CO,GB,ZONE 1,WF15
04,WIPER CO,GB,ZONE 1,WF16
04,WIPER CO,GB,ZONE 1,WF17
04,WIPER CO,GB,ZONE 0,WN1
04,WIPER CO,GB,ZONE 0,WN2
04,WIPER CO,GB,ZONE 0,WN3
04,WIPER CO,GB,ZONE 0,WN4
04,WIPER CO,GB,ZONE 0,WN5
04,WIPER CO,GB,ZONE 0,WN6
04,WIPER CO,GB,ZONE 0,WN7
04,WIPER CO,GB,ZONE 0,WN8
04,WIPER CO,GB,ZONE 1,WR1
04,WIPER CO,GB,ZONE 1,WR2
04,WIPER CO,GB,ZONE 1,WR3
04,WIPER CO,GB,ZONE 1,WR4
04,WIPER CO,GB,ZONE 1,WR5
04,WIPER CO,GB,ZONE 1,WR6
04,WIPER CO,GB,ZONE 1,WR7
04,WIPER CO,GB,ZONE 1,WR8
04,WIPER CO,GB,ZONE 1,WR9
04,WIPER CO,GB,ZONE 1,WR10
04,WIPER CO,GB,ZONE 1,WR11
04,WIPER CO,GB,ZONE 1,WR12
04,WIPER CO,GB,ZONE 1,WR13
04,WIPER CO,GB,ZONE 1,WR14
04,WIPER CO,GB,ZONE 1,WR15
04,WIPER CO,GB,ZONE 1,WR78
04,WIPER CO,GB,ZONE 1,WR99
04,WIPER CO,GB,ZONE 1,WS1
04,WIPER CO,GB,ZONE 1,WS2
04,WIPER CO,GB,ZONE 1,WS3
04,WIPER CO,GB,ZONE 1,WS4
04,WIPER CO,GB,ZONE 1,WS5
04,WIPER CO,GB,ZONE 1,WS6
04,WIPER CO,GB,ZONE 1,WS7
04,WIPER CO,GB,ZONE 1,WS8
04,WIPER CO,GB,ZONE 1,WS9
04,WIPER CO,GB,ZONE 1,WS10
04,WIPER CO,GB,ZONE 1,WS11
04,WIPER CO,GB,ZONE 1,WS12
04,WIPER CO,GB,ZONE 1,WS13
04,WIPER CO,GB,ZONE 1,WS14
04,WIPER CO,GB,ZONE 1,WS15
04,WIPER CO,GB,ZONE 1,WV1
04,WIPER CO,GB,ZONE 1,WV2
04,WIPER CO,GB,ZONE 1,WV3
04,WIPER CO,GB,ZONE 1,WV4
04,WIPER CO,GB,ZONE 1,WV5
04,WIPER CO,GB,ZONE 1,WV6
04,WIPER CO,GB,ZONE 1,WV7
04,WIPER CO,GB,ZONE 1,WV8
04,WIPER CO,GB,ZONE 1,WV9
04,WIPER CO,GB,ZONE 1,WV10
04,WIPER CO,GB,ZONE 1,WV11
04,WIPER CO,GB,ZONE 1,WV12
04,WIPER CO,GB,ZONE 1,WV13
04,WIPER CO,GB,ZONE 1,WV14
04,WIPER CO,GB,ZONE 1,WV15
04,WIPER CO,GB,ZONE 1,WV16
04,WIPER CO,GB,ZONE 5,YO1
04,WIPER CO,GB,ZONE 5,YO7
04,WIPER CO,GB,ZONE 5,YO8
04,WIPER CO,GB,ZONE 5,YO10
04,WIPER CO,GB,ZONE 5,YO11
04,WIPER CO,GB,ZONE 5,YO12
04,WIPER CO,GB,ZONE 5,YO13
04,WIPER CO,GB,ZONE 5,YO14
04,WIPER CO,GB,ZONE 5,YO15
04,WIPER CO,GB,ZONE 5,YO16
04,WIPER CO,GB,ZONE 5,YO17
04,WIPER CO,GB,ZONE 5,YO18
04,WIPER CO,GB,ZONE 5,YO19
04,WIPER CO,GB,ZONE 5,YO21
04,WIPER CO,GB,ZONE 5,YO22
04,WIPER CO,GB,ZONE 5,YO23
04,WIPER CO,GB,ZONE 5,YO24
04,WIPER CO,GB,ZONE 5,YO25
04,WIPER CO,GB,ZONE 5,YO26
04,WIPER CO,GB,ZONE 5,YO30
04,WIPER CO,GB,ZONE 5,YO31
04,WIPER CO,GB,ZONE 5,YO32
04,WIPER CO,GB,ZONE 5,YO41
04,WIPER CO,GB,ZONE 5,YO42
04,WIPER CO,GB,ZONE 5,YO43
04,WIPER CO,GB,ZONE 5,YO51
04,WIPER CO,GB,ZONE 5,YO60
04,WIPER CO,GB,ZONE 5,YO61
04,WIPER CO,GB,ZONE 5,YO62
04,WIPER CO,GB,ZONE 5,YO90
04,WIPER CO,GB,ZONE 5,YO91
04,WIPER CO,GB,ZONE 5,YO95
