AL1,Zone 5
AL2,Zone 5
AL3,Zone 5
AL4,Zone 5
AL5,Zone 5
AL6,Zone 5
AL7,Zone 5
AL8,Zone 5
AL9,Zone 5
AL10,Zone 5
B1,Zone 2
B2,Zone 2
B3,Zone 2
B4,Zone 2
B5,Zone 2
B6,Zone 2
B7,Zone 2
B8,Zone 2
B9,Zone 2
B10,Zone 2
B11,Zone 2
B12,Zone 2
B13,Zone 2
B14,Zone 2
B15,Zone 2
B16,Zone 2
B17,Zone 2
B18,Zone 2
B19,Zone 2
B20,Zone 2
B21,Zone 2
B23,Zone 2
B24,Zone 2
B25,Zone 2
B26,Zone 2
B27,Zone 2
B28,Zone 2
B29,Zone 2
B30,Zone 2
B31,Zone 2
B32,Zone 2
B33,Zone 2
B34,Zone 2
B35,Zone 2
B36,Zone 2
B37,Zone 2
B38,Zone 2
B40,Zone 2
B42,Zone 2
B43,Zone 2
B44,Zone 2
B45,Zone 2
B46,Zone 2
B47,Zone 2
B48,Zone 2
B49,Zone 2
B50,Zone 2
B60,Zone 2
B61,Zone 2
B62,Zone 2
B63,Zone 2
B64,Zone 2
B65,Zone 2
B66,Zone 2
B67,Zone 2
B68,Zone 2
B69,Zone 2
B70,Zone 2
B71,Zone 2
B72,Zone 2
B73,Zone 2
B74,Zone 2
B75,Zone 2
B76,Zone 2
B77,Zone 2
B78,Zone 2
B79,Zone 2
B80,Zone 2
B90,Zone 2
B91,Zone 2
B92,Zone 2
B93,Zone 2
B94,Zone 2
B95,Zone 2
B96,Zone 2
B97,Zone 2
B98,Zone 2
B99,Zone 2
BA1,Zone 2
BA2,Zone 2
BA3,Zone 2
BA4,Zone 2
BA5,Zone 2
BA6,Zone 2
BA7,Zone 2
BA8,Zone 2
BA9,Zone 2
BA10,Zone 2
BA11,Zone 2
BA12,Zone 2
BA13,Zone 2
BA14,Zone 2
BA15,Zone 2
BA16,Zone 2
BA20,Zone 2
BA21,Zone 2
BA22,Zone 2
BB1,Zone 2
BB2,Zone 2
BB3,Zone 2
BB4,Zone 2
BB5,Zone 2
BB6,Zone 2
BB7,Zone 2
BB8,Zone 2
BB9,Zone 2
BB10,Zone 2
BB11,Zone 2
BB12,Zone 2
BB18,Zone 2
BB94,Zone 2
BD1,Zone 2
BD2,Zone 2
BD3,Zone 2
BD4,Zone 2
BD5,Zone 2
BD6,Zone 2
BD7,Zone 2
BD8,Zone 2
BD9,Zone 2
BD10,Zone 2
BD11,Zone 2
BD12,Zone 2
BD13,Zone 2
BD14,Zone 2
BD15,Zone 2
BD16,Zone 2
BD17,Zone 2
BD18,Zone 2
BD19,Zone 2
BD20,Zone 2
BD21,Zone 2
BD22,Zone 2
BD23,Zone 2
BD24,Zone 2
BD97,Zone 2
BD98,Zone 2
BD99,Zone 2
BH1,Zone 5
BH2,Zone 5
BH3,Zone 5
BH4,Zone 5
BH5,Zone 5
BH6,Zone 5
BH7,Zone 5
BH8,Zone 5
BH9,Zone 5
BH10,Zone 5
BH11,Zone 5
BH12,Zone 5
BH13,Zone 5
BH14,Zone 5
BH15,Zone 5
BH16,Zone 5
BH17,Zone 5
BH18,Zone 5
BH19,Zone 5
BH20,Zone 5
BH21,Zone 5
BH22,Zone 5
BH23,Zone 5
BH24,Zone 5
BH25,Zone 5
BH31,Zone 5
BL0,Zone 2
BL1,Zone 2
BL2,Zone 2
BL3,Zone 2
BL4,Zone 2
BL5,Zone 2
BL6,Zone 2
BL7,Zone 2
BL8,Zone 2
BL9,Zone 2
BL11,Zone 2
BL78,Zone 2
BN1,Zone 5
BN2,Zone 5
BN3,Zone 5
BN5,Zone 5
BN6,Zone 5
BN7,Zone 5
BN8,Zone 5
BN9,Zone 5
BN10,Zone 5
BN11,Zone 5
BN12,Zone 5
BN13,Zone 5
BN14,Zone 5
BN15,Zone 5
BN16,Zone 5
BN17,Zone 5
BN18,Zone 5
BN20,Zone 5
BN21,Zone 5
BN22,Zone 5
BN23,Zone 5
BN24,Zone 5
BN25,Zone 5
BN26,Zone 5
BN27,Zone 5
BN41,Zone 5
BN42,Zone 5
BN43,Zone 5
BN44,Zone 5
BN45,Zone 5
BN50,Zone 5
BN51,Zone 5
BN52,Zone 5
BN88,Zone 5
BN99,Zone 5
BR1,Zone 3
BR2,Zone 3
BR3,Zone 3
BR4,Zone 3
BR5,Zone 3
BR6,Zone 3
BR7,Zone 3
BR8,Zone 3
BS0,Zone 2
BS1,Zone 2
BS2,Zone 2
BS3,Zone 2
BS4,Zone 2
BS5,Zone 2
BS6,Zone 2
BS7,Zone 2
BS8,Zone 2
BS9,Zone 2
BS10,Zone 2
BS11,Zone 2
BS13,Zone 2
BS14,Zone 2
BS15,Zone 2
BS16,Zone 2
BS20,Zone 2
BS21,Zone 2
BS22,Zone 2
BS23,Zone 2
BS24,Zone 2
BS25,Zone 2
BS26,Zone 2
BS27,Zone 2
BS28,Zone 2
BS29,Zone 2
BS30,Zone 2
BS31,Zone 2
BS32,Zone 2
BS34,Zone 2
BS35,Zone 2
BS36,Zone 2
BS37,Zone 2
BS39,Zone 2
BS40,Zone 2
BS41,Zone 2
BS48,Zone 2
BS49,Zone 2
BS80,Zone 2
BS98,Zone 2
BS99,Zone 2
CA1,Zone 6
CA2,Zone 6
CA3,Zone 6
CA4,Zone 6
CA5,Zone 6
CA6,Zone 6
CA7,Zone 6
CA8,Zone 6
CA9,Zone 6
CA10,Zone 6
CA11,Zone 6
CA12,Zone 6
CA13,Zone 6
CA14,Zone 6
CA15,Zone 6
CA16,Zone 6
CA17,Zone 6
CA18,Zone 6
CA19,Zone 6
CA20,Zone 6
CA21,Zone 6
CA22,Zone 6
CA23,Zone 6
CA24,Zone 6
CA25,Zone 6
CA26,Zone 6
CA27,Zone 6
CA28,Zone 6
CA95,Zone 6
CA99,Zone 6
CB1,Zone 2
CB2,Zone 2
CB3,Zone 2
CB4,Zone 2
CB5,Zone 2
CB6,Zone 2
CB7,Zone 2
CB8,Zone 2
CB9,Zone 2
CB10,Zone 2
CB11,Zone 2
CB21,Zone 2
CB22,Zone 2
CB23,Zone 2
CB24,Zone 2
CB25,Zone 2
CF3,Zone 2
CF5,Zone 2
CF10,Zone 2
CF11,Zone 2
CF14,Zone 2
CF15,Zone 2
CF23,Zone 2
CF24,Zone 2
CF31,Zone 2
CF32,Zone 2
CF33,Zone 2
CF34,Zone 2
CF35,Zone 2
CF36,Zone 2
CF37,Zone 2
CF38,Zone 2
CF39,Zone 2
CF40,Zone 2
CF41,Zone 2
CF42,Zone 2
CF43,Zone 2
CF44,Zone 2
CF45,Zone 2
CF46,Zone 2
CF47,Zone 2
CF48,Zone 2
CF61,Zone 2
CF62,Zone 2
CF63,Zone 2
CF64,Zone 2
CF71,Zone 2
CF72,Zone 2
CF81,Zone 2
CF82,Zone 2
CF83,Zone 2
CF91,Zone 2
CF95,Zone 2
CF99,Zone 2
CH1,Zone 2
CH2,Zone 2
CH3,Zone 2
CH4,Zone 2
CH5,Zone 2
CH6,Zone 2
CH7,Zone 2
CH8,Zone 2
CH25,Zone 2
CH26,Zone 2
CH27,Zone 2
CH28,Zone 2
CH29,Zone 2
CH30,Zone 2
CH31,Zone 2
CH32,Zone 2
CH33,Zone 2
CH34,Zone 2
CH41,Zone 2
CH42,Zone 2
CH43,Zone 2
CH44,Zone 2
CH45,Zone 2
CH46,Zone 2
CH47,Zone 2
CH48,Zone 2
CH49,Zone 2
CH60,Zone 2
CH61,Zone 2
CH62,Zone 2
CH63,Zone 2
CH64,Zone 2
CH65,Zone 2
CH66,Zone 2
CH70,Zone 2
CH88,Zone 2
CH99,Zone 2
CM0,Zone 5
CM1,Zone 5
CM2,Zone 5
CM3,Zone 5
CM4,Zone 5
CM5,Zone 5
CM6,Zone 5
CM7,Zone 5
CM8,Zone 5
CM9,Zone 5
CM11,Zone 5
CM12,Zone 5
CM13,Zone 5
CM14,Zone 5
CM15,Zone 5
CM16,Zone 5
CM17,Zone 5
CM18,Zone 5
CM19,Zone 5
CM20,Zone 5
CM21,Zone 5
CM22,Zone 5
CM23,Zone 5
CM24,Zone 5
CM77,Zone 5
CM98,Zone 5
CM99,Zone 5
CO1,Zone 5
CO2,Zone 5
CO3,Zone 5
CO4,Zone 5
CO5,Zone 5
CO6,Zone 5
CO7,Zone 5
CO8,Zone 5
CO9,Zone 5
CO10,Zone 5
CO11,Zone 5
CO12,Zone 5
CO13,Zone 5
CO14,Zone 5
CO15,Zone 5
CO16,Zone 5
CR0,Zone 3
CR2,Zone 3
CR3,Zone 3
CR4,Zone 3
CR5,Zone 3
CR6,Zone 3
CR7,Zone 3
CR8,Zone 3
CR9,Zone 3
CR44,Zone 3
CT1,Zone 5
CT2,Zone 5
CT3,Zone 5
CT4,Zone 5
CT5,Zone 5
CT6,Zone 5
CT7,Zone 5
CT8,Zone 5
CT9,Zone 5
CT10,Zone 5
CT11,Zone 5
CT12,Zone 5
CT13,Zone 5
CT14,Zone 5
CT15,Zone 5
CT16,Zone 5
CT17,Zone 5
CT18,Zone 5
CT19,Zone 5
CT20,Zone 5
CT21,Zone 5
CT50,Zone 5
CV1,Zone 2
CV2,Zone 2
CV3,Zone 2
CV4,Zone 2
CV5,Zone 2
CV6,Zone 2
CV7,Zone 2
CV8,Zone 2
CV9,Zone 2
CV10,Zone 2
CV11,Zone 2
CV12,Zone 2
CV13,Zone 2
CV21,Zone 2
CV22,Zone 2
CV23,Zone 2
CV31,Zone 2
CV32,Zone 2
CV33,Zone 2
CV34,Zone 2
CV35,Zone 2
CV36,Zone 2
CV37,Zone 2
CV47,Zone 2
CW1,Zone 2
CW2,Zone 2
CW3,Zone 2
CW4,Zone 2
CW5,Zone 2
CW6,Zone 2
CW7,Zone 2
CW8,Zone 2
CW9,Zone 2
CW10,Zone 2
CW11,Zone 2
CW12,Zone 2
CW98,Zone 2
DA1,Zone 3
DA2,Zone 3
DA3,Zone 3
DA4,Zone 3
DA5,Zone 3
DA6,Zone 3
DA7,Zone 3
DA8,Zone 3
DA9,Zone 3
DA10,Zone 3
DA11,Zone 3
DA12,Zone 3
DA13,Zone 3
DA14,Zone 3
DA15,Zone 3
DA16,Zone 3
DA17,Zone 3
DA18,Zone 3
DE1,Zone 2
DE3,Zone 2
DE4,Zone 2
DE5,Zone 2
DE6,Zone 2
DE7,Zone 2
DE11,Zone 2
DE12,Zone 2
DE13,Zone 2
DE14,Zone 2
DE15,Zone 2
DE21,Zone 2
DE22,Zone 2
DE23,Zone 2
DE24,Zone 2
DE45,Zone 2
DE55,Zone 2
DE56,Zone 2
DE65,Zone 2
DE72,Zone 2
DE73,Zone 2
DE74,Zone 2
DE75,Zone 2
DE99,Zone 2
DH1,Zone 5
DH2,Zone 5
DH3,Zone 5
DH4,Zone 5
DH5,Zone 5
DH6,Zone 5
DH7,Zone 5
DH8,Zone 5
DH9,Zone 5
DH97,Zone 5
DH98,Zone 5
DH99,Zone 5
DL1,Zone 5
DL2,Zone 5
DL3,Zone 5
DL4,Zone 5
DL5,Zone 5
DL6,Zone 5
DL7,Zone 5
DL8,Zone 5
DL9,Zone 5
DL10,Zone 5
DL11,Zone 5
DL12,Zone 5
DL13,Zone 5
DL14,Zone 5
DL15,Zone 5
DL16,Zone 5
DL17,Zone 5
DN1,Zone 2
DN2,Zone 2
DN3,Zone 2
DN4,Zone 2
DN5,Zone 2
DN6,Zone 2
DN7,Zone 2
DN8,Zone 2
DN9,Zone 2
DN10,Zone 2
DN11,Zone 2
DN12,Zone 2
DN14,Zone 2
DN15,Zone 2
DN16,Zone 2
DN17,Zone 2
DN18,Zone 2
DN19,Zone 2
DN20,Zone 2
DN21,Zone 2
DN22,Zone 2
DN31,Zone 2
DN32,Zone 2
DN33,Zone 2
DN34,Zone 2
DN35,Zone 2
DN36,Zone 2
DN37,Zone 2
DN38,Zone 2
DN39,Zone 2
DN40,Zone 2
DN41,Zone 2
DN55,Zone 2
DT1,Zone 5
DT2,Zone 5
DT3,Zone 5
DT4,Zone 5
DT5,Zone 5
DT6,Zone 5
DT7,Zone 5
DT8,Zone 5
DT9,Zone 5
DT10,Zone 5
DT11,Zone 5
DY1,Zone 2
DY2,Zone 2
DY3,Zone 2
DY4,Zone 2
DY5,Zone 2
DY6,Zone 2
DY7,Zone 2
DY8,Zone 2
DY9,Zone 2
DY10,Zone 2
DY11,Zone 2
DY12,Zone 2
DY13,Zone 2
DY14,Zone 2
E10,Zone 4
E20,Zone 4
E1,Zone 4
E11,Zone 4
E12,Zone 4
E2,Zone 4
E13,Zone 4
E3,Zone 4
E14,Zone 4
E4,Zone 4
E15,Zone 4
E5,Zone 4
E16,Zone 4
E6,Zone 4
E17,Zone 4
E7,Zone 4
E77,Zone 4
E18,Zone 4
E8,Zone 4
E98,Zone 4
E9,Zone 4
E1W,Zone 4
EC1A,Zone 4
EC1M,Zone 4
EC1N,Zone 4
EC1P,Zone 4
EC1R,Zone 4
EC1V,Zone 4
EC1Y,Zone 4
EC2A,Zone 4
EC2M,Zone 4
EC2N,Zone 4
EC2P,Zone 4
EC2R,Zone 4
EC2V,Zone 4
EC2Y,Zone 4
EC3A,Zone 4
EC3M,Zone 4
EC3N,Zone 4
EC3P,Zone 4
EC3R,Zone 4
EC3V,Zone 4
EC4A,Zone 4
EC4M,Zone 4
EC4N,Zone 4
EC4P,Zone 4
EC4R,Zone 4
EC4V,Zone 4
EC4Y,Zone 4
EC50,Zone 4
EN1,Zone 3
EN2,Zone 3
EN3,Zone 3
EN4,Zone 3
EN5,Zone 3
EN6,Zone 3
EN7,Zone 3
EN8,Zone 3
EN9,Zone 3
EN10,Zone 3
EN11,Zone 3
EX1,Zone 6
EX2,Zone 6
EX3,Zone 6
EX4,Zone 6
EX5,Zone 6
EX6,Zone 6
EX7,Zone 6
EX8,Zone 6
EX9,Zone 6
EX10,Zone 6
EX11,Zone 6
EX12,Zone 6
EX13,Zone 6
EX14,Zone 6
EX15,Zone 6
EX16,Zone 6
EX17,Zone 6
EX18,Zone 6
EX19,Zone 6
EX20,Zone 6
EX21,Zone 6
EX22,Zone 6
EX23,Zone 6
EX24,Zone 6
EX31,Zone 6
EX32,Zone 6
EX33,Zone 6
EX34,Zone 6
EX35,Zone 6
EX36,Zone 6
EX37,Zone 6
EX38,Zone 6
EX39,Zone 6
FY0,Zone 5
FY1,Zone 5
FY2,Zone 5
FY3,Zone 5
FY4,Zone 5
FY5,Zone 5
FY6,Zone 5
FY7,Zone 5
FY8,Zone 5
GL1,Zone 2
GL2,Zone 2
GL3,Zone 2
GL4,Zone 2
GL5,Zone 2
GL6,Zone 2
GL7,Zone 2
GL8,Zone 2
GL9,Zone 2
GL10,Zone 2
GL11,Zone 2
GL12,Zone 2
GL13,Zone 2
GL14,Zone 2
GL15,Zone 2
GL16,Zone 2
GL17,Zone 2
GL18,Zone 2
GL19,Zone 2
GL20,Zone 2
GL50,Zone 2
GL51,Zone 2
GL52,Zone 2
GL53,Zone 2
GL54,Zone 2
GL55,Zone 2
GL56,Zone 2
GU1,Zone 6
GU2,Zone 6
GU3,Zone 6
GU4,Zone 6
GU5,Zone 6
GU6,Zone 6
GU7,Zone 6
GU8,Zone 6
GU9,Zone 6
GU10,Zone 6
GU11,Zone 6
GU12,Zone 6
GU14,Zone 6
GU15,Zone 6
GU16,Zone 6
GU17,Zone 6
GU18,Zone 6
GU19,Zone 6
GU20,Zone 6
GU21,Zone 6
GU22,Zone 6
GU23,Zone 6
GU24,Zone 6
GU25,Zone 6
GU26,Zone 6
GU27,Zone 6
GU28,Zone 6
GU29,Zone 6
GU30,Zone 6
GU31,Zone 6
GU32,Zone 6
GU33,Zone 6
GU34,Zone 6
GU35,Zone 6
GU46,Zone 6
GU47,Zone 6
GU51,Zone 6
GU52,Zone 6
GU95,Zone 6
HA0,Zone 3
HA1,Zone 3
HA2,Zone 3
HA3,Zone 3
HA4,Zone 3
HA5,Zone 3
HA6,Zone 3
HA7,Zone 3
HA8,Zone 3
HA9,Zone 3
HD1,Zone 2
HD2,Zone 2
HD3,Zone 2
HD4,Zone 2
HD5,Zone 2
HD6,Zone 2
HD7,Zone 2
HD8,Zone 2
HD9,Zone 2
HG1,Zone 5
HG2,Zone 5
HG3,Zone 5
HG4,Zone 5
HG5,Zone 5
HP1,Zone 2
HP2,Zone 2
HP3,Zone 2
HP4,Zone 2
HP5,Zone 2
HP6,Zone 2
HP7,Zone 2
HP8,Zone 2
HP9,Zone 2
HP10,Zone 2
HP11,Zone 2
HP12,Zone 2
HP13,Zone 2
HP14,Zone 2
HP15,Zone 2
HP16,Zone 2
HP17,Zone 2
HP18,Zone 2
HP19,Zone 2
HP20,Zone 2
HP21,Zone 2
HP22,Zone 2
HP23,Zone 2
HP27,Zone 2
HR1,Zone 2
HR2,Zone 2
HR3,Zone 2
HR4,Zone 2
HR5,Zone 2
HR6,Zone 2
HR7,Zone 2
HR8,Zone 2
HR9,Zone 2
HU1,Zone 5
HU2,Zone 5
HU3,Zone 5
HU4,Zone 5
HU5,Zone 5
HU6,Zone 5
HU7,Zone 5
HU8,Zone 5
HU9,Zone 5
HU10,Zone 5
HU11,Zone 5
HU12,Zone 5
HU13,Zone 5
HU14,Zone 5
HU15,Zone 5
HU16,Zone 5
HU17,Zone 5
HU18,Zone 5
HU19,Zone 5
HU20,Zone 5
HX1,Zone 2
HX2,Zone 2
HX3,Zone 2
HX4,Zone 2
HX5,Zone 2
HX6,Zone 2
HX7,Zone 2
IG1,Zone 3
IG2,Zone 3
IG3,Zone 3
IG4,Zone 3
IG5,Zone 3
IG6,Zone 3
IG7,Zone 3
IG8,Zone 3
IG9,Zone 3
IG10,Zone 3
IG11,Zone 3
IP1,Zone 5
IP2,Zone 5
IP3,Zone 5
IP4,Zone 5
IP5,Zone 5
IP6,Zone 5
IP7,Zone 5
IP8,Zone 5
IP9,Zone 5
IP10,Zone 5
IP11,Zone 5
IP12,Zone 5
IP13,Zone 5
IP14,Zone 5
IP15,Zone 5
IP16,Zone 5
IP17,Zone 5
IP18,Zone 5
IP19,Zone 5
IP20,Zone 5
IP21,Zone 5
IP22,Zone 5
IP23,Zone 5
IP24,Zone 5
IP25,Zone 5
IP26,Zone 5
IP27,Zone 5
IP28,Zone 5
IP29,Zone 5
IP30,Zone 5
IP31,Zone 5
IP32,Zone 5
IP33,Zone 5
IP98,Zone 5
KT1,Zone 3
KT2,Zone 3
KT3,Zone 3
KT4,Zone 3
KT5,Zone 3
KT6,Zone 3
KT7,Zone 3
KT8,Zone 3
KT9,Zone 3
KT10,Zone 3
KT11,Zone 3
KT12,Zone 3
KT13,Zone 3
KT14,Zone 3
KT15,Zone 3
KT16,Zone 3
KT17,Zone 3
KT18,Zone 3
KT19,Zone 3
KT20,Zone 3
KT21,Zone 3
KT22,Zone 3
KT23,Zone 3
KT24,Zone 3
L1,Zone 1
L2,Zone 1
L3,Zone 1
L4,Zone 1
L5,Zone 1
L6,Zone 1
L7,Zone 1
L8,Zone 1
L9,Zone 1
L10,Zone 1
L11,Zone 1
L12,Zone 1
L13,Zone 1
L14,Zone 1
L15,Zone 1
L16,Zone 1
L17,Zone 1
L18,Zone 1
L19,Zone 1
L20,Zone 1
L21,Zone 1
L22,Zone 1
L23,Zone 1
L24,Zone 1
L25,Zone 1
L26,Zone 1
L27,Zone 1
L28,Zone 1
L29,Zone 1
L30,Zone 1
L31,Zone 1
L32,Zone 1
L33,Zone 1
L34,Zone 1
L35,Zone 1
L36,Zone 1
L37,Zone 1
L38,Zone 1
L39,Zone 1
L40,Zone 1
L67,Zone 1
L68,Zone 1
L69,Zone 1
L70,Zone 1
L71,Zone 1
L72,Zone 1
L73,Zone 1
L74,Zone 1
L75,Zone 1
L99,Zone 1
LA1,Zone 6
LA2,Zone 6
LA3,Zone 6
LA4,Zone 6
LA5,Zone 6
LA6,Zone 6
LA7,Zone 6
LA8,Zone 6
LA9,Zone 6
LA10,Zone 6
LA11,Zone 6
LA12,Zone 6
LA13,Zone 6
LA14,Zone 6
LA15,Zone 6
LA16,Zone 6
LA17,Zone 6
LA18,Zone 6
LA19,Zone 6
LA20,Zone 6
LA21,Zone 6
LA22,Zone 6
LA23,Zone 6
LD1,Zone 6
LD2,Zone 6
LD3,Zone 6
LD4,Zone 6
LD5,Zone 6
LD6,Zone 6
LD7,Zone 6
LD8,Zone 6
LE1,Zone 2
LE2,Zone 2
LE3,Zone 2
LE4,Zone 2
LE5,Zone 2
LE6,Zone 2
LE7,Zone 2
LE8,Zone 2
LE9,Zone 2
LE10,Zone 2
LE11,Zone 2
LE12,Zone 2
LE13,Zone 2
LE14,Zone 2
LE15,Zone 2
LE16,Zone 2
LE17,Zone 2
LE18,Zone 2
LE19,Zone 2
LE21,Zone 2
LE41,Zone 2
LE55,Zone 2
LE65,Zone 2
LE67,Zone 2
LE87,Zone 2
LE94,Zone 2
LE95,Zone 2
LL11,Zone 6
LL12,Zone 6
LL13,Zone 6
LL14,Zone 6
LL15,Zone 6
LL16,Zone 6
LL17,Zone 6
LL18,Zone 6
LL19,Zone 6
LL20,Zone 6
LL21,Zone 6
LL22,Zone 6
LL23,Zone 6
LL24,Zone 6
LL25,Zone 6
LL26,Zone 6
LL27,Zone 6
LL28,Zone 6
LL29,Zone 6
LL30,Zone 6
LL31,Zone 6
LL32,Zone 6
LL33,Zone 6
LL34,Zone 6
LL35,Zone 6
LL36,Zone 6
LL37,Zone 6
LL38,Zone 6
LL39,Zone 6
LL40,Zone 6
LL41,Zone 6
LL42,Zone 6
LL43,Zone 6
LL44,Zone 6
LL45,Zone 6
LL46,Zone 6
LL47,Zone 6
LL48,Zone 6
LL49,Zone 6
LL51,Zone 6
LL52,Zone 6
LL53,Zone 6
LL54,Zone 6
LL55,Zone 6
LL56,Zone 6
LL57,Zone 6
LL58,Zone 6
LL59,Zone 6
LL60,Zone 6
LL61,Zone 6
LL62,Zone 6
LL63,Zone 6
LL64,Zone 6
LL65,Zone 6
LL66,Zone 6
LL67,Zone 6
LL68,Zone 6
LL69,Zone 6
LL70,Zone 6
LL71,Zone 6
LL72,Zone 6
LL73,Zone 6
LL74,Zone 6
LL75,Zone 6
LL76,Zone 6
LL77,Zone 6
LL78,Zone 6
LN1,Zone 5
LN2,Zone 5
LN3,Zone 5
LN4,Zone 5
LN5,Zone 5
LN6,Zone 5
LN7,Zone 5
LN8,Zone 5
LN9,Zone 5
LN10,Zone 5
LN11,Zone 5
LN12,Zone 5
LN13,Zone 5
LS1,Zone 2
LS2,Zone 2
LS3,Zone 2
LS4,Zone 2
LS5,Zone 2
LS6,Zone 2
LS7,Zone 2
LS8,Zone 2
LS9,Zone 2
LS10,Zone 2
LS11,Zone 2
LS12,Zone 2
LS13,Zone 2
LS14,Zone 2
LS15,Zone 2
LS16,Zone 2
LS17,Zone 2
LS18,Zone 2
LS19,Zone 2
LS20,Zone 2
LS21,Zone 2
LS22,Zone 2
LS23,Zone 2
LS24,Zone 2
LS25,Zone 2
LS26,Zone 2
LS27,Zone 2
LS28,Zone 2
LS29,Zone 2
LS88,Zone 2
LS98,Zone 2
LS99,Zone 2
LU1,Zone 2
LU2,Zone 2
LU3,Zone 2
LU4,Zone 2
LU5,Zone 2
LU6,Zone 2
LU7,Zone 2
LU95,Zone 2
M1,Zone 1
M2,Zone 1
M3,Zone 1
M4,Zone 1
M5,Zone 1
M6,Zone 1
M7,Zone 1
M8,Zone 1
M9,Zone 1
M11,Zone 1
M12,Zone 1
M13,Zone 1
M14,Zone 1
M15,Zone 1
M16,Zone 1
M17,Zone 1
M18,Zone 1
M19,Zone 1
M20,Zone 1
M21,Zone 1
M22,Zone 1
M23,Zone 1
M24,Zone 1
M25,Zone 1
M26,Zone 1
M27,Zone 1
M28,Zone 1
M29,Zone 1
M30,Zone 1
M31,Zone 1
M32,Zone 1
M33,Zone 1
M34,Zone 1
M35,Zone 1
M38,Zone 1
M40,Zone 1
M41,Zone 1
M43,Zone 1
M44,Zone 1
M45,Zone 1
M46,Zone 1
M50,Zone 1
M60,Zone 1
M61,Zone 1
M90,Zone 1
M99,Zone 1
ME1,Zone 5
ME2,Zone 5
ME3,Zone 5
ME4,Zone 5
ME5,Zone 5
ME6,Zone 5
ME7,Zone 5
ME8,Zone 5
ME9,Zone 5
ME10,Zone 5
ME11,Zone 5
ME12,Zone 5
ME13,Zone 5
ME14,Zone 5
ME15,Zone 5
ME16,Zone 5
ME17,Zone 5
ME18,Zone 5
ME19,Zone 5
ME20,Zone 5
ME99,Zone 5
MK1,Zone 2
MK2,Zone 2
MK3,Zone 2
MK4,Zone 2
MK5,Zone 2
MK6,Zone 2
MK7,Zone 2
MK8,Zone 2
MK9,Zone 2
MK10,Zone 2
MK11,Zone 2
MK12,Zone 2
MK13,Zone 2
MK14,Zone 2
MK15,Zone 2
MK16,Zone 2
MK17,Zone 2
MK18,Zone 2
MK19,Zone 2
MK40,Zone 2
MK41,Zone 2
MK42,Zone 2
MK43,Zone 2
MK44,Zone 2
MK45,Zone 2
MK46,Zone 2
MK77,Zone 2
N1C,Zone 4
N1,Zone 4
N2,Zone 4
N3,Zone 4
N4,Zone 4
N5,Zone 4
N6,Zone 4
N7,Zone 4
N8,Zone 4
N9,Zone 4
N10,Zone 4
N11,Zone 4
N12,Zone 4
N13,Zone 4
N14,Zone 4
N15,Zone 4
N16,Zone 4
N17,Zone 4
N18,Zone 4
N19,Zone 4
N20,Zone 4
N21,Zone 4
N22,Zone 4
N81,Zone 4
NE1,Zone 5
NE2,Zone 5
NE3,Zone 5
NE4,Zone 5
NE5,Zone 5
NE6,Zone 5
NE7,Zone 5
NE8,Zone 5
NE9,Zone 5
NE10,Zone 5
NE11,Zone 5
NE12,Zone 5
NE13,Zone 5
NE15,Zone 5
NE16,Zone 5
NE17,Zone 5
NE18,Zone 5
NE19,Zone 5
NE20,Zone 5
NE21,Zone 5
NE22,Zone 5
NE23,Zone 5
NE24,Zone 5
NE25,Zone 5
NE26,Zone 5
NE27,Zone 5
NE28,Zone 5
NE29,Zone 5
NE30,Zone 5
NE31,Zone 5
NE32,Zone 5
NE33,Zone 5
NE34,Zone 5
NE35,Zone 5
NE36,Zone 5
NE37,Zone 5
NE38,Zone 5
NE39,Zone 5
NE40,Zone 5
NE41,Zone 5
NE42,Zone 5
NE43,Zone 5
NE44,Zone 5
NE45,Zone 5
NE46,Zone 5
NE47,Zone 5
NE48,Zone 5
NE49,Zone 5
NE61,Zone 5
NE62,Zone 5
NE63,Zone 5
NE64,Zone 5
NE65,Zone 5
NE66,Zone 5
NE67,Zone 5
NE68,Zone 5
NE69,Zone 5
NE70,Zone 5
NE71,Zone 5
NE82,Zone 5
NE83,Zone 5
NE85,Zone 5
NE88,Zone 5
NE98,Zone 5
NE99,Zone 5
NG1,Zone 2
NG2,Zone 2
NG3,Zone 2
NG4,Zone 2
NG5,Zone 2
NG6,Zone 2
NG7,Zone 2
NG8,Zone 2
NG9,Zone 2
NG10,Zone 2
NG11,Zone 2
NG12,Zone 2
NG13,Zone 2
NG14,Zone 2
NG15,Zone 2
NG16,Zone 2
NG17,Zone 2
NG18,Zone 2
NG19,Zone 2
NG20,Zone 2
NG21,Zone 2
NG22,Zone 2
NG23,Zone 2
NG24,Zone 2
NG25,Zone 2
NG31,Zone 2
NG32,Zone 2
NG33,Zone 2
NG34,Zone 2
NG70,Zone 2
NG80,Zone 2
NG90,Zone 2
NN1,Zone 2
NN2,Zone 2
NN3,Zone 2
NN4,Zone 2
NN5,Zone 2
NN6,Zone 2
NN7,Zone 2
NN8,Zone 2
NN9,Zone 2
NN10,Zone 2
NN11,Zone 2
NN12,Zone 2
NN13,Zone 2
NN14,Zone 2
NN15,Zone 2
NN16,Zone 2
NN17,Zone 2
NN18,Zone 2
NN29,Zone 2
NP4,Zone 5
NP7,Zone 5
NP8,Zone 5
NP9,Zone 5
NP10,Zone 5
NP11,Zone 5
NP12,Zone 5
NP13,Zone 5
NP15,Zone 5
NP16,Zone 5
NP18,Zone 5
NP19,Zone 5
NP20,Zone 5
NP22,Zone 5
NP23,Zone 5
NP24,Zone 5
NP25,Zone 5
NP26,Zone 5
NP44,Zone 5
NR1,Zone 5
NR2,Zone 5
NR3,Zone 5
NR4,Zone 5
NR5,Zone 5
NR6,Zone 5
NR7,Zone 5
NR8,Zone 5
NR9,Zone 5
NR10,Zone 5
NR11,Zone 5
NR12,Zone 5
NR13,Zone 5
NR14,Zone 5
NR15,Zone 5
NR16,Zone 5
NR17,Zone 5
NR18,Zone 5
NR19,Zone 5
NR20,Zone 5
NR21,Zone 5
NR22,Zone 5
NR23,Zone 5
NR24,Zone 5
NR25,Zone 5
NR26,Zone 5
NR27,Zone 5
NR28,Zone 5
NR29,Zone 5
NR30,Zone 5
NR31,Zone 5
NR32,Zone 5
NR33,Zone 5
NR34,Zone 5
NR35,Zone 5
NR99,Zone 5
NW1,Zone 4
NW2,Zone 4
NW3,Zone 4
NW4,Zone 4
NW5,Zone 4
NW6,Zone 4
NW7,Zone 4
NW8,Zone 4
NW9,Zone 4
NW10,Zone 4
NW11,Zone 4
NW1W,Zone 4
OL1,Zone 2
OL2,Zone 2
OL3,Zone 2
OL4,Zone 2
OL5,Zone 2
OL6,Zone 2
OL7,Zone 2
OL8,Zone 2
OL9,Zone 2
OL10,Zone 2
OL11,Zone 2
OL12,Zone 2
OL13,Zone 2
OL14,Zone 2
OL15,Zone 2
OL16,Zone 2
OL95,Zone 2
OX1,Zone 5
OX2,Zone 5
OX3,Zone 5
OX4,Zone 5
OX5,Zone 5
OX7,Zone 5
OX9,Zone 5
OX10,Zone 5
OX11,Zone 5
OX12,Zone 5
OX13,Zone 5
OX14,Zone 5
OX15,Zone 5
OX16,Zone 5
OX17,Zone 5
OX18,Zone 5
OX20,Zone 5
OX25,Zone 5
OX26,Zone 5
OX27,Zone 5
OX28,Zone 5
OX29,Zone 5
OX33,Zone 5
OX39,Zone 5
OX44,Zone 5
OX49,Zone 5
PE1,Zone 2
PE2,Zone 2
PE3,Zone 2
PE4,Zone 2
PE5,Zone 2
PE6,Zone 2
PE7,Zone 2
PE8,Zone 2
PE9,Zone 2
PE10,Zone 2
PE11,Zone 2
PE12,Zone 2
PE13,Zone 2
PE14,Zone 2
PE15,Zone 2
PE16,Zone 2
PE19,Zone 2
PE20,Zone 2
PE21,Zone 2
PE22,Zone 2
PE23,Zone 2
PE24,Zone 2
PE25,Zone 2
PE26,Zone 2
PE27,Zone 2
PE28,Zone 2
PE29,Zone 2
PE30,Zone 2
PE31,Zone 2
PE32,Zone 2
PE33,Zone 2
PE34,Zone 2
PE35,Zone 2
PE36,Zone 2
PE37,Zone 2
PE38,Zone 2
PE99,Zone 2
PL1,Zone 6
PL2,Zone 6
PL3,Zone 6
PL4,Zone 6
PL5,Zone 6
PL6,Zone 6
PL7,Zone 6
PL8,Zone 6
PL9,Zone 6
PL10,Zone 6
PL11,Zone 6
PL12,Zone 6
PL13,Zone 6
PL14,Zone 6
PL15,Zone 6
PL16,Zone 6
PL17,Zone 6
PL18,Zone 6
PL19,Zone 6
PL20,Zone 6
PL21,Zone 6
PL22,Zone 6
PL23,Zone 6
PL24,Zone 6
PL25,Zone 6
PL26,Zone 6
PL27,Zone 6
PL28,Zone 6
PL29,Zone 6
PL30,Zone 6
PL31,Zone 6
PL32,Zone 6
PL33,Zone 6
PL34,Zone 6
PL35,Zone 6
PL95,Zone 6
PO1,Zone 5
PO2,Zone 5
PO3,Zone 5
PO4,Zone 5
PO5,Zone 5
PO6,Zone 5
PO7,Zone 5
PO8,Zone 5
PO9,Zone 5
PO10,Zone 5
PO11,Zone 5
PO12,Zone 5
PO13,Zone 5
PO14,Zone 5
PO15,Zone 5
PO16,Zone 5
PO17,Zone 5
PO18,Zone 5
PO19,Zone 5
PO20,Zone 5
PO21,Zone 5
PO22,Zone 5
PR0,Zone 1
PR1,Zone 1
PR2,Zone 1
PR3,Zone 1
PR4,Zone 1
PR5,Zone 1
PR6,Zone 1
PR7,Zone 1
PR8,Zone 1
PR9,Zone 1
PR11,Zone 1
PR25,Zone 1
PR26,Zone 1
RG1,Zone 2
RG2,Zone 2
RG4,Zone 2
RG5,Zone 2
RG6,Zone 2
RG7,Zone 2
RG8,Zone 2
RG9,Zone 2
RG10,Zone 2
RG12,Zone 2
RG14,Zone 2
RG17,Zone 2
RG18,Zone 2
RG19,Zone 2
RG20,Zone 2
RG21,Zone 2
RG22,Zone 2
RG23,Zone 2
RG24,Zone 2
RG25,Zone 2
RG26,Zone 2
RG27,Zone 2
RG28,Zone 2
RG29,Zone 2
RG30,Zone 2
RG31,Zone 2
RG40,Zone 2
RG41,Zone 2
RG42,Zone 2
RG45,Zone 2
RH1,Zone 2
RH2,Zone 2
RH3,Zone 2
RH4,Zone 2
RH5,Zone 2
RH6,Zone 2
RH7,Zone 2
RH8,Zone 2
RH9,Zone 2
RH10,Zone 2
RH11,Zone 2
RH12,Zone 2
RH13,Zone 2
RH14,Zone 2
RH15,Zone 2
RH16,Zone 2
RH17,Zone 2
RH18,Zone 2
RH19,Zone 2
RH20,Zone 2
RH77,Zone 2
RM1,Zone 3
RM2,Zone 3
RM3,Zone 3
RM4,Zone 3
RM5,Zone 3
RM6,Zone 3
RM7,Zone 3
RM8,Zone 3
RM9,Zone 3
RM10,Zone 3
RM11,Zone 3
RM12,Zone 3
RM13,Zone 3
RM14,Zone 3
RM15,Zone 3
RM16,Zone 3
RM17,Zone 3
RM18,Zone 3
RM19,Zone 3
RM20,Zone 3
RM50,Zone 3
S1,Zone 2
S2,Zone 2
S3,Zone 2
S4,Zone 2
S5,Zone 2
S6,Zone 2
S7,Zone 2
S8,Zone 2
S9,Zone 2
S10,Zone 2
S11,Zone 2
S12,Zone 2
S13,Zone 2
S14,Zone 2
S17,Zone 2
S18,Zone 2
S20,Zone 2
S21,Zone 2
S25,Zone 2
S26,Zone 2
S32,Zone 2
S33,Zone 2
S35,Zone 2
S36,Zone 2
S40,Zone 2
S41,Zone 2
S42,Zone 2
S43,Zone 2
S44,Zone 2
S45,Zone 2
S49,Zone 2
S60,Zone 2
S61,Zone 2
S62,Zone 2
S63,Zone 2
S64,Zone 2
S65,Zone 2
S66,Zone 2
S70,Zone 2
S71,Zone 2
S72,Zone 2
S73,Zone 2
S74,Zone 2
S75,Zone 2
S80,Zone 2
S81,Zone 2
S96,Zone 2
S97,Zone 2
S98,Zone 2
S99,Zone 2
SA1,Zone 6
SA2,Zone 6
SA3,Zone 6
SA4,Zone 6
SA5,Zone 6
SA6,Zone 6
SA7,Zone 6
SA8,Zone 6
SA9,Zone 6
SA10,Zone 6
SA11,Zone 6
SA12,Zone 6
SA13,Zone 6
SA14,Zone 6
SA15,Zone 6
SA16,Zone 6
SA17,Zone 6
SA18,Zone 6
SA19,Zone 6
SA20,Zone 6
SA31,Zone 6
SA32,Zone 6
SA33,Zone 6
SA34,Zone 6
SA35,Zone 6
SA36,Zone 6
SA37,Zone 6
SA38,Zone 6
SA39,Zone 6
SA40,Zone 6
SA41,Zone 6
SA42,Zone 6
SA43,Zone 6
SA44,Zone 6
SA45,Zone 6
SA46,Zone 6
SA47,Zone 6
SA48,Zone 6
SA61,Zone 6
SA62,Zone 6
SA63,Zone 6
SA64,Zone 6
SA65,Zone 6
SA66,Zone 6
SA67,Zone 6
SA68,Zone 6
SA69,Zone 6
SA70,Zone 6
SA71,Zone 6
SA72,Zone 6
SA73,Zone 6
SA80,Zone 6
SA99,Zone 6
SE1,Zone 4
SE2,Zone 4
SE3,Zone 4
SE4,Zone 4
SE5,Zone 4
SE6,Zone 4
SE7,Zone 4
SE8,Zone 4
SE9,Zone 4
SE10,Zone 4
SE11,Zone 4
SE12,Zone 4
SE13,Zone 4
SE14,Zone 4
SE15,Zone 4
SE16,Zone 4
SE17,Zone 4
SE18,Zone 4
SE19,Zone 4
SE20,Zone 4
SE21,Zone 4
SE22,Zone 4
SE23,Zone 4
SE24,Zone 4
SE25,Zone 4
SE26,Zone 4
SE27,Zone 4
SE28,Zone 4
SG1,Zone 2
SG2,Zone 2
SG3,Zone 2
SG4,Zone 2
SG5,Zone 2
SG6,Zone 2
SG7,Zone 2
SG8,Zone 2
SG9,Zone 2
SG10,Zone 2
SG11,Zone 2
SG12,Zone 2
SG13,Zone 2
SG14,Zone 2
SG15,Zone 2
SG16,Zone 2
SG17,Zone 2
SG18,Zone 2
SG19,Zone 2
SK1,Zone 2
SK2,Zone 2
SK3,Zone 2
SK4,Zone 2
SK5,Zone 2
SK6,Zone 2
SK7,Zone 2
SK8,Zone 2
SK9,Zone 2
SK10,Zone 2
SK11,Zone 2
SK12,Zone 2
SK13,Zone 2
SK14,Zone 2
SK15,Zone 2
SK16,Zone 2
SK17,Zone 2
SK22,Zone 2
SK23,Zone 2
SL0,Zone 2
SL1,Zone 2
SL2,Zone 2
SL3,Zone 2
SL4,Zone 2
SL5,Zone 2
SL6,Zone 2
SL7,Zone 2
SL8,Zone 2
SL9,Zone 2
SL95,Zone 2
SM1,Zone 3
SM2,Zone 3
SM3,Zone 3
SM4,Zone 3
SM5,Zone 3
SM6,Zone 3
SM7,Zone 3
SN1,Zone 2
SN2,Zone 2
SN3,Zone 2
SN4,Zone 2
SN5,Zone 2
SN6,Zone 2
SN7,Zone 2
SN8,Zone 2
SN9,Zone 2
SN10,Zone 2
SN11,Zone 2
SN12,Zone 2
SN13,Zone 2
SN14,Zone 2
SN15,Zone 2
SN16,Zone 2
SN25,Zone 2
SN26,Zone 2
SN38,Zone 2
SN99,Zone 2
SO14,Zone 5
SO15,Zone 5
SO16,Zone 5
SO17,Zone 5
SO18,Zone 5
SO19,Zone 5
SO20,Zone 5
SO21,Zone 5
SO22,Zone 5
SO23,Zone 5
SO24,Zone 5
SO30,Zone 5
SO31,Zone 5
SO32,Zone 5
SO40,Zone 5
SO41,Zone 5
SO42,Zone 5
SO43,Zone 5
SO45,Zone 5
SO50,Zone 5
SO51,Zone 5
SO52,Zone 5
SO53,Zone 5
SO97,Zone 5
SP1,Zone 5
SP2,Zone 5
SP3,Zone 5
SP4,Zone 5
SP5,Zone 5
SP6,Zone 5
SP7,Zone 5
SP8,Zone 5
SP9,Zone 5
SP10,Zone 5
SP11,Zone 5
SR1,Zone 5
SR2,Zone 5
SR3,Zone 5
SR4,Zone 5
SR5,Zone 5
SR6,Zone 5
SR7,Zone 5
SR8,Zone 5
SR9,Zone 5
SS0,Zone 5
SS1,Zone 5
SS2,Zone 5
SS3,Zone 5
SS4,Zone 5
SS5,Zone 5
SS6,Zone 5
SS7,Zone 5
SS8,Zone 5
SS9,Zone 5
SS11,Zone 5
SS12,Zone 5
SS13,Zone 5
SS14,Zone 5
SS15,Zone 5
SS16,Zone 5
SS17,Zone 5
SS22,Zone 5
SS99,Zone 5
ST1,Zone 2
ST2,Zone 2
ST3,Zone 2
ST4,Zone 2
ST5,Zone 2
ST6,Zone 2
ST7,Zone 2
ST8,Zone 2
ST9,Zone 2
ST10,Zone 2
ST11,Zone 2
ST12,Zone 2
ST13,Zone 2
ST14,Zone 2
ST15,Zone 2
ST16,Zone 2
ST17,Zone 2
ST18,Zone 2
ST19,Zone 2
ST20,Zone 2
ST21,Zone 2
ST55,Zone 2
SW1A,Zone 4
SW1E,Zone 4
SW1H,Zone 4
SW1P,Zone 4
SW1V,Zone 4
SW1W,Zone 4
SW1X,Zone 4
SW1Y,Zone 4
SW2,Zone 4
SW3,Zone 4
SW4,Zone 4
SW5,Zone 4
SW6,Zone 4
SW7,Zone 4
SW8,Zone 4
SW9,Zone 4
SW10,Zone 4
SW11,Zone 4
SW12,Zone 4
SW13,Zone 4
SW14,Zone 4
SW15,Zone 4
SW16,Zone 4
SW17,Zone 4
SW18,Zone 4
SW19,Zone 4
SW20,Zone 4
SW95,Zone 4
SW99,Zone 4
SY1,Zone 6
SY2,Zone 6
SY3,Zone 6
SY4,Zone 6
SY5,Zone 6
SY6,Zone 6
SY7,Zone 6
SY8,Zone 6
SY9,Zone 6
SY10,Zone 6
SY11,Zone 6
SY12,Zone 6
SY13,Zone 6
SY14,Zone 6
SY15,Zone 6
SY16,Zone 6
SY17,Zone 6
SY18,Zone 6
SY19,Zone 6
SY20,Zone 6
SY21,Zone 6
SY22,Zone 6
SY23,Zone 6
SY24,Zone 6
SY25,Zone 6
SY99,Zone 6
TA1,Zone 6
TA2,Zone 6
TA3,Zone 6
TA4,Zone 6
TA5,Zone 6
TA6,Zone 6
TA7,Zone 6
TA8,Zone 6
TA9,Zone 6
TA10,Zone 6
TA11,Zone 6
TA12,Zone 6
TA13,Zone 6
TA14,Zone 6
TA15,Zone 6
TA16,Zone 6
TA17,Zone 6
TA18,Zone 6
TA19,Zone 6
TA20,Zone 6
TA21,Zone 6
TA22,Zone 6
TA23,Zone 6
TA24,Zone 6
TF1,Zone 2
TF2,Zone 2
TF3,Zone 2
TF4,Zone 2
TF5,Zone 2
TF6,Zone 2
TF7,Zone 2
TF8,Zone 2
TF9,Zone 2
TF10,Zone 2
TF11,Zone 2
TF12,Zone 2
TF13,Zone 2
TN1,Zone 5
TN2,Zone 5
TN3,Zone 5
TN4,Zone 5
TN5,Zone 5
TN6,Zone 5
TN7,Zone 5
TN8,Zone 5
TN9,Zone 5
TN10,Zone 5
TN11,Zone 5
TN12,Zone 5
TN13,Zone 5
TN14,Zone 5
TN15,Zone 5
TN16,Zone 5
TN17,Zone 5
TN18,Zone 5
TN19,Zone 5
TN20,Zone 5
TN21,Zone 5
TN22,Zone 5
TN23,Zone 5
TN24,Zone 5
TN25,Zone 5
TN26,Zone 5
TN27,Zone 5
TN28,Zone 5
TN29,Zone 5
TN30,Zone 5
TN31,Zone 5
TN32,Zone 5
TN33,Zone 5
TN34,Zone 5
TN35,Zone 5
TN36,Zone 5
TN37,Zone 5
TN38,Zone 5
TN39,Zone 5
TN40,Zone 5
TQ1,Zone 6
TQ2,Zone 6
TQ3,Zone 6
TQ4,Zone 6
TQ5,Zone 6
TQ6,Zone 6
TQ7,Zone 6
TQ8,Zone 6
TQ9,Zone 6
TQ10,Zone 6
TQ11,Zone 6
TQ12,Zone 6
TQ13,Zone 6
TQ14,Zone 6
TR1,Zone 6
TR2,Zone 6
TR3,Zone 6
TR4,Zone 6
TR5,Zone 6
TR6,Zone 6
TR7,Zone 6
TR8,Zone 6
TR9,Zone 6
TR10,Zone 6
TR11,Zone 6
TR12,Zone 6
TR13,Zone 6
TR14,Zone 6
TR15,Zone 6
TR16,Zone 6
TR17,Zone 6
TR18,Zone 6
TR19,Zone 6
TR20,Zone 6
TR21,Zone 6
TR22,Zone 6
TR23,Zone 6
TR24,Zone 6
TR25,Zone 6
TR26,Zone 6
TR27,Zone 6
TR93,Zone 6
TS1,Zone 5
TS2,Zone 5
TS3,Zone 5
TS4,Zone 5
TS5,Zone 5
TS6,Zone 5
TS7,Zone 5
TS8,Zone 5
TS9,Zone 5
TS10,Zone 5
TS11,Zone 5
TS12,Zone 5
TS13,Zone 5
TS14,Zone 5
TS15,Zone 5
TS16,Zone 5
TS17,Zone 5
TS18,Zone 5
TS19,Zone 5
TS20,Zone 5
TS21,Zone 5
TS22,Zone 5
TS23,Zone 5
TS24,Zone 5
TS25,Zone 5
TS26,Zone 5
TS27,Zone 5
TS28,Zone 5
TS29,Zone 5
TS90,Zone 5
TW1,Zone 3
TW2,Zone 3
TW3,Zone 3
TW4,Zone 3
TW5,Zone 3
TW6,Zone 3
TW7,Zone 3
TW8,Zone 3
TW9,Zone 3
TW10,Zone 3
TW11,Zone 3
TW12,Zone 3
TW13,Zone 3
TW14,Zone 3
TW15,Zone 3
TW16,Zone 3
TW17,Zone 3
TW18,Zone 3
TW19,Zone 3
TW20,Zone 3
UB1,Zone 3
UB2,Zone 3
UB3,Zone 3
UB4,Zone 3
UB5,Zone 3
UB6,Zone 3
UB7,Zone 3
UB8,Zone 3
UB9,Zone 3
UB10,Zone 3
UB11,Zone 3
UB18,Zone 3
W1A,Zone 4
W1B,Zone 4
W1C,Zone 4
W1D,Zone 4
W1F,Zone 4
W1G,Zone 4
W1H,Zone 4
W1J,Zone 4
W1K,Zone 4
W1S,Zone 4
W1T,Zone 4
W1U,Zone 4
W1W,Zone 4
W2,Zone 4
W3,Zone 4
W4,Zone 4
W5,Zone 4
W6,Zone 4
W7,Zone 4
W8,Zone 4
W9,Zone 4
W10,Zone 4
W11,Zone 4
W12,Zone 4
W13,Zone 4
W14,Zone 4
WA1,Zone 1
WA2,Zone 1
WA3,Zone 1
WA4,Zone 1
WA5,Zone 1
WA6,Zone 1
WA7,Zone 1
WA8,Zone 1
WA9,Zone 1
WA10,Zone 1
WA11,Zone 1
WA12,Zone 1
WA13,Zone 1
WA14,Zone 1
WA15,Zone 1
WA16,Zone 1
WA55,Zone 1
WA88,Zone 1
WC1A,Zone 4
WC1B,Zone 4
WC1E,Zone 4
WC1H,Zone 4
WC1N,Zone 4
WC1R,Zone 4
WC1V,Zone 4
WC1X,Zone 4
WC2A,Zone 4
WC2B,Zone 4
WC2E,Zone 4
WC2H,Zone 4
WC2N,Zone 4
WC2R,Zone 4
WD3,Zone 3
WD4,Zone 3
WD5,Zone 3
WD6,Zone 3
WD7,Zone 3
WD17,Zone 3
WD18,Zone 3
WD19,Zone 3
WD23,Zone 3
WD24,Zone 3
WD25,Zone 3
WF1,Zone 2
WF2,Zone 2
WF3,Zone 2
WF4,Zone 2
WF5,Zone 2
WF6,Zone 2
WF7,Zone 2
WF8,Zone 2
WF9,Zone 2
WF10,Zone 2
WF11,Zone 2
WF12,Zone 2
WF13,Zone 2
WF14,Zone 2
WF15,Zone 2
WF16,Zone 2
WF17,Zone 2
WN1,Zone 1
WN2,Zone 1
WN3,Zone 1
WN4,Zone 1
WN5,Zone 1
WN6,Zone 1
WN7,Zone 1
WN8,Zone 1
WR1,Zone 2
WR2,Zone 2
WR3,Zone 2
WR4,Zone 2
WR5,Zone 2
WR6,Zone 2
WR7,Zone 2
WR8,Zone 2
WR9,Zone 2
WR10,Zone 2
WR11,Zone 2
WR12,Zone 2
WR13,Zone 2
WR14,Zone 2
WR15,Zone 2
WR78,Zone 2
WR99,Zone 2
WS1,Zone 2
WS2,Zone 2
WS3,Zone 2
WS4,Zone 2
WS5,Zone 2
WS6,Zone 2
WS7,Zone 2
WS8,Zone 2
WS9,Zone 2
WS10,Zone 2
WS11,Zone 2
WS12,Zone 2
WS13,Zone 2
WS14,Zone 2
WS15,Zone 2
WV1,Zone 2
WV2,Zone 2
WV3,Zone 2
WV4,Zone 2
WV5,Zone 2
WV6,Zone 2
WV7,Zone 2
WV8,Zone 2
WV9,Zone 2
WV10,Zone 2
WV11,Zone 2
WV12,Zone 2
WV13,Zone 2
WV14,Zone 2
WV15,Zone 2
WV16,Zone 2
YO1,Zone 5
YO7,Zone 5
YO8,Zone 5
YO10,Zone 5
YO11,Zone 5
YO12,Zone 5
YO13,Zone 5
YO14,Zone 5
YO15,Zone 5
YO16,Zone 5
YO17,Zone 5
YO18,Zone 5
YO19,Zone 5
YO21,Zone 5
YO22,Zone 5
YO23,Zone 5
YO24,Zone 5
YO25,Zone 5
YO26,Zone 5
YO30,Zone 5
YO31,Zone 5
YO32,Zone 5
YO41,Zone 5
YO42,Zone 5
YO43,Zone 5
YO51,Zone 5
YO60,Zone 5
YO61,Zone 5
YO62,Zone 5
YO90,Zone 5
YO91,Zone 5
YO95,Zone 5
AB10,SCO 4
AB11,SCO 4
AB12,SCO 4
AB13,SCO 4
AB14,SCO 4
AB15,SCO 4
AB16,SCO 4
AB21,SCO 4
AB22,SCO 4
AB23,SCO 4
AB24,SCO 4
AB25,SCO 4
AB30,SCO 5
AB31,SCO 5
AB32,SCO 5
AB33,SCO 5
AB34,SCO 5
AB35,SCO 5
AB36,SCO 5
AB37,SCO 5
AB38,SCO 5
AB39,SCO 5
AB41,SCO 5
AB42,SCO 5
AB43,SCO 5
AB44,SCO 5
AB45,SCO 5
AB51,SCO 5
AB52,SCO 5
AB53,SCO 5
AB54,SCO 5
AB55,SCO 5
AB56,SCO 5
AB99,SCO 5
DD1,SCO 3
DD2,SCO 3
DD3,SCO 3
DD4,SCO 3
DD5,SCO 3
DD6,SCO 3
DD7,SCO 3
DD8,SCO 3
DD9,SCO 3
DD10,SCO 3
DD11,SCO 3
DG1,SCO 5
DG2,SCO 5
DG3,SCO 5
DG4,SCO 5
DG5,SCO 5
DG6,SCO 5
DG7,SCO 5
DG8,SCO 5
DG9,SCO 5
DG10,SCO 5
DG11,SCO 5
DG12,SCO 5
DG13,SCO 5
DG14,SCO 5
DG16,SCO 5
EH1,SCO 2
EH2,SCO 2
EH3,SCO 2
EH4,SCO 2
EH5,SCO 2
EH6,SCO 2
EH7,SCO 2
EH8,SCO 2
EH9,SCO 2
EH10,SCO 2
EH11,SCO 2
EH12,SCO 2
EH13,SCO 2
EH14,SCO 2
EH15,SCO 2
EH16,SCO 2
EH17,SCO 2
EH18,SCO 2
EH19,SCO 2
EH20,SCO 2
EH21,SCO 2
EH22,SCO 2
EH23,SCO 2
EH24,SCO 2
EH25,SCO 2
EH26,SCO 2
EH27,SCO 2
EH28,SCO 2
EH29,SCO 2
EH30,SCO 2
EH31,SCO 2
EH32,SCO 2
EH33,SCO 2
EH34,SCO 2
EH35,SCO 2
EH36,SCO 2
EH37,SCO 2
EH38,SCO 2
EH39,SCO 2
EH40,SCO 2
EH41,SCO 2
EH42,SCO 2
EH43,SCO 2
EH44,SCO 2
EH45,SCO 2
EH46,SCO 2
EH47,SCO 2
EH48,SCO 2
EH49,SCO 2
EH51,SCO 2
EH52,SCO 2
EH53,SCO 2
EH54,SCO 2
EH55,SCO 2
EH91,SCO 2
EH95,SCO 2
EH99,SCO 2
FK1,SCO 2
FK2,SCO 2
FK3,SCO 2
FK4,SCO 2
FK5,SCO 2
FK6,SCO 2
FK7,SCO 2
FK8,SCO 3
FK9,SCO 3
FK10,SCO 2
FK11,SCO 2
FK12,SCO 2
FK13,SCO 2
FK14,SCO 2
FK15,SCO 3
FK16,SCO 3
FK17,SCO 3
FK18,SCO 3
FK19,SCO 3
FK20,SCO 3
FK21,SCO 3
G1,SCO 1
G2,SCO 1
G3,SCO 1
G4,SCO 1
G5,SCO 1
G9,SCO 1
G11,SCO 1
G12,SCO 1
G13,SCO 1
G14,SCO 1
G15,SCO 1
G20,SCO 1
G21,SCO 1
G22,SCO 1
G23,SCO 1
G31,SCO 1
G32,SCO 1
G33,SCO 1
G34,SCO 1
G40,SCO 1
G41,SCO 1
G42,SCO 1
G43,SCO 1
G44,SCO 1
G45,SCO 1
G46,SCO 1
G51,SCO 1
G52,SCO 1
G53,SCO 1
G58,SCO 1
G60,SCO 1
G61,SCO 1
G62,SCO 1
G63,SCO 1
G64,SCO 1
G65,SCO 1
G66,SCO 1
G67,SCO 1
G68,SCO 1
G69,SCO 1
G70,SCO 1
G71,SCO 1
G72,SCO 1
G73,SCO 1
G74,SCO 1
G75,SCO 1
G76,SCO 1
G77,SCO 1
G78,SCO 1
G79,SCO 1
G81,SCO 1
G82,SCO 1
G83,SCO 1
G84,SCO 1
G90,SCO 1
HS1,SCO 10
HS2,SCO 7
HS3,SCO 10
HS4,SCO 10
HS5,SCO 10
HS6,SCO 10
HS7,SCO 10
HS8,SCO 10
HS9,SCO 10
IV1,SCO 4
IV2,SCO 4
IV3,SCO 4
IV4,SCO 5
IV5,
IV6,SCO 5
IV7,SCO 5
IV8,SCO 5
IV9,SCO 5
IV10,SCO 5
IV11,SCO 5
IV12,SCO 5
IV13,SCO 5
IV14,SCO 5
IV15,SCO 5
IV16,SCO 5
IV17,SCO 5
IV18,SCO 5
IV19,SCO 5
IV20,SCO 5
IV21,SCO 5
IV22,SCO 5
IV23,SCO 5
IV24,SCO 5
IV25,SCO 5
IV26,SCO 5
IV27,SCO 5
IV28,SCO 5
IV30,SCO 5
IV31,SCO 5
IV32,SCO 5
IV36,SCO 5
IV40,SCO 5
IV41,SCO 5
IV42,SCO 5
IV43,SCO 5
IV44,SCO 5
IV45,SCO 5
IV46,SCO 5
IV47,SCO 5
IV48,SCO 5
IV49,SCO 5
IV51,SCO 5
IV52,SCO 5
IV53,SCO 5
IV54,SCO 5
IV55,SCO 5
IV56,SCO 5
IV63,
IV99,
KA1,SCO 4
KA2,SCO 4
KA3,SCO 4
KA4,SCO 4
KA5,SCO 4
KA6,SCO 4
KA7,SCO 4
KA8,SCO 4
KA9,SCO 4
KA10,SCO 4
KA11,SCO 4
KA12,SCO 4
KA13,SCO 4
KA14,SCO 4
KA15,SCO 4
KA16,SCO 4
KA17,SCO 4
KA18,SCO 4
KA19,SCO 4
KA20,SCO 4
KA21,SCO 4
KA22,SCO 4
KA23,SCO 4
KA24,SCO 4
KA25,SCO 4
KA26,SCO 5
KA27,SCO 6
KA28,SCO 6
KA29,SCO 4
KA30,SCO 4
KW1,SCO 5
KW2,SCO 5
KW3,SCO 5
KW5,SCO 5
KW6,SCO 5
KW7,SCO 5
KW8,SCO 5
KW9,SCO 5
KW10,SCO 5
KW11,SCO 5
KW12,SCO 5
KW13,SCO 5
KW14,SCO 5
KW15,SCO 8
KW16,SCO 8
KW17,SCO 8
KY1,SCO 2
KY2,SCO 2
KY3,SCO 2
KY4,SCO 2
KY5,SCO 2
KY6,SCO 2
KY7,SCO 2
KY8,SCO 2
KY9,SCO 2
KY10,SCO 2
KY11,SCO 2
KY12,SCO 2
KY13,SCO 2
KY14,SCO 5
KY15,SCO 5
KY16,SCO 5
KY99,
ML1,SCO 1
ML2,SCO 1
ML3,SCO 1
ML4,SCO 1
ML5,SCO 1
ML6,SCO 1
ML7,SCO 1
ML8,SCO 1
ML9,SCO 1
ML10,SCO 1
ML11,SCO 1
ML12,SCO 1
PA1,SCO 3
PA2,SCO 3
PA3,SCO 3
PA4,SCO 3
PA5,SCO 3
PA6,SCO 3
PA7,SCO 3
PA8,SCO 3
PA9,SCO 3
PA10,SCO 3
PA11,SCO 3
PA12,SCO 3
PA13,SCO 3
PA14,SCO 3
PA15,SCO 3
PA16,SCO 3
PA17,SCO 3
PA18,SCO 3
PA19,SCO 3
PA20,SCO 5
PA21,SCO 5
PA22,SCO 5
PA23,SCO 5
PA24,SCO 5
PA25,SCO 5
PA26,SCO 5
PA27,SCO 5
PA28,SCO 5
PA29,SCO 5
PA30,SCO 5
PA31,SCO 5
PA32,SCO 5
PA33,SCO 5
PA34,SCO 5
PA35,SCO 5
PA36,SCO 5
PA37,SCO 5
PA38,SCO 5
PA41,SCO 5
PA42,SCO 5
PA43,SCO 5
PA44,SCO 5
PA45,SCO 5
PA46,SCO 5
PA47,SCO 5
PA48,SCO 5
PA49,SCO 5
PA60,SCO 5
PA61,SCO 5
PA62,
PA63,
PA64,
PA65,
PA66,
PA67,
PA68,
PA69,
PA70,
PA71,
PA72,
PA73,
PA74,
PA75,
PA76,
PA77,
PA78,
PH1,SCO 3
PH2,SCO 3
PH3,SCO 5
PH4,SCO 5
PH5,SCO 5
PH6,SCO 5
PH7,SCO 5
PH8,SCO 5
PH9,SCO 5
PH10,SCO 5
PH11,SCO 5
PH12,SCO 5
PH13,SCO 5
PH14,SCO 5
PH15,SCO 5
PH16,SCO 5
PH17,SCO 5
PH18,SCO 5
PH19,SCO 5
PH20,SCO 5
PH21,SCO 5
PH22,SCO 5
PH23,SCO 5
PH24,SCO 5
PH25,SCO 5
PH26,SCO 5
PH30,SCO 5
PH31,SCO 5
PH32,SCO 5
PH33,SCO 5
PH34,SCO 5
PH35,SCO 5
PH36,SCO 5
PH37,SCO 5
PH38,SCO 5
PH39,SCO 5
PH40,SCO 5
PH41,
PH42,SCO 10
PH43,SCO 10
PH44,SCO 10
PH49,
PH50,
TD1,SCO 5
TD2,SCO 5
TD3,SCO 5
TD4,SCO 5
TD5,SCO 5
TD6,SCO 5
TD7,SCO 5
TD8,SCO 5
TD9,SCO 5
TD10,SCO 5
TD11,SCO 5
TD12,SCO 5
TD13,SCO 5
TD14,SCO 5
TD15,SCO 5
ZE1,SCO 9
ZE2,SCO 9
ZE3,SCO 9
