AL1,ZONE 27
AL2,ZONE 27
AL3,ZONE 27
AL4,ZONE 27
AL5,ZONE 27
AL6,ZONE 27
AL7,ZONE 27
AL8,ZONE 27
AL9,ZONE 27
AL10,ZONE 27
B1,ZONE 16
B2,ZONE 16
B3,ZONE 16
B4,ZONE 16
B5,ZONE 16
B6,ZONE 16
B7,ZONE 16
B8,ZONE 16
B9,ZONE 16
B10,ZONE 16
B11,ZONE 16
B12,ZONE 16
B13,ZONE 16
B14,ZONE 16
B15,ZONE 16
B16,ZONE 16
B17,ZONE 16
B18,ZONE 16
B19,ZONE 16
B20,ZONE 16
B21,ZONE 16
B23,ZONE 16
B24,ZONE 16
B25,ZONE 16
B26,ZONE 16
B27,ZONE 16
B28,ZONE 16
B29,ZONE 16
B30,ZONE 16
B31,ZONE 16
B32,ZONE 16
B33,ZONE 16
B34,ZONE 16
B35,ZONE 16
B36,ZONE 16
B37,ZONE 16
B38,ZONE 16
B40,ZONE 16
B42,ZONE 16
B43,ZONE 16
B44,ZONE 16
B45,ZONE 16
B46,ZONE 16
B47,ZONE 16
B48,ZONE 16
B49,ZONE 16
B50,ZONE 16
B60,ZONE 16
B61,ZONE 16
B62,ZONE 16
B63,ZONE 16
B64,ZONE 16
B65,ZONE 16
B66,ZONE 16
B67,ZONE 16
B68,ZONE 16
B69,ZONE 16
B70,ZONE 16
B71,ZONE 16
B72,ZONE 16
B73,ZONE 16
B74,ZONE 16
B75,ZONE 16
B76,ZONE 16
B77,ZONE 16
B78,ZONE 16
B79,ZONE 16
B80,ZONE 16
B90,ZONE 16
B91,ZONE 16
B92,ZONE 16
B93,ZONE 16
B94,ZONE 16
B95,ZONE 16
B96,ZONE 16
B97,ZONE 16
B98,ZONE 16
B99,ZONE 16
BA1,ZONE 37
BA2,ZONE 37
BA3,ZONE 37
BA4,ZONE 37
BA5,ZONE 37
BA6,ZONE 37
BA7,ZONE 37
BA8,ZONE 37
BA9,ZONE 37
BA10,ZONE 37
BA11,ZONE 37
BA12,ZONE 37
BA13,ZONE 37
BA14,ZONE 37
BA15,ZONE 37
BA16,ZONE 37
BA20,ZONE 37
BA21,ZONE 37
BA22,ZONE 37
BB1,ZONE 8
BB2,ZONE 8
BB3,ZONE 8
BB4,ZONE 8
BB5,ZONE 8
BB6,ZONE 8
BB7,ZONE 8
BB8,ZONE 8
BB9,ZONE 8
BB10,ZONE 8
BB11,ZONE 8
BB12,ZONE 8
BB18,ZONE 8
BB94,ZONE 8
BD1,ZONE 8
BD2,ZONE 8
BD3,ZONE 8
BD4,ZONE 8
BD5,ZONE 8
BD6,ZONE 8
BD7,ZONE 8
BD8,ZONE 8
BD9,ZONE 8
BD10,ZONE 8
BD11,ZONE 8
BD12,ZONE 8
BD13,ZONE 8
BD14,ZONE 8
BD15,ZONE 8
BD16,ZONE 8
BD17,ZONE 8
BD18,ZONE 8
BD19,ZONE 8
BD20,ZONE 8
BD21,ZONE 8
BD22,ZONE 8
BD23,ZONE 8
BD24,ZONE 8
BD97,ZONE 8
BD98,ZONE 8
BD99,ZONE 8
BH1,ZONE 35
BH2,ZONE 35
BH3,ZONE 35
BH4,ZONE 35
BH5,ZONE 35
BH6,ZONE 35
BH7,ZONE 35
BH8,ZONE 35
BH9,ZONE 35
BH10,ZONE 35
BH11,ZONE 35
BH12,ZONE 35
BH13,ZONE 35
BH14,ZONE 35
BH15,ZONE 35
BH16,ZONE 35
BH17,ZONE 35
BH18,ZONE 35
BH19,ZONE 35
BH20,ZONE 35
BH21,ZONE 35
BH22,ZONE 35
BH23,ZONE 35
BH24,ZONE 35
BH25,ZONE 35
BH31,ZONE 35
BL0,ZONE 9
BL1,ZONE 9
BL2,ZONE 9
BL3,ZONE 9
BL4,ZONE 9
BL5,ZONE 9
BL6,ZONE 9
BL7,ZONE 9
BL8,ZONE 9
BL9,ZONE 9
BL11,ZONE 9
BL78,ZONE 9
BN1,ZONE 48
BN2,ZONE 48
BN3,ZONE 48
BN5,ZONE 48
BN6,ZONE 48
BN7,ZONE 48
BN8,ZONE 48
BN9,ZONE 48
BN10,ZONE 48
BN11,ZONE 48
BN12,ZONE 48
BN13,ZONE 48
BN14,ZONE 48
BN15,ZONE 48
BN16,ZONE 48
BN17,ZONE 48
BN18,ZONE 48
BN20,ZONE 48
BN21,ZONE 48
BN22,ZONE 48
BN23,ZONE 48
BN24,ZONE 48
BN25,ZONE 48
BN26,ZONE 48
BN27,ZONE 48
BN41,ZONE 48
BN42,ZONE 48
BN43,ZONE 48
BN44,ZONE 48
BN45,ZONE 48
BN50,ZONE 48
BN51,ZONE 48
BN52,ZONE 48
BN88,ZONE 48
BN99,ZONE 48
BR1,ZONE 29
BR2,ZONE 29
BR3,ZONE 29
BR4,ZONE 29
BR5,ZONE 29
BR6,ZONE 29
BR7,ZONE 29
BR8,ZONE 29
BS0,ZONE 27
BS1,ZONE 27
BS2,ZONE 27
BS3,ZONE 27
BS4,ZONE 27
BS5,ZONE 27
BS6,ZONE 27
BS7,ZONE 27
BS8,ZONE 27
BS9,ZONE 27
BS10,ZONE 27
BS11,ZONE 27
BS13,ZONE 27
BS14,ZONE 27
BS15,ZONE 27
BS16,ZONE 27
BS20,ZONE 27
BS21,ZONE 27
BS22,ZONE 27
BS23,ZONE 27
BS24,ZONE 27
BS25,ZONE 27
BS26,ZONE 27
BS27,ZONE 27
BS28,ZONE 27
BS29,ZONE 27
BS30,ZONE 27
BS31,ZONE 27
BS32,ZONE 27
BS34,ZONE 27
BS35,ZONE 27
BS36,ZONE 27
BS37,ZONE 27
BS39,ZONE 27
BS40,ZONE 27
BS41,ZONE 27
BS48,ZONE 27
BS49,ZONE 27
BS80,ZONE 27
BS98,ZONE 27
BS99,ZONE 27
CA1,ZONE 72
CA2,ZONE 72
CA3,ZONE 72
CA4,ZONE 72
CA5,ZONE 72
CA6,ZONE 72
CA7,ZONE 72
CA8,ZONE 72
CA9,ZONE 72
CA10,ZONE 72
CA11,ZONE 72
CA12,ZONE 72
CA13,ZONE 72
CA14,ZONE 72
CA15,ZONE 72
CA16,ZONE 72
CA17,ZONE 72
CA18,ZONE 72
CA19,ZONE 72
CA20,ZONE 72
CA21,ZONE 72
CA22,ZONE 72
CA23,ZONE 72
CA24,ZONE 72
CA25,ZONE 72
CA26,ZONE 72
CA27,ZONE 72
CA28,ZONE 72
CA95,ZONE 72
CA99,ZONE 72
CB1,ZONE 27
CB2,ZONE 27
CB3,ZONE 27
CB4,ZONE 27
CB5,ZONE 27
CB6,ZONE 27
CB7,ZONE 27
CB8,ZONE 27
CB9,ZONE 27
CB10,ZONE 27
CB11,ZONE 27
CB21,ZONE 27
CB22,ZONE 27
CB23,ZONE 27
CB24,ZONE 27
CB25,ZONE 27
CF3,ZONE 30
CF5,ZONE 30
CF10,ZONE 30
CF11,ZONE 30
CF14,ZONE 30
CF15,ZONE 30
CF23,ZONE 30
CF24,ZONE 30
CF31,ZONE 30
CF32,ZONE 30
CF33,ZONE 30
CF34,ZONE 30
CF35,ZONE 30
CF36,ZONE 30
CF37,ZONE 30
CF38,ZONE 30
CF39,ZONE 30
CF40,ZONE 30
CF41,ZONE 30
CF42,ZONE 30
CF43,ZONE 30
CF44,ZONE 30
CF45,ZONE 30
CF46,ZONE 30
CF47,ZONE 30
CF48,ZONE 30
CF61,ZONE 30
CF62,ZONE 30
CF63,ZONE 30
CF64,ZONE 30
CF71,ZONE 30
CF72,ZONE 30
CF81,ZONE 30
CF82,ZONE 30
CF83,ZONE 30
CF91,ZONE 30
CF95,ZONE 30
CF99,ZONE 30
CH1,ZONE 14
CH2,ZONE 14
CH3,ZONE 14
CH4,ZONE 14
CH5,ZONE 14
CH6,ZONE 14
CH7,ZONE 14
CH8,ZONE 14
CH25,ZONE 14
CH26,ZONE 14
CH27,ZONE 14
CH28,ZONE 14
CH29,ZONE 14
CH30,ZONE 14
CH31,ZONE 14
CH32,ZONE 14
CH33,ZONE 14
CH34,ZONE 14
CH41,ZONE 14
CH42,ZONE 14
CH43,ZONE 14
CH44,ZONE 14
CH45,ZONE 14
CH46,ZONE 14
CH47,ZONE 14
CH48,ZONE 14
CH49,ZONE 14
CH60,ZONE 14
CH61,ZONE 14
CH62,ZONE 14
CH63,ZONE 14
CH64,ZONE 14
CH65,ZONE 14
CH66,ZONE 14
CH70,ZONE 14
CH88,ZONE 14
CH99,ZONE 14
CM0,ZONE 45
CM1,ZONE 45
CM2,ZONE 45
CM3,ZONE 45
CM4,ZONE 45
CM5,ZONE 45
CM6,ZONE 45
CM7,ZONE 45
CM8,ZONE 45
CM9,ZONE 45
CM11,ZONE 45
CM12,ZONE 45
CM13,ZONE 45
CM14,ZONE 45
CM15,ZONE 45
CM16,ZONE 45
CM17,ZONE 45
CM18,ZONE 45
CM19,ZONE 45
CM20,ZONE 45
CM21,ZONE 45
CM22,ZONE 45
CM23,ZONE 45
CM24,ZONE 45
CM77,ZONE 45
CM98,ZONE 45
CM99,ZONE 45
CO1,ZONE 44
CO2,ZONE 44
CO3,ZONE 44
CO4,ZONE 44
CO5,ZONE 44
CO6,ZONE 44
CO7,ZONE 44
CO8,ZONE 44
CO9,ZONE 44
CO10,ZONE 44
CO11,ZONE 44
CO12,ZONE 44
CO13,ZONE 44
CO14,ZONE 44
CO15,ZONE 44
CO16,ZONE 44
CR0,ZONE 34
CR2,ZONE 34
CR3,ZONE 34
CR4,ZONE 34
CR5,ZONE 34
CR6,ZONE 34
CR7,ZONE 34
CR8,ZONE 34
CR9,ZONE 34
CR44,ZONE 34
CT1,ZONE 55
CT2,ZONE 55
CT3,ZONE 55
CT4,ZONE 55
CT5,ZONE 55
CT6,ZONE 55
CT7,ZONE 55
CT8,ZONE 55
CT9,ZONE 55
CT10,ZONE 55
CT11,ZONE 55
CT12,ZONE 55
CT13,ZONE 55
CT14,ZONE 55
CT15,ZONE 55
CT16,ZONE 55
CT17,ZONE 55
CT18,ZONE 55
CT19,ZONE 55
CT20,ZONE 55
CT21,ZONE 55
CT50,ZONE 55
CV1,ZONE 17
CV2,ZONE 17
CV3,ZONE 17
CV4,ZONE 17
CV5,ZONE 17
CV6,ZONE 17
CV7,ZONE 17
CV8,ZONE 17
CV9,ZONE 17
CV10,ZONE 17
CV11,ZONE 17
CV12,ZONE 17
CV13,ZONE 17
CV21,ZONE 17
CV22,ZONE 17
CV23,ZONE 17
CV31,ZONE 17
CV32,ZONE 17
CV33,ZONE 17
CV34,ZONE 17
CV35,ZONE 17
CV36,ZONE 17
CV37,ZONE 17
CV47,ZONE 17
CW1,ZONE 2
CW2,ZONE 2
CW3,ZONE 2
CW4,ZONE 2
CW5,ZONE 2
CW6,ZONE 2
CW7,ZONE 2
CW8,ZONE 2
CW9,ZONE 2
CW10,ZONE 2
CW11,ZONE 2
CW12,ZONE 2
CW98,ZONE 2
DA1,ZONE 33
DA2,ZONE 33
DA3,ZONE 33
DA4,ZONE 33
DA5,ZONE 33
DA6,ZONE 33
DA7,ZONE 33
DA8,ZONE 33
DA9,ZONE 33
DA10,ZONE 33
DA11,ZONE 33
DA12,ZONE 33
DA13,ZONE 33
DA14,ZONE 33
DA15,ZONE 33
DA16,ZONE 33
DA17,ZONE 33
DA18,ZONE 33
DE1,ZONE 16
DE3,ZONE 16
DE4,ZONE 16
DE5,ZONE 16
DE6,ZONE 16
DE7,ZONE 16
DE11,ZONE 16
DE12,ZONE 16
DE13,ZONE 16
DE14,ZONE 16
DE15,ZONE 16
DE21,ZONE 16
DE22,ZONE 16
DE23,ZONE 16
DE24,ZONE 16
DE45,ZONE 16
DE55,ZONE 16
DE56,ZONE 16
DE65,ZONE 16
DE72,ZONE 16
DE73,ZONE 16
DE74,ZONE 16
DE75,ZONE 16
DE99,ZONE 16
DH1,ZONE 21
DH2,ZONE 21
DH3,ZONE 21
DH4,ZONE 21
DH5,ZONE 21
DH6,ZONE 21
DH7,ZONE 21
DH8,ZONE 21
DH9,ZONE 21
DH97,ZONE 21
DH98,ZONE 21
DH99,ZONE 21
DL1,ZONE 21
DL2,ZONE 21
DL3,ZONE 21
DL4,ZONE 21
DL5,ZONE 21
DL6,ZONE 21
DL7,ZONE 21
DL8,ZONE 21
DL9,ZONE 21
DL10,ZONE 21
DL11,ZONE 21
DL12,ZONE 21
DL13,ZONE 21
DL14,ZONE 21
DL15,ZONE 21
DL16,ZONE 21
DL17,ZONE 21
DN1,ZONE 13
DN2,ZONE 13
DN3,ZONE 13
DN4,ZONE 13
DN5,ZONE 13
DN6,ZONE 13
DN7,ZONE 13
DN8,ZONE 13
DN9,ZONE 13
DN10,ZONE 13
DN11,ZONE 13
DN12,ZONE 13
DN14,ZONE 13
DN15,ZONE 13
DN16,ZONE 13
DN17,ZONE 13
DN18,ZONE 13
DN19,ZONE 13
DN20,ZONE 13
DN21,ZONE 13
DN22,ZONE 13
DN31,ZONE 13
DN32,ZONE 13
DN33,ZONE 13
DN34,ZONE 13
DN35,ZONE 13
DN36,ZONE 13
DN37,ZONE 13
DN38,ZONE 13
DN39,ZONE 13
DN40,ZONE 13
DN41,ZONE 13
DN55,ZONE 13
DT1,ZONE 68
DT2,ZONE 68
DT3,ZONE 68
DT4,ZONE 68
DT5,ZONE 68
DT6,ZONE 68
DT7,ZONE 68
DT8,ZONE 68
DT9,ZONE 68
DT10,ZONE 68
DT11,ZONE 68
DY1,ZONE 16
DY2,ZONE 16
DY3,ZONE 16
DY4,ZONE 16
DY5,ZONE 16
DY6,ZONE 16
DY7,ZONE 16
DY8,ZONE 16
DY9,ZONE 16
DY10,ZONE 16
DY11,ZONE 16
DY12,ZONE 16
DY13,ZONE 16
DY14,ZONE 16
E10,ZONE 61
E20,ZONE 61
E1,ZONE 61
E11,ZONE 61
E12,ZONE 61
E2,ZONE 61
E13,ZONE 61
E3,ZONE 61
E14,ZONE 61
E4,ZONE 61
E15,ZONE 61
E5,ZONE 61
E16,ZONE 61
E6,ZONE 61
E17,ZONE 61
E7,ZONE 61
E77,ZONE 61
E18,ZONE 61
E8,ZONE 61
E98,ZONE 61
E9,ZONE 61
E1W,ZONE 61
EC1A,ZONE 63
EC1M,ZONE 63
EC1N,ZONE 63
EC1P,ZONE 63
EC1R,ZONE 63
EC1V,ZONE 63
EC1Y,ZONE 63
EC2A,ZONE 63
EC2M,ZONE 63
EC2N,ZONE 63
EC2P,ZONE 63
EC2R,ZONE 63
EC2V,ZONE 63
EC2Y,ZONE 63
EC3A,ZONE 63
EC3M,ZONE 63
EC3N,ZONE 63
EC3P,ZONE 63
EC3R,ZONE 63
EC3V,ZONE 63
EC4A,ZONE 63
EC4M,ZONE 63
EC4N,ZONE 63
EC4P,ZONE 63
EC4R,ZONE 63
EC4V,ZONE 63
EC4Y,ZONE 63
EC50,ZONE 63
EN1,ZONE 31
EN2,ZONE 31
EN3,ZONE 31
EN4,ZONE 31
EN5,ZONE 31
EN6,ZONE 31
EN7,ZONE 31
EN8,ZONE 31
EN9,ZONE 31
EN10,ZONE 31
EN11,ZONE 31
EX1,ZONE 67
EX2,ZONE 67
EX3,ZONE 67
EX4,ZONE 67
EX5,ZONE 67
EX6,ZONE 67
EX7,ZONE 67
EX8,ZONE 67
EX9,ZONE 67
EX10,ZONE 67
EX11,ZONE 67
EX12,ZONE 67
EX13,ZONE 67
EX14,ZONE 67
EX15,ZONE 67
EX16,ZONE 67
EX17,ZONE 67
EX18,ZONE 70
EX19,ZONE 70
EX20,ZONE 70
EX21,ZONE 70
EX22,ZONE 70
EX23,ZONE 70
EX24,ZONE 70
EX31,ZONE 70
EX32,ZONE 70
EX33,ZONE 70
EX34,ZONE 70
EX35,ZONE 70
EX36,ZONE 70
EX37,ZONE 70
EX38,ZONE 70
EX39,ZONE 70
FY0,ZONE 18
FY1,ZONE 18
FY2,ZONE 18
FY3,ZONE 18
FY4,ZONE 18
FY5,ZONE 18
FY6,ZONE 18
FY7,ZONE 18
FY8,ZONE 18
GL1,ZONE 19
GL2,ZONE 19
GL3,ZONE 19
GL4,ZONE 19
GL5,ZONE 19
GL6,ZONE 19
GL7,ZONE 19
GL8,ZONE 19
GL9,ZONE 19
GL10,ZONE 19
GL11,ZONE 19
GL12,ZONE 19
GL13,ZONE 19
GL14,ZONE 19
GL15,ZONE 19
GL16,ZONE 19
GL17,ZONE 19
GL18,ZONE 19
GL19,ZONE 19
GL20,ZONE 19
GL50,ZONE 19
GL51,ZONE 19
GL52,ZONE 19
GL53,ZONE 19
GL54,ZONE 19
GL55,ZONE 19
GL56,ZONE 19
GU1,ZONE 43
GU2,ZONE 43
GU3,ZONE 43
GU4,ZONE 43
GU5,ZONE 43
GU6,ZONE 43
GU7,ZONE 43
GU8,ZONE 43
GU9,ZONE 43
GU10,ZONE 43
GU11,ZONE 43
GU12,ZONE 43
GU14,ZONE 43
GU15,ZONE 43
GU16,ZONE 43
GU17,ZONE 43
GU18,ZONE 43
GU19,ZONE 43
GU20,ZONE 43
GU21,ZONE 43
GU22,ZONE 43
GU23,ZONE 43
GU24,ZONE 43
GU25,ZONE 43
GU26,ZONE 43
GU27,ZONE 43
GU28,ZONE 43
GU29,ZONE 43
GU30,ZONE 43
GU31,ZONE 43
GU32,ZONE 43
GU33,ZONE 43
GU34,ZONE 43
GU35,ZONE 43
GU46,ZONE 43
GU47,ZONE 43
GU51,ZONE 43
GU52,ZONE 43
GU95,ZONE 43
HA0,ZONE 31
HA1,ZONE 31
HA2,ZONE 31
HA3,ZONE 31
HA4,ZONE 31
HA5,ZONE 31
HA6,ZONE 31
HA7,ZONE 31
HA8,ZONE 31
HA9,ZONE 31
HD1,ZONE 5
HD2,ZONE 5
HD3,ZONE 5
HD4,ZONE 5
HD5,ZONE 5
HD6,ZONE 5
HD7,ZONE 5
HD8,ZONE 5
HD9,ZONE 5
HG1,ZONE 10
HG2,ZONE 10
HG3,ZONE 10
HG4,ZONE 10
HG5,ZONE 10
HP1,ZONE 27
HP2,ZONE 27
HP3,ZONE 27
HP4,ZONE 27
HP5,ZONE 27
HP6,ZONE 27
HP7,ZONE 27
HP8,ZONE 27
HP9,ZONE 27
HP10,ZONE 27
HP11,ZONE 27
HP12,ZONE 27
HP13,ZONE 27
HP14,ZONE 27
HP15,ZONE 27
HP16,ZONE 27
HP17,ZONE 27
HP18,ZONE 27
HP19,ZONE 27
HP20,ZONE 27
HP21,ZONE 27
HP22,ZONE 27
HP23,ZONE 27
HP27,ZONE 27
HR1,ZONE 20
HR2,ZONE 20
HR3,ZONE 20
HR4,ZONE 20
HR5,ZONE 20
HR6,ZONE 20
HR7,ZONE 20
HR8,ZONE 20
HR9,ZONE 20
HU1,ZONE 40
HU2,ZONE 40
HU3,ZONE 40
HU4,ZONE 40
HU5,ZONE 40
HU6,ZONE 40
HU7,ZONE 40
HU8,ZONE 40
HU9,ZONE 40
HU10,ZONE 40
HU11,ZONE 40
HU12,ZONE 40
HU13,ZONE 40
HU14,ZONE 40
HU15,ZONE 40
HU16,ZONE 40
HU17,ZONE 40
HU18,ZONE 40
HU19,ZONE 40
HU20,ZONE 40
HX1,ZONE 7
HX2,ZONE 7
HX3,ZONE 7
HX4,ZONE 7
HX5,ZONE 7
HX6,ZONE 7
HX7,ZONE 7
IG1,ZONE 33
IG2,ZONE 33
IG3,ZONE 33
IG4,ZONE 33
IG5,ZONE 33
IG6,ZONE 33
IG7,ZONE 33
IG8,ZONE 33
IG9,ZONE 33
IG10,ZONE 33
IG11,ZONE 33
IP1,ZONE 35
IP2,ZONE 35
IP3,ZONE 35
IP4,ZONE 35
IP5,ZONE 35
IP6,ZONE 35
IP7,ZONE 35
IP8,ZONE 35
IP9,ZONE 35
IP10,ZONE 35
IP11,ZONE 35
IP12,ZONE 35
IP13,ZONE 35
IP14,ZONE 35
IP15,ZONE 35
IP16,ZONE 35
IP17,ZONE 35
IP18,ZONE 35
IP19,ZONE 35
IP20,ZONE 35
IP21,ZONE 35
IP22,ZONE 35
IP23,ZONE 35
IP24,ZONE 35
IP25,ZONE 35
IP26,ZONE 35
IP27,ZONE 35
IP28,ZONE 35
IP29,ZONE 35
IP30,ZONE 35
IP31,ZONE 35
IP32,ZONE 35
IP33,ZONE 35
IP98,ZONE 35
KT1,ZONE 33
KT2,ZONE 33
KT3,ZONE 33
KT4,ZONE 33
KT5,ZONE 33
KT6,ZONE 33
KT7,ZONE 33
KT8,ZONE 33
KT9,ZONE 33
KT10,ZONE 33
KT11,ZONE 33
KT12,ZONE 33
KT13,ZONE 33
KT14,ZONE 33
KT15,ZONE 33
KT16,ZONE 33
KT17,ZONE 33
KT18,ZONE 33
KT19,ZONE 33
KT20,ZONE 33
KT21,ZONE 33
KT22,ZONE 33
KT23,ZONE 33
KT24,ZONE 33
L1,ZONE 3
L2,ZONE 3
L3,ZONE 3
L4,ZONE 3
L5,ZONE 3
L6,ZONE 3
L7,ZONE 3
L8,ZONE 3
L9,ZONE 3
L10,ZONE 3
L11,ZONE 3
L12,ZONE 3
L13,ZONE 3
L14,ZONE 3
L15,ZONE 3
L16,ZONE 3
L17,ZONE 3
L18,ZONE 3
L19,ZONE 3
L20,ZONE 3
L21,ZONE 3
L22,ZONE 3
L23,ZONE 3
L24,ZONE 3
L25,ZONE 3
L26,ZONE 3
L27,ZONE 3
L28,ZONE 3
L29,ZONE 3
L30,ZONE 3
L31,ZONE 3
L32,ZONE 3
L33,ZONE 3
L34,ZONE 3
L35,ZONE 3
L36,ZONE 3
L37,ZONE 3
L38,ZONE 3
L39,ZONE 3
L40,ZONE 3
L67,ZONE 3
L68,ZONE 3
L69,ZONE 3
L70,ZONE 3
L71,ZONE 3
L72,ZONE 3
L73,ZONE 3
L74,ZONE 3
L75,ZONE 3
L99,ZONE 3
LA1,ZONE 38
LA2,ZONE 38
LA3,ZONE 38
LA4,ZONE 38
LA5,ZONE 56
LA6,ZONE 56
LA7,ZONE 56
LA8,ZONE 56
LA9,ZONE 56
LA10,ZONE 56
LA11,ZONE 56
LA12,ZONE 56
LA13,ZONE 56
LA14,ZONE 56
LA15,ZONE 56
LA16,ZONE 56
LA17,ZONE 56
LA18,ZONE 56
LA19,ZONE 56
LA20,ZONE 56
LA21,ZONE 56
LA22,ZONE 56
LA23,ZONE 56
LD1,ZONE 74
LD2,ZONE 74
LD3,ZONE 74
LD4,ZONE 74
LD5,ZONE 74
LD6,ZONE 74
LD7,ZONE 74
LD8,ZONE 74
LE1,ZONE 17
LE2,ZONE 17
LE3,ZONE 17
LE4,ZONE 17
LE5,ZONE 17
LE6,ZONE 17
LE7,ZONE 17
LE8,ZONE 17
LE9,ZONE 17
LE10,ZONE 17
LE11,ZONE 17
LE12,ZONE 17
LE13,ZONE 17
LE14,ZONE 17
LE15,ZONE 17
LE16,ZONE 17
LE17,ZONE 17
LE18,ZONE 17
LE19,ZONE 17
LE21,ZONE 17
LE41,ZONE 17
LE55,ZONE 17
LE65,ZONE 17
LE67,ZONE 17
LE87,ZONE 17
LE94,ZONE 17
LE95,ZONE 17
LL11,ZONE 50
LL12,ZONE 50
LL13,ZONE 50
LL14,ZONE 50
LL15,ZONE 71
LL16,ZONE 71
LL17,ZONE 71
LL18,ZONE 71
LL19,ZONE 71
LL20,ZONE 71
LL21,ZONE 71
LL22,ZONE 71
LL23,ZONE 71
LL24,ZONE 71
LL25,ZONE 71
LL26,ZONE 71
LL27,ZONE 71
LL28,ZONE 71
LL29,ZONE 71
LL30,ZONE 71
LL31,ZONE 71
LL32,ZONE 71
LL33,ZONE 71
LL34,ZONE 71
LL35,ZONE 71
LL36,ZONE 71
LL37,ZONE 71
LL38,ZONE 71
LL39,ZONE 71
LL40,ZONE 71
LL41,ZONE 71
LL42,ZONE 71
LL43,ZONE 71
LL44,ZONE 71
LL45,ZONE 71
LL46,ZONE 71
LL47,ZONE 71
LL48,ZONE 71
LL49,ZONE 71
LL51,ZONE 71
LL52,ZONE 71
LL53,ZONE 71
LL54,ZONE 71
LL55,ZONE 71
LL56,ZONE 71
LL57,ZONE 71
LL58,ZONE 71
LL59,ZONE 71
LL60,ZONE 71
LL61,ZONE 71
LL62,ZONE 71
LL63,ZONE 71
LL64,ZONE 71
LL65,ZONE 71
LL66,ZONE 71
LL67,ZONE 71
LL68,ZONE 71
LL69,ZONE 71
LL70,ZONE 71
LL71,ZONE 71
LL72,ZONE 71
LL73,ZONE 71
LL74,ZONE 71
LL75,ZONE 71
LL76,ZONE 71
LL77,ZONE 71
LL78,ZONE 71
LN1,ZONE 21
LN2,ZONE 21
LN3,ZONE 21
LN4,ZONE 21
LN5,ZONE 21
LN6,ZONE 21
LN7,ZONE 21
LN8,ZONE 21
LN9,ZONE 21
LN10,ZONE 21
LN11,ZONE 21
LN12,ZONE 21
LN13,ZONE 21
LS1,ZONE 7
LS2,ZONE 7
LS3,ZONE 7
LS4,ZONE 7
LS5,ZONE 7
LS6,ZONE 7
LS7,ZONE 7
LS8,ZONE 7
LS9,ZONE 7
LS10,ZONE 7
LS11,ZONE 7
LS12,ZONE 7
LS13,ZONE 7
LS14,ZONE 7
LS15,ZONE 7
LS16,ZONE 7
LS17,ZONE 7
LS18,ZONE 7
LS19,ZONE 7
LS20,ZONE 7
LS21,ZONE 7
LS22,ZONE 7
LS23,ZONE 7
LS24,ZONE 7
LS25,ZONE 7
LS26,ZONE 7
LS27,ZONE 7
LS28,ZONE 7
LS29,ZONE 7
LS88,ZONE 7
LS98,ZONE 7
LS99,ZONE 7
LU1,ZONE 19
LU2,ZONE 19
LU3,ZONE 19
LU4,ZONE 19
LU5,ZONE 19
LU6,ZONE 19
LU7,ZONE 19
LU95,ZONE 19
M1,ZONE 3
M2,ZONE 3
M3,ZONE 3
M4,ZONE 3
M5,ZONE 3
M6,ZONE 3
M7,ZONE 3
M8,ZONE 3
M9,ZONE 3
M11,ZONE 3
M12,ZONE 3
M13,ZONE 3
M14,ZONE 3
M15,ZONE 3
M16,ZONE 3
M17,ZONE 3
M18,ZONE 3
M19,ZONE 3
M20,ZONE 3
M21,ZONE 3
M22,ZONE 3
M23,ZONE 3
M24,ZONE 3
M25,ZONE 3
M26,ZONE 3
M27,ZONE 3
M28,ZONE 3
M29,ZONE 3
M30,ZONE 3
M31,ZONE 3
M32,ZONE 3
M33,ZONE 3
M34,ZONE 3
M35,ZONE 3
M38,ZONE 3
M40,ZONE 3
M41,ZONE 3
M43,ZONE 3
M44,ZONE 3
M45,ZONE 3
M46,ZONE 3
M50,ZONE 3
M60,ZONE 3
M61,ZONE 3
M90,ZONE 3
M99,ZONE 3
ME1,ZONE 45
ME2,ZONE 45
ME3,ZONE 45
ME4,ZONE 45
ME5,ZONE 45
ME6,ZONE 45
ME7,ZONE 45
ME8,ZONE 45
ME9,ZONE 45
ME10,ZONE 45
ME11,ZONE 45
ME12,ZONE 45
ME13,ZONE 45
ME14,ZONE 45
ME15,ZONE 45
ME16,ZONE 45
ME17,ZONE 45
ME18,ZONE 45
ME19,ZONE 45
ME20,ZONE 45
ME99,ZONE 45
MK1,ZONE 19
MK2,ZONE 19
MK3,ZONE 19
MK4,ZONE 19
MK5,ZONE 19
MK6,ZONE 19
MK7,ZONE 19
MK8,ZONE 19
MK9,ZONE 19
MK10,ZONE 19
MK11,ZONE 19
MK12,ZONE 19
MK13,ZONE 19
MK14,ZONE 19
MK15,ZONE 19
MK16,ZONE 19
MK17,ZONE 19
MK18,ZONE 19
MK19,ZONE 19
MK40,ZONE 19
MK41,ZONE 19
MK42,ZONE 19
MK43,ZONE 19
MK44,ZONE 19
MK45,ZONE 19
MK46,ZONE 19
MK77,ZONE 19
N1C,ZONE 66
N1,ZONE 66
N2,ZONE 66
N3,ZONE 66
N4,ZONE 66
N5,ZONE 66
N6,ZONE 66
N7,ZONE 66
N8,ZONE 66
N9,ZONE 66
N10,ZONE 66
N11,ZONE 66
N12,ZONE 66
N13,ZONE 66
N14,ZONE 66
N15,ZONE 66
N16,ZONE 66
N17,ZONE 66
N18,ZONE 66
N19,ZONE 66
N20,ZONE 66
N21,ZONE 66
N22,ZONE 66
N81,ZONE 66
NE1,ZONE 22
NE2,ZONE 22
NE3,ZONE 22
NE4,ZONE 22
NE5,ZONE 22
NE6,ZONE 22
NE7,ZONE 22
NE8,ZONE 22
NE9,ZONE 22
NE10,ZONE 22
NE11,ZONE 22
NE12,ZONE 22
NE13,ZONE 22
NE15,ZONE 22
NE16,ZONE 22
NE17,ZONE 22
NE18,ZONE 22
NE19,ZONE 22
NE20,ZONE 22
NE21,ZONE 22
NE22,ZONE 22
NE23,ZONE 22
NE24,ZONE 22
NE25,ZONE 22
NE26,ZONE 22
NE27,ZONE 22
NE28,ZONE 22
NE29,ZONE 22
NE30,ZONE 22
NE31,ZONE 22
NE32,ZONE 22
NE33,ZONE 22
NE34,ZONE 22
NE35,ZONE 22
NE36,ZONE 22
NE37,ZONE 22
NE38,ZONE 22
NE39,ZONE 22
NE40,ZONE 22
NE41,ZONE 22
NE42,ZONE 22
NE43,ZONE 22
NE44,ZONE 22
NE45,ZONE 22
NE46,ZONE 22
NE47,ZONE 22
NE48,ZONE 22
NE49,ZONE 22
NE61,ZONE 22
NE62,ZONE 22
NE63,ZONE 22
NE64,ZONE 22
NE65,ZONE 22
NE66,ZONE 22
NE67,ZONE 22
NE68,ZONE 22
NE69,ZONE 22
NE70,ZONE 22
NE71,ZONE 22
NE82,ZONE 22
NE83,ZONE 22
NE85,ZONE 22
NE88,ZONE 22
NE98,ZONE 22
NE99,ZONE 22
NG1,ZONE 11
NG2,ZONE 11
NG3,ZONE 11
NG4,ZONE 11
NG5,ZONE 11
NG6,ZONE 11
NG7,ZONE 11
NG8,ZONE 11
NG9,ZONE 11
NG10,ZONE 11
NG11,ZONE 11
NG12,ZONE 11
NG13,ZONE 11
NG14,ZONE 11
NG15,ZONE 11
NG16,ZONE 11
NG17,ZONE 11
NG18,ZONE 11
NG19,ZONE 11
NG20,ZONE 11
NG21,ZONE 11
NG22,ZONE 11
NG23,ZONE 11
NG24,ZONE 11
NG25,ZONE 11
NG31,ZONE 11
NG32,ZONE 11
NG33,ZONE 11
NG34,ZONE 11
NG70,ZONE 11
NG80,ZONE 11
NG90,ZONE 11
NN1,ZONE 27
NN2,ZONE 27
NN3,ZONE 27
NN4,ZONE 27
NN5,ZONE 27
NN6,ZONE 27
NN7,ZONE 27
NN8,ZONE 27
NN9,ZONE 27
NN10,ZONE 27
NN11,ZONE 27
NN12,ZONE 27
NN13,ZONE 27
NN14,ZONE 27
NN15,ZONE 27
NN16,ZONE 27
NN17,ZONE 27
NN18,ZONE 27
NN29,ZONE 27
NP4,ZONE 39
NP7,ZONE 39
NP8,ZONE 39
NP9,ZONE 39
NP10,ZONE 39
NP11,ZONE 39
NP12,ZONE 39
NP13,ZONE 39
NP15,ZONE 39
NP16,ZONE 39
NP18,ZONE 39
NP19,ZONE 39
NP20,ZONE 39
NP22,ZONE 39
NP23,ZONE 39
NP24,ZONE 39
NP25,ZONE 39
NP26,ZONE 39
NP44,ZONE 39
NR1,ZONE 35
NR2,ZONE 35
NR3,ZONE 35
NR4,ZONE 35
NR5,ZONE 35
NR6,ZONE 35
NR7,ZONE 35
NR8,ZONE 35
NR9,ZONE 35
NR10,ZONE 35
NR11,ZONE 35
NR12,ZONE 35
NR13,ZONE 35
NR14,ZONE 35
NR15,ZONE 35
NR16,ZONE 35
NR17,ZONE 35
NR18,ZONE 35
NR19,ZONE 35
NR20,ZONE 35
NR21,ZONE 35
NR22,ZONE 35
NR23,ZONE 35
NR24,ZONE 35
NR25,ZONE 35
NR26,ZONE 35
NR27,ZONE 35
NR28,ZONE 35
NR29,ZONE 35
NR30,ZONE 35
NR31,ZONE 35
NR32,ZONE 35
NR33,ZONE 35
NR34,ZONE 35
NR35,ZONE 35
NR99,ZONE 35
NW1,ZONE 62
NW2,ZONE 62
NW3,ZONE 62
NW4,ZONE 62
NW5,ZONE 62
NW6,ZONE 62
NW7,ZONE 62
NW8,ZONE 62
NW9,ZONE 62
NW10,ZONE 62
NW11,ZONE 62
NW1W,ZONE 62
OL1,ZONE 6
OL2,ZONE 6
OL3,ZONE 6
OL4,ZONE 6
OL5,ZONE 6
OL6,ZONE 6
OL7,ZONE 6
OL8,ZONE 6
OL9,ZONE 6
OL10,ZONE 6
OL11,ZONE 6
OL12,ZONE 6
OL13,ZONE 6
OL14,ZONE 6
OL15,ZONE 6
OL16,ZONE 6
OL95,ZONE 6
OX1,ZONE 26
OX2,ZONE 26
OX3,ZONE 26
OX4,ZONE 26
OX5,ZONE 26
OX7,ZONE 26
OX9,ZONE 26
OX10,ZONE 26
OX11,ZONE 26
OX12,ZONE 26
OX13,ZONE 26
OX14,ZONE 26
OX15,ZONE 26
OX16,ZONE 26
OX17,ZONE 26
OX18,ZONE 26
OX20,ZONE 26
OX25,ZONE 26
OX26,ZONE 26
OX27,ZONE 26
OX28,ZONE 26
OX29,ZONE 26
OX33,ZONE 26
OX39,ZONE 26
OX44,ZONE 26
OX49,ZONE 26
PE1,ZONE 22
PE2,ZONE 22
PE3,ZONE 22
PE4,ZONE 22
PE5,ZONE 22
PE6,ZONE 22
PE7,ZONE 22
PE8,ZONE 22
PE9,ZONE 22
PE10,ZONE 22
PE11,ZONE 22
PE12,ZONE 22
PE13,ZONE 22
PE14,ZONE 22
PE15,ZONE 22
PE16,ZONE 22
PE19,ZONE 22
PE20,ZONE 22
PE21,ZONE 22
PE22,ZONE 22
PE23,ZONE 22
PE24,ZONE 22
PE25,ZONE 22
PE26,ZONE 22
PE27,ZONE 22
PE28,ZONE 22
PE29,ZONE 22
PE30,ZONE 22
PE31,ZONE 22
PE32,ZONE 22
PE33,ZONE 22
PE34,ZONE 22
PE35,ZONE 22
PE36,ZONE 22
PE37,ZONE 22
PE38,ZONE 22
PE99,ZONE 22
PL1,ZONE 74
PL2,ZONE 74
PL3,ZONE 74
PL4,ZONE 74
PL5,ZONE 74
PL6,ZONE 74
PL7,ZONE 74
PL8,ZONE 74
PL9,ZONE 74
PL10,ZONE 74
PL11,ZONE 74
PL12,ZONE 74
PL13,ZONE 74
PL14,ZONE 74
PL15,ZONE 74
PL16,ZONE 74
PL17,ZONE 74
PL18,ZONE 74
PL19,ZONE 74
PL20,ZONE 74
PL21,ZONE 74
PL22,ZONE 74
PL23,ZONE 74
PL24,ZONE 74
PL25,ZONE 74
PL26,ZONE 74
PL27,ZONE 74
PL28,ZONE 74
PL29,ZONE 74
PL30,ZONE 74
PL31,ZONE 74
PL32,ZONE 74
PL33,ZONE 74
PL34,ZONE 74
PL35,ZONE 74
PL95,ZONE 74
PO1,ZONE 36
PO2,ZONE 36
PO3,ZONE 36
PO4,ZONE 36
PO5,ZONE 36
PO6,ZONE 36
PO7,ZONE 36
PO8,ZONE 36
PO9,ZONE 36
PO10,ZONE 36
PO11,ZONE 36
PO12,ZONE 36
PO13,ZONE 36
PO14,ZONE 36
PO15,ZONE 36
PO16,ZONE 36
PO17,ZONE 36
PO18,ZONE 36
PO19,ZONE 36
PO20,ZONE 36
PO21,ZONE 36
PO22,ZONE 36
PR0,ZONE 4
PR1,ZONE 4
PR2,ZONE 4
PR3,ZONE 4
PR4,ZONE 4
PR5,ZONE 4
PR6,ZONE 4
PR7,ZONE 4
PR8,ZONE 4
PR9,ZONE 4
PR11,ZONE 4
PR25,ZONE 4
PR26,ZONE 4
RG1,ZONE 46
RG2,ZONE 46
RG4,ZONE 46
RG5,ZONE 46
RG6,ZONE 46
RG7,ZONE 46
RG8,ZONE 46
RG9,ZONE 46
RG10,ZONE 46
RG12,ZONE 46
RG14,ZONE 46
RG17,ZONE 46
RG18,ZONE 46
RG19,ZONE 46
RG20,ZONE 46
RG21,ZONE 46
RG22,ZONE 46
RG23,ZONE 46
RG24,ZONE 46
RG25,ZONE 46
RG26,ZONE 46
RG27,ZONE 46
RG28,ZONE 46
RG29,ZONE 46
RG30,ZONE 46
RG31,ZONE 46
RG40,ZONE 46
RG41,ZONE 46
RG42,ZONE 46
RG45,ZONE 46
RH1,ZONE 47
RH2,ZONE 47
RH3,ZONE 47
RH4,ZONE 47
RH5,ZONE 47
RH6,ZONE 47
RH7,ZONE 47
RH8,ZONE 47
RH9,ZONE 47
RH10,ZONE 47
RH11,ZONE 47
RH12,ZONE 47
RH13,ZONE 47
RH14,ZONE 47
RH15,ZONE 47
RH16,ZONE 47
RH17,ZONE 47
RH18,ZONE 47
RH19,ZONE 47
RH20,ZONE 47
RH77,ZONE 47
RM1,ZONE 33
RM2,ZONE 33
RM3,ZONE 33
RM4,ZONE 33
RM5,ZONE 33
RM6,ZONE 33
RM7,ZONE 33
RM8,ZONE 33
RM9,ZONE 33
RM10,ZONE 33
RM11,ZONE 33
RM12,ZONE 33
RM13,ZONE 33
RM14,ZONE 33
RM15,ZONE 33
RM16,ZONE 33
RM17,ZONE 33
RM18,ZONE 33
RM19,ZONE 33
RM20,ZONE 33
RM50,ZONE 33
S1,ZONE 7
S2,ZONE 7
S3,ZONE 7
S4,ZONE 7
S5,ZONE 7
S6,ZONE 7
S7,ZONE 7
S8,ZONE 7
S9,ZONE 7
S10,ZONE 7
S11,ZONE 7
S12,ZONE 7
S13,ZONE 7
S14,ZONE 7
S17,ZONE 7
S18,ZONE 7
S20,ZONE 7
S21,ZONE 7
S25,ZONE 7
S26,ZONE 7
S32,ZONE 7
S33,ZONE 7
S35,ZONE 7
S36,ZONE 7
S40,ZONE 7
S41,ZONE 7
S42,ZONE 7
S43,ZONE 7
S44,ZONE 7
S45,ZONE 7
S49,ZONE 7
S60,ZONE 7
S61,ZONE 7
S62,ZONE 7
S63,ZONE 7
S64,ZONE 7
S65,ZONE 7
S66,ZONE 7
S70,ZONE 7
S71,ZONE 7
S72,ZONE 7
S73,ZONE 7
S74,ZONE 7
S75,ZONE 7
S80,ZONE 7
S81,ZONE 7
S96,ZONE 7
S97,ZONE 7
S98,ZONE 7
S99,ZONE 7
SA1,ZONE 69
SA2,ZONE 69
SA3,ZONE 69
SA4,ZONE 69
SA5,ZONE 69
SA6,ZONE 69
SA7,ZONE 69
SA8,ZONE 69
SA9,ZONE 69
SA10,ZONE 69
SA11,ZONE 69
SA12,ZONE 69
SA13,ZONE 69
SA14,ZONE 73
SA15,ZONE 73
SA16,ZONE 73
SA17,ZONE 73
SA18,ZONE 73
SA19,ZONE 73
SA20,ZONE 73
SA31,ZONE 73
SA32,ZONE 73
SA33,ZONE 73
SA34,ZONE 73
SA35,ZONE 73
SA36,ZONE 73
SA37,ZONE 73
SA38,ZONE 73
SA39,ZONE 73
SA40,ZONE 73
SA41,ZONE 73
SA42,ZONE 73
SA43,ZONE 73
SA44,ZONE 73
SA45,ZONE 73
SA46,ZONE 73
SA47,ZONE 73
SA48,ZONE 73
SA61,ZONE 73
SA62,ZONE 73
SA63,ZONE 73
SA64,ZONE 73
SA65,ZONE 73
SA66,ZONE 73
SA67,ZONE 73
SA68,ZONE 73
SA69,ZONE 73
SA70,ZONE 73
SA71,ZONE 73
SA72,ZONE 73
SA73,ZONE 73
SA80,ZONE 73
SA99,ZONE 73
SE1,ZONE 64
SE2,ZONE 64
SE3,ZONE 64
SE4,ZONE 64
SE5,ZONE 64
SE6,ZONE 64
SE7,ZONE 64
SE8,ZONE 64
SE9,ZONE 64
SE10,ZONE 64
SE11,ZONE 64
SE12,ZONE 64
SE13,ZONE 64
SE14,ZONE 64
SE15,ZONE 64
SE16,ZONE 64
SE17,ZONE 64
SE18,ZONE 64
SE19,ZONE 64
SE20,ZONE 64
SE21,ZONE 64
SE22,ZONE 64
SE23,ZONE 64
SE24,ZONE 64
SE25,ZONE 64
SE26,ZONE 64
SE27,ZONE 64
SE28,ZONE 64
SG1,ZONE 24
SG2,ZONE 24
SG3,ZONE 24
SG4,ZONE 24
SG5,ZONE 24
SG6,ZONE 24
SG7,ZONE 24
SG8,ZONE 24
SG9,ZONE 24
SG10,ZONE 24
SG11,ZONE 24
SG12,ZONE 24
SG13,ZONE 24
SG14,ZONE 24
SG15,ZONE 24
SG16,ZONE 24
SG17,ZONE 24
SG18,ZONE 24
SG19,ZONE 24
SK1,ZONE 14
SK2,ZONE 14
SK3,ZONE 14
SK4,ZONE 14
SK5,ZONE 14
SK6,ZONE 14
SK7,ZONE 14
SK8,ZONE 14
SK9,ZONE 14
SK10,ZONE 14
SK11,ZONE 14
SK12,ZONE 14
SK13,ZONE 14
SK14,ZONE 14
SK15,ZONE 14
SK16,ZONE 14
SK17,ZONE 14
SK22,ZONE 14
SK23,ZONE 14
SL0,ZONE 28
SL1,ZONE 28
SL2,ZONE 28
SL3,ZONE 28
SL4,ZONE 28
SL5,ZONE 28
SL6,ZONE 28
SL7,ZONE 28
SL8,ZONE 28
SL9,ZONE 28
SL95,ZONE 28
SM1,ZONE 33
SM2,ZONE 33
SM3,ZONE 33
SM4,ZONE 33
SM5,ZONE 33
SM6,ZONE 33
SM7,ZONE 33
SN1,ZONE 22
SN2,ZONE 22
SN3,ZONE 22
SN4,ZONE 22
SN5,ZONE 22
SN6,ZONE 22
SN7,ZONE 22
SN8,ZONE 22
SN9,ZONE 22
SN10,ZONE 22
SN11,ZONE 22
SN12,ZONE 22
SN13,ZONE 22
SN14,ZONE 22
SN15,ZONE 22
SN16,ZONE 22
SN25,ZONE 22
SN26,ZONE 22
SN38,ZONE 22
SN99,ZONE 22
SO14,ZONE 35
SO15,ZONE 35
SO16,ZONE 35
SO17,ZONE 35
SO18,ZONE 35
SO19,ZONE 35
SO20,ZONE 35
SO21,ZONE 35
SO22,ZONE 35
SO23,ZONE 35
SO24,ZONE 35
SO30,ZONE 35
SO31,ZONE 35
SO32,ZONE 35
SO40,ZONE 35
SO41,ZONE 35
SO42,ZONE 35
SO43,ZONE 35
SO45,ZONE 35
SO50,ZONE 35
SO51,ZONE 35
SO52,ZONE 35
SO53,ZONE 35
SO97,ZONE 35
SP1,ZONE 32
SP2,ZONE 32
SP3,ZONE 32
SP4,ZONE 32
SP5,ZONE 32
SP6,ZONE 32
SP7,ZONE 32
SP8,ZONE 32
SP9,ZONE 32
SP10,ZONE 32
SP11,ZONE 32
SR1,ZONE 22
SR2,ZONE 22
SR3,ZONE 22
SR4,ZONE 22
SR5,ZONE 22
SR6,ZONE 22
SR7,ZONE 22
SR8,ZONE 22
SR9,ZONE 22
SS0,ZONE 47
SS1,ZONE 47
SS2,ZONE 47
SS3,ZONE 47
SS4,ZONE 47
SS5,ZONE 47
SS6,ZONE 47
SS7,ZONE 47
SS8,ZONE 47
SS9,ZONE 47
SS11,ZONE 47
SS12,ZONE 47
SS13,ZONE 47
SS14,ZONE 47
SS15,ZONE 47
SS16,ZONE 47
SS17,ZONE 47
SS22,ZONE 47
SS99,ZONE 47
ST1,ZONE 15
ST2,ZONE 15
ST3,ZONE 15
ST4,ZONE 15
ST5,ZONE 15
ST6,ZONE 15
ST7,ZONE 15
ST8,ZONE 15
ST9,ZONE 15
ST10,ZONE 15
ST11,ZONE 15
ST12,ZONE 15
ST13,ZONE 15
ST14,ZONE 15
ST15,ZONE 15
ST16,ZONE 15
ST17,ZONE 15
ST18,ZONE 15
ST19,ZONE 15
ST20,ZONE 15
ST21,ZONE 15
ST55,ZONE 15
SW1A,ZONE 66
SW1E,ZONE 66
SW1H,ZONE 66
SW1P,ZONE 66
SW1V,ZONE 66
SW1W,ZONE 66
SW1X,ZONE 66
SW1Y,ZONE 66
SW2,ZONE 66
SW3,ZONE 66
SW4,ZONE 66
SW5,ZONE 66
SW6,ZONE 66
SW7,ZONE 66
SW8,ZONE 66
SW9,ZONE 66
SW10,ZONE 66
SW11,ZONE 66
SW12,ZONE 66
SW13,ZONE 66
SW14,ZONE 66
SW15,ZONE 66
SW16,ZONE 66
SW17,ZONE 66
SW18,ZONE 66
SW19,ZONE 66
SW20,ZONE 66
SW95,ZONE 66
SW99,ZONE 66
SY1,ZONE 23
SY2,ZONE 23
SY3,ZONE 23
SY4,ZONE 23
SY5,ZONE 23
SY6,ZONE 23
SY7,ZONE 23
SY8,ZONE 23
SY9,ZONE 23
SY10,ZONE 23
SY11,ZONE 23
SY12,ZONE 23
SY13,ZONE 23
SY14,ZONE 23
SY15,ZONE 23
SY16,ZONE 23
SY17,ZONE 23
SY18,ZONE 23
SY19,ZONE 23
SY20,ZONE 23
SY21,ZONE 23
SY22,ZONE 41
SY23,ZONE 41
SY24,ZONE 41
SY25,ZONE 41
SY99,ZONE 41
TA1,ZONE 49
TA2,ZONE 49
TA3,ZONE 49
TA4,ZONE 49
TA5,ZONE 49
TA6,ZONE 49
TA7,ZONE 49
TA8,ZONE 49
TA9,ZONE 49
TA10,ZONE 49
TA11,ZONE 49
TA12,ZONE 49
TA13,ZONE 49
TA14,ZONE 49
TA15,ZONE 49
TA16,ZONE 49
TA17,ZONE 49
TA18,ZONE 49
TA19,ZONE 49
TA20,ZONE 49
TA21,ZONE 54
TA22,ZONE 54
TA23,ZONE 54
TA24,ZONE 54
TF1,ZONE 17
TF2,ZONE 17
TF3,ZONE 17
TF4,ZONE 17
TF5,ZONE 17
TF6,ZONE 17
TF7,ZONE 17
TF8,ZONE 17
TF9,ZONE 17
TF10,ZONE 17
TF11,ZONE 17
TF12,ZONE 17
TF13,ZONE 17
TN1,ZONE 51
TN2,ZONE 51
TN3,ZONE 51
TN4,ZONE 51
TN5,ZONE 51
TN6,ZONE 51
TN7,ZONE 51
TN8,ZONE 51
TN9,ZONE 51
TN10,ZONE 51
TN11,ZONE 51
TN12,ZONE 51
TN13,ZONE 51
TN14,ZONE 51
TN15,ZONE 51
TN16,ZONE 51
TN17,ZONE 51
TN18,ZONE 51
TN19,ZONE 51
TN20,ZONE 51
TN21,ZONE 51
TN22,ZONE 51
TN23,ZONE 51
TN24,ZONE 51
TN25,ZONE 51
TN26,ZONE 51
TN27,ZONE 51
TN28,ZONE 51
TN29,ZONE 51
TN30,ZONE 51
TN31,ZONE 51
TN32,ZONE 51
TN33,ZONE 51
TN34,ZONE 51
TN35,ZONE 51
TN36,ZONE 51
TN37,ZONE 51
TN38,ZONE 51
TN39,ZONE 51
TN40,ZONE 51
TQ1,ZONE 70
TQ2,ZONE 70
TQ3,ZONE 70
TQ4,ZONE 70
TQ5,ZONE 70
TQ6,ZONE 70
TQ7,ZONE 70
TQ8,ZONE 70
TQ9,ZONE 70
TQ10,ZONE 70
TQ11,ZONE 70
TQ12,ZONE 70
TQ13,ZONE 70
TQ14,ZONE 70
TR1,ZONE 76
TR2,ZONE 76
TR3,ZONE 76
TR4,ZONE 76
TR5,ZONE 76
TR6,ZONE 76
TR7,ZONE 76
TR8,ZONE 76
TR9,ZONE 76
TR10,ZONE 76
TR11,ZONE 76
TR12,ZONE 76
TR13,ZONE 76
TR14,ZONE 76
TR15,ZONE 76
TR16,ZONE 76
TR17,ZONE 76
TR18,ZONE 76
TR19,ZONE 76
TR20,ZONE 76
TR21,ZONE 76
TR22,ZONE 76
TR23,ZONE 76
TR24,ZONE 76
TR25,ZONE 76
TR26,ZONE 76
TR27,ZONE 76
TR93,ZONE 76
TS1,ZONE 42
TS2,ZONE 42
TS3,ZONE 42
TS4,ZONE 42
TS5,ZONE 42
TS6,ZONE 42
TS7,ZONE 42
TS8,ZONE 42
TS9,ZONE 42
TS10,ZONE 42
TS11,ZONE 42
TS12,ZONE 42
TS13,ZONE 42
TS14,ZONE 42
TS15,ZONE 42
TS16,ZONE 42
TS17,ZONE 42
TS18,ZONE 42
TS19,ZONE 42
TS20,ZONE 42
TS21,ZONE 42
TS22,ZONE 42
TS23,ZONE 42
TS24,ZONE 42
TS25,ZONE 42
TS26,ZONE 42
TS27,ZONE 42
TS28,ZONE 42
TS29,ZONE 42
TS90,ZONE 42
TW1,ZONE 31
TW2,ZONE 31
TW3,ZONE 31
TW4,ZONE 31
TW5,ZONE 31
TW6,ZONE 31
TW7,ZONE 31
TW8,ZONE 31
TW9,ZONE 31
TW10,ZONE 31
TW11,ZONE 31
TW12,ZONE 31
TW13,ZONE 31
TW14,ZONE 31
TW15,ZONE 31
TW16,ZONE 31
TW17,ZONE 31
TW18,ZONE 31
TW19,ZONE 31
TW20,ZONE 31
UB1,ZONE 31
UB2,ZONE 31
UB3,ZONE 31
UB4,ZONE 31
UB5,ZONE 31
UB6,ZONE 31
UB7,ZONE 31
UB8,ZONE 31
UB9,ZONE 31
UB10,ZONE 31
UB11,ZONE 31
UB18,ZONE 31
W1A,ZONE 66
W1B,ZONE 66
W1C,ZONE 66
W1D,ZONE 66
W1F,ZONE 66
W1G,ZONE 66
W1H,ZONE 66
W1J,ZONE 66
W1K,ZONE 66
W1S,ZONE 66
W1T,ZONE 66
W1U,ZONE 66
W1W,ZONE 66
W2,ZONE 66
W3,ZONE 66
W4,ZONE 66
W5,ZONE 66
W6,ZONE 66
W7,ZONE 66
W8,ZONE 66
W9,ZONE 66
W10,ZONE 66
W11,ZONE 66
W12,ZONE 66
W13,ZONE 66
W14,ZONE 66
WA1,ZONE 1
WA2,ZONE 1
WA3,ZONE 1
WA4,ZONE 1
WA5,ZONE 1
WA6,ZONE 1
WA7,ZONE 1
WA8,ZONE 1
WA9,ZONE 1
WA10,ZONE 1
WA11,ZONE 1
WA12,ZONE 1
WA13,ZONE 1
WA14,ZONE 1
WA15,ZONE 1
WA16,ZONE 1
WA55,ZONE 1
WA88,ZONE 1
WC1A,ZONE 65
WC1B,ZONE 65
WC1E,ZONE 65
WC1H,ZONE 65
WC1N,ZONE 65
WC1R,ZONE 65
WC1V,ZONE 65
WC1X,ZONE 65
WC2A,ZONE 65
WC2B,ZONE 65
WC2E,ZONE 65
WC2H,ZONE 65
WC2N,ZONE 65
WC2R,ZONE 65
WD3,ZONE 25
WD4,ZONE 25
WD5,ZONE 25
WD6,ZONE 25
WD7,ZONE 25
WD17,ZONE 25
WD18,ZONE 25
WD19,ZONE 25
WD23,ZONE 25
WD24,ZONE 25
WD25,ZONE 25
WF1,ZONE 7
WF2,ZONE 7
WF3,ZONE 7
WF4,ZONE 7
WF5,ZONE 7
WF6,ZONE 7
WF7,ZONE 7
WF8,ZONE 7
WF9,ZONE 7
WF10,ZONE 7
WF11,ZONE 7
WF12,ZONE 7
WF13,ZONE 7
WF14,ZONE 7
WF15,ZONE 7
WF16,ZONE 7
WF17,ZONE 7
WN1,ZONE 1
WN2,ZONE 1
WN3,ZONE 1
WN4,ZONE 1
WN5,ZONE 1
WN6,ZONE 1
WN7,ZONE 1
WN8,ZONE 1
WR1,ZONE 19
WR2,ZONE 19
WR3,ZONE 19
WR4,ZONE 19
WR5,ZONE 19
WR6,ZONE 19
WR7,ZONE 19
WR8,ZONE 19
WR9,ZONE 19
WR10,ZONE 19
WR11,ZONE 19
WR12,ZONE 19
WR13,ZONE 19
WR14,ZONE 19
WR15,ZONE 19
WR78,ZONE 19
WR99,ZONE 19
WS1,ZONE 16
WS2,ZONE 16
WS3,ZONE 16
WS4,ZONE 16
WS5,ZONE 16
WS6,ZONE 16
WS7,ZONE 16
WS8,ZONE 16
WS9,ZONE 16
WS10,ZONE 16
WS11,ZONE 16
WS12,ZONE 16
WS13,ZONE 16
WS14,ZONE 16
WS15,ZONE 16
WV1,ZONE 16
WV2,ZONE 16
WV3,ZONE 16
WV4,ZONE 16
WV5,ZONE 16
WV6,ZONE 16
WV7,ZONE 16
WV8,ZONE 16
WV9,ZONE 16
WV10,ZONE 16
WV11,ZONE 16
WV12,ZONE 16
WV13,ZONE 16
WV14,ZONE 16
WV15,ZONE 16
WV16,ZONE 16
YO1,ZONE 12
YO7,ZONE 12
YO8,ZONE 12
YO10,ZONE 12
YO11,ZONE 12
YO12,ZONE 12
YO13,ZONE 12
YO14,ZONE 12
YO15,ZONE 12
YO16,ZONE 12
YO17,ZONE 12
YO18,ZONE 12
YO19,ZONE 12
YO21,ZONE 12
YO22,ZONE 12
YO23,ZONE 12
YO24,ZONE 12
YO25,ZONE 12
YO26,ZONE 12
YO30,ZONE 12
YO31,ZONE 12
YO32,ZONE 12
YO41,ZONE 12
YO42,ZONE 12
YO43,ZONE 12
YO51,ZONE 12
YO60,ZONE 12
YO61,ZONE 12
YO62,ZONE 12
YO90,ZONE 12
YO91,ZONE 12
YO95,ZONE 12
AB10,ZONE 80
AB11,ZONE 80
AB12,ZONE 80
AB13,ZONE 80
AB14,ZONE 80
AB15,ZONE 80
AB16,ZONE 80
AB21,ZONE 80
AB22,ZONE 80
AB23,ZONE 80
AB24,ZONE 80
AB25,ZONE 80
AB30,ZONE 82
AB31,
AB32,
AB33,
AB34,
AB35,
AB36,
AB37,
AB38,
AB39,
AB41,ZONE 82
AB42,ZONE 82
AB43,ZONE 82
AB44,ZONE 82
AB45,ZONE 82
AB51,ZONE 82
AB52,ZONE 82
AB53,ZONE 82
AB54,ZONE 82
AB55,ZONE 82
AB56,ZONE 82
AB99,
DD1,ZONE 78
DD2,ZONE 78
DD3,ZONE 78
DD4,ZONE 78
DD5,ZONE 78
DD6,ZONE 78
DD7,ZONE 78
DD8,ZONE 79
DD9,ZONE 79
DD10,ZONE 79
DD11,ZONE 79
DG1,ZONE 77
DG2,ZONE 77
DG3,ZONE 77
DG4,ZONE 77
DG5,ZONE 77
DG6,ZONE 77
DG7,ZONE 77
DG8,ZONE 77
DG9,ZONE 77
DG10,ZONE 77
DG11,ZONE 77
DG12,ZONE 77
DG13,ZONE 77
DG14,ZONE 77
DG16,ZONE 77
EH1,ZONE 52
EH2,ZONE 52
EH3,ZONE 52
EH4,ZONE 52
EH5,ZONE 52
EH6,ZONE 52
EH7,ZONE 52
EH8,ZONE 52
EH9,ZONE 52
EH10,ZONE 52
EH11,ZONE 52
EH12,ZONE 52
EH13,ZONE 52
EH14,ZONE 52
EH15,ZONE 52
EH16,ZONE 52
EH17,ZONE 52
EH18,ZONE 52
EH19,ZONE 52
EH20,ZONE 52
EH21,ZONE 52
EH22,ZONE 52
EH23,ZONE 52
EH24,ZONE 52
EH25,ZONE 52
EH26,ZONE 52
EH27,ZONE 52
EH28,ZONE 52
EH29,ZONE 52
EH30,ZONE 52
EH31,ZONE 52
EH32,ZONE 52
EH33,ZONE 52
EH34,ZONE 52
EH35,ZONE 52
EH36,ZONE 52
EH37,ZONE 52
EH38,ZONE 52
EH39,ZONE 52
EH40,ZONE 52
EH41,ZONE 52
EH42,ZONE 52
EH43,ZONE 52
EH44,ZONE 52
EH45,ZONE 52
EH46,ZONE 52
EH47,ZONE 52
EH48,ZONE 52
EH49,ZONE 52
EH51,ZONE 52
EH52,ZONE 52
EH53,ZONE 52
EH54,ZONE 52
EH55,ZONE 52
EH91,ZONE 52
EH95,ZONE 52
EH99,ZONE 52
FK1,ZONE 58
FK2,ZONE 58
FK3,ZONE 58
FK4,ZONE 58
FK5,ZONE 58
FK6,ZONE 58
FK7,ZONE 58
FK8,ZONE 58
FK9,ZONE 58
FK10,ZONE 58
FK11,ZONE 58
FK12,ZONE 58
FK13,ZONE 58
FK14,ZONE 58
FK15,ZONE 58
FK16,ZONE 58
FK17,ZONE 58
FK18,ZONE 58
FK19,ZONE 58
FK20,ZONE 58
FK21,ZONE 58
G1,ZONE 57
G2,ZONE 57
G3,ZONE 57
G4,ZONE 57
G5,ZONE 57
G9,ZONE 57
G11,ZONE 57
G12,ZONE 57
G13,ZONE 57
G14,ZONE 57
G15,ZONE 57
G20,ZONE 57
G21,ZONE 57
G22,ZONE 57
G23,ZONE 57
G31,ZONE 57
G32,ZONE 57
G33,ZONE 57
G34,ZONE 57
G40,ZONE 57
G41,ZONE 57
G42,ZONE 57
G43,ZONE 57
G44,ZONE 57
G45,ZONE 57
G46,ZONE 57
G51,ZONE 57
G52,ZONE 57
G53,ZONE 57
G58,ZONE 57
G60,ZONE 57
G61,ZONE 57
G62,ZONE 57
G63,ZONE 57
G64,ZONE 57
G65,ZONE 57
G66,ZONE 57
G67,ZONE 57
G68,ZONE 57
G69,ZONE 57
G70,ZONE 57
G71,ZONE 57
G72,ZONE 57
G73,ZONE 57
G74,ZONE 57
G75,ZONE 57
G76,ZONE 57
G77,ZONE 57
G78,ZONE 57
G79,ZONE 57
G81,ZONE 57
G82,ZONE 57
G83,ZONE 57
G84,ZONE 57
G90,ZONE 57
HS1,
HS2,
HS3,
HS4,
HS5,
HS6,
HS7,
HS8,
HS9,
IV1,
IV2,
IV3,
IV4,
IV5,
IV6,
IV7,
IV8,
IV9,
IV10,
IV11,
IV12,
IV13,
IV14,
IV15,
IV16,
IV17,
IV18,
IV19,
IV20,
IV21,
IV22,
IV23,
IV24,
IV25,
IV26,
IV27,
IV28,
IV30,
IV31,
IV32,
IV36,
IV40,
IV41,
IV42,
IV43,
IV44,
IV45,
IV46,
IV47,
IV48,
IV49,
IV51,
IV52,
IV53,
IV54,
IV55,
IV56,
IV63,
IV99,
KA1,ZONE 58
KA2,ZONE 58
KA3,ZONE 58
KA4,ZONE 58
KA5,ZONE 58
KA6,ZONE 58
KA7,ZONE 58
KA8,ZONE 58
KA9,ZONE 58
KA10,ZONE 58
KA11,ZONE 58
KA12,ZONE 58
KA13,ZONE 58
KA14,ZONE 58
KA15,ZONE 58
KA16,ZONE 58
KA17,ZONE 58
KA18,ZONE 58
KA19,ZONE 58
KA20,ZONE 58
KA21,ZONE 58
KA22,ZONE 58
KA23,ZONE 58
KA24,ZONE 58
KA25,ZONE 58
KA26,ZONE 58
KA27,ZONE 84
KA28,ZONE 84
KA29,ZONE 58
KA30,ZONE 58
KW1,
KW2,
KW3,
KW5,
KW6,
KW7,
KW8,
KW9,
KW10,
KW11,
KW12,
KW13,
KW14,
KW15,
KW16,
KW17,
KY1,ZONE 59
KY2,ZONE 59
KY3,ZONE 59
KY4,ZONE 59
KY5,ZONE 59
KY6,ZONE 59
KY7,ZONE 59
KY8,ZONE 59
KY9,ZONE 59
KY10,ZONE 59
KY11,ZONE 59
KY12,ZONE 59
KY13,ZONE 59
KY14,ZONE 59
KY15,ZONE 59
KY16,ZONE 59
KY99,ZONE 59
ML1,ZONE 58
ML2,ZONE 58
ML3,ZONE 58
ML4,ZONE 58
ML5,ZONE 58
ML6,ZONE 58
ML7,ZONE 58
ML8,ZONE 58
ML9,ZONE 58
ML10,ZONE 58
ML11,ZONE 58
ML12,ZONE 58
PA1,ZONE 53
PA2,ZONE 53
PA3,ZONE 53
PA4,ZONE 53
PA5,ZONE 53
PA6,ZONE 53
PA7,ZONE 53
PA8,ZONE 53
PA9,ZONE 53
PA10,ZONE 53
PA11,ZONE 53
PA12,ZONE 53
PA13,ZONE 53
PA14,ZONE 53
PA15,ZONE 53
PA16,ZONE 53
PA17,ZONE 53
PA18,ZONE 53
PA19,ZONE 53
PA20,
PA21,ZONE 83
PA22,ZONE 83
PA23,ZONE 83
PA24,ZONE 83
PA25,ZONE 83
PA26,ZONE 83
PA27,ZONE 83
PA28,ZONE 83
PA29,ZONE 83
PA30,ZONE 83
PA31,ZONE 83
PA32,ZONE 83
PA33,ZONE 83
PA34,ZONE 83
PA35,ZONE 83
PA36,ZONE 83
PA37,ZONE 83
PA38,ZONE 83
PA41,
PA42,
PA43,
PA44,
PA45,
PA46,
PA47,
PA48,
PA49,
PA60,
PA61,
PA62,
PA63,
PA64,
PA65,
PA66,
PA67,
PA68,
PA69,
PA70,
PA71,
PA72,
PA73,
PA74,
PA75,
PA76,
PA77,
PA78,
PH1,ZONE 60
PH2,ZONE 60
PH3,ZONE 60
PH4,ZONE 60
PH5,ZONE 60
PH6,ZONE 60
PH7,ZONE 60
PH8,ZONE 60
PH9,ZONE 60
PH10,ZONE 60
PH11,ZONE 60
PH12,ZONE 60
PH13,ZONE 60
PH14,ZONE 60
PH15,
PH16,
PH17,
PH18,
PH19,ZONE 81
PH20,ZONE 81
PH21,ZONE 81
PH22,ZONE 81
PH23,ZONE 81
PH24,ZONE 81
PH25,ZONE 81
PH26,ZONE 81
PH30,ZONE 81
PH31,ZONE 81
PH32,ZONE 81
PH33,ZONE 81
PH34,ZONE 81
PH35,ZONE 81
PH36,ZONE 81
PH37,ZONE 81
PH38,ZONE 81
PH39,ZONE 81
PH40,ZONE 81
PH41,ZONE 81
PH42,
PH43,
PH44,
PH49,ZONE 81
PH50,ZONE 81
TD1,ZONE 75
TD2,ZONE 75
TD3,ZONE 75
TD4,ZONE 75
TD5,ZONE 75
TD6,ZONE 75
TD7,ZONE 75
TD8,ZONE 75
TD9,ZONE 75
TD10,ZONE 75
TD11,ZONE 75
TD12,ZONE 75
TD13,ZONE 75
TD14,ZONE 75
TD15,ZONE 75
ZE1,
ZE2,
ZE3,
