AL1,ZONE 5
AL2,ZONE 5
AL3,ZONE 5
AL4,ZONE 5
AL5,ZONE 5
AL6,ZONE 5
AL7,ZONE 5
AL8,ZONE 5
AL9,ZONE 5
AL10,ZONE 5
B1,ZONE 2
B2,ZONE 2
B3,ZONE 2
B4,ZONE 2
B5,ZONE 2
B6,ZONE 2
B7,ZONE 2
B8,ZONE 2
B9,ZONE 2
B10,ZONE 2
B11,ZONE 2
B12,ZONE 2
B13,ZONE 2
B14,ZONE 2
B15,ZONE 2
B16,ZONE 2
B17,ZONE 2
B18,ZONE 2
B19,ZONE 2
B20,ZONE 2
B21,ZONE 2
B23,ZONE 2
B24,ZONE 2
B25,ZONE 2
B26,ZONE 2
B27,ZONE 2
B28,ZONE 2
B29,ZONE 2
B30,ZONE 2
B31,ZONE 2
B32,ZONE 2
B33,ZONE 2
B34,ZONE 2
B35,ZONE 2
B36,ZONE 2
B37,ZONE 2
B38,ZONE 2
B40,ZONE 2
B42,ZONE 2
B43,ZONE 2
B44,ZONE 2
B45,ZONE 2
B46,ZONE 2
B47,ZONE 2
B48,ZONE 2
B49,ZONE 2
B50,ZONE 2
B60,ZONE 2
B61,ZONE 2
B62,ZONE 2
B63,ZONE 2
B64,ZONE 2
B65,ZONE 2
B66,ZONE 2
B67,ZONE 2
B68,ZONE 2
B69,ZONE 2
B70,ZONE 2
B71,ZONE 2
B72,ZONE 2
B73,ZONE 2
B74,ZONE 2
B75,ZONE 2
B76,ZONE 2
B77,ZONE 2
B78,ZONE 2
B79,ZONE 2
B80,ZONE 2
B90,ZONE 2
B91,ZONE 2
B92,ZONE 2
B93,ZONE 2
B94,ZONE 2
B95,ZONE 2
B96,ZONE 2
B97,ZONE 2
B98,ZONE 2
B99,ZONE 2
BA1,ZONE 6
BA2,ZONE 6
BA3,ZONE 6
BA4,ZONE 6
BA5,ZONE 6
BA6,ZONE 6
BA7,ZONE 6
BA8,ZONE 6
BA9,ZONE 6
BA10,ZONE 6
BA11,ZONE 6
BA12,ZONE 6
BA13,ZONE 6
BA14,ZONE 6
BA15,ZONE 6
BA16,ZONE 6
BA20,ZONE 6
BA21,ZONE 6
BA22,ZONE 6
BB1,ZONE 2
BB2,ZONE 2
BB3,ZONE 2
BB4,ZONE 2
BB5,ZONE 2
BB6,ZONE 2
BB7,ZONE 2
BB8,ZONE 2
BB9,ZONE 2
BB10,ZONE 2
BB11,ZONE 2
BB12,ZONE 2
BB18,ZONE 2
BB94,ZONE 2
BD1,ZONE 2
BD2,ZONE 2
BD3,ZONE 2
BD4,ZONE 2
BD5,ZONE 2
BD6,ZONE 2
BD7,ZONE 2
BD8,ZONE 2
BD9,ZONE 2
BD10,ZONE 2
BD11,ZONE 2
BD12,ZONE 2
BD13,ZONE 2
BD14,ZONE 2
BD15,ZONE 2
BD16,ZONE 2
BD17,ZONE 2
BD18,ZONE 2
BD19,ZONE 2
BD20,ZONE 2
BD21,ZONE 2
BD22,ZONE 2
BD23,ZONE 2
BD24,ZONE 2
BD97,ZONE 2
BD98,ZONE 2
BD99,ZONE 2
BH1,ZONE 5
BH2,ZONE 5
BH3,ZONE 5
BH4,ZONE 5
BH5,ZONE 5
BH6,ZONE 5
BH7,ZONE 5
BH8,ZONE 5
BH9,ZONE 5
BH10,ZONE 5
BH11,ZONE 5
BH12,ZONE 5
BH13,ZONE 5
BH14,ZONE 5
BH15,ZONE 5
BH16,ZONE 5
BH17,ZONE 5
BH18,ZONE 5
BH19,ZONE 5
BH20,ZONE 5
BH21,ZONE 5
BH22,ZONE 5
BH23,ZONE 5
BH24,ZONE 5
BH25,ZONE 5
BH31,ZONE 5
BL0,ZONE 2
BL1,ZONE 2
BL2,ZONE 2
BL3,ZONE 2
BL4,ZONE 2
BL5,ZONE 2
BL6,ZONE 2
BL7,ZONE 2
BL8,ZONE 2
BL9,ZONE 2
BL11,ZONE 2
BL78,ZONE 2
BN1,ZONE 5
BN2,ZONE 5
BN3,ZONE 5
BN5,ZONE 5
BN6,ZONE 5
BN7,ZONE 5
BN8,ZONE 5
BN9,ZONE 5
BN10,ZONE 5
BN11,ZONE 5
BN12,ZONE 5
BN13,ZONE 5
BN14,ZONE 5
BN15,ZONE 5
BN16,ZONE 5
BN17,ZONE 5
BN18,ZONE 5
BN20,ZONE 5
BN21,ZONE 5
BN22,ZONE 5
BN23,ZONE 5
BN24,ZONE 5
BN25,ZONE 5
BN26,ZONE 5
BN27,ZONE 5
BN41,ZONE 5
BN42,ZONE 5
BN43,ZONE 5
BN44,ZONE 5
BN45,ZONE 5
BN50,ZONE 5
BN51,ZONE 5
BN52,ZONE 5
BN88,ZONE 5
BN99,ZONE 5
BR1,ZONE 6
BR2,ZONE 6
BR3,ZONE 6
BR4,ZONE 6
BR5,ZONE 6
BR6,ZONE 6
BR7,ZONE 6
BR8,ZONE 6
BS0,ZONE 2
BS1,ZONE 2
BS2,ZONE 2
BS3,ZONE 2
BS4,ZONE 2
BS5,ZONE 2
BS6,ZONE 2
BS7,ZONE 2
BS8,ZONE 2
BS9,ZONE 2
BS10,ZONE 2
BS11,ZONE 2
BS13,ZONE 2
BS14,ZONE 2
BS15,ZONE 2
BS16,ZONE 2
BS20,ZONE 2
BS21,ZONE 2
BS22,ZONE 2
BS23,ZONE 2
BS24,ZONE 2
BS25,ZONE 2
BS26,ZONE 2
BS27,ZONE 2
BS28,ZONE 2
BS29,ZONE 2
BS30,ZONE 2
BS31,ZONE 2
BS32,ZONE 2
BS34,ZONE 2
BS35,ZONE 2
BS36,ZONE 2
BS37,ZONE 2
BS39,ZONE 2
BS40,ZONE 2
BS41,ZONE 2
BS48,ZONE 2
BS49,ZONE 2
BS80,ZONE 2
BS98,ZONE 2
BS99,ZONE 2
CA1,ZONE 7
CA2,ZONE 7
CA3,ZONE 7
CA4,ZONE 7
CA5,ZONE 7
CA6,ZONE 7
CA7,ZONE 7
CA8,ZONE 7
CA9,ZONE 7
CA10,ZONE 7
CA11,ZONE 7
CA12,ZONE 7
CA13,ZONE 7
CA14,ZONE 7
CA15,ZONE 7
CA16,ZONE 7
CA17,ZONE 7
CA18,ZONE 7
CA19,ZONE 7
CA20,ZONE 7
CA21,ZONE 7
CA22,ZONE 7
CA23,ZONE 7
CA24,ZONE 7
CA25,ZONE 7
CA26,ZONE 7
CA27,ZONE 7
CA28,ZONE 7
CA95,ZONE 7
CA99,ZONE 7
CB1,ZONE 2
CB2,ZONE 2
CB3,ZONE 2
CB4,ZONE 2
CB5,ZONE 2
CB6,ZONE 2
CB7,ZONE 2
CB8,ZONE 2
CB9,ZONE 2
CB10,ZONE 2
CB11,ZONE 2
CB21,ZONE 2
CB22,ZONE 2
CB23,ZONE 2
CB24,ZONE 2
CB25,ZONE 2
CF3,ZONE 6
CF5,ZONE 6
CF10,ZONE 6
CF11,ZONE 6
CF14,ZONE 6
CF15,ZONE 6
CF23,ZONE 6
CF24,ZONE 6
CF31,ZONE 6
CF32,ZONE 6
CF33,ZONE 6
CF34,ZONE 6
CF35,ZONE 6
CF36,ZONE 6
CF37,ZONE 6
CF38,ZONE 6
CF39,ZONE 6
CF40,ZONE 6
CF41,ZONE 6
CF42,ZONE 6
CF43,ZONE 6
CF44,ZONE 6
CF45,ZONE 6
CF46,ZONE 6
CF47,ZONE 6
CF48,ZONE 6
CF61,ZONE 6
CF62,ZONE 6
CF63,ZONE 6
CF64,ZONE 6
CF71,ZONE 6
CF72,ZONE 6
CF81,ZONE 6
CF82,ZONE 6
CF83,ZONE 6
CF91,ZONE 6
CF95,ZONE 6
CF99,ZONE 6
CH1,ZONE 2
CH2,ZONE 2
CH3,ZONE 2
CH4,ZONE 2
CH5,ZONE 2
CH6,ZONE 2
CH7,ZONE 2
CH8,ZONE 2
CH25,ZONE 2
CH26,ZONE 2
CH27,ZONE 2
CH28,ZONE 2
CH29,ZONE 2
CH30,ZONE 2
CH31,ZONE 2
CH32,ZONE 2
CH33,ZONE 2
CH34,ZONE 2
CH41,ZONE 2
CH42,ZONE 2
CH43,ZONE 2
CH44,ZONE 2
CH45,ZONE 2
CH46,ZONE 2
CH47,ZONE 2
CH48,ZONE 2
CH49,ZONE 2
CH60,ZONE 2
CH61,ZONE 2
CH62,ZONE 2
CH63,ZONE 2
CH64,ZONE 2
CH65,ZONE 2
CH66,ZONE 2
CH70,ZONE 2
CH88,ZONE 2
CH99,ZONE 2
CM0,ZONE 5
CM1,ZONE 5
CM2,ZONE 5
CM3,ZONE 5
CM4,ZONE 5
CM5,ZONE 5
CM6,ZONE 5
CM7,ZONE 5
CM8,ZONE 5
CM9,ZONE 5
CM11,ZONE 5
CM12,ZONE 5
CM13,ZONE 5
CM14,ZONE 5
CM15,ZONE 5
CM16,ZONE 5
CM17,ZONE 5
CM18,ZONE 5
CM19,ZONE 5
CM20,ZONE 5
CM21,ZONE 5
CM22,ZONE 5
CM23,ZONE 5
CM24,ZONE 5
CM77,ZONE 5
CM98,ZONE 5
CM99,ZONE 5
CO1,ZONE 5
CO2,ZONE 5
CO3,ZONE 5
CO4,ZONE 5
CO5,ZONE 5
CO6,ZONE 5
CO7,ZONE 5
CO8,ZONE 5
CO9,ZONE 5
CO10,ZONE 5
CO11,ZONE 5
CO12,ZONE 5
CO13,ZONE 5
CO14,ZONE 5
CO15,ZONE 5
CO16,ZONE 5
CR0,ZONE 6
CR2,ZONE 6
CR3,ZONE 6
CR4,ZONE 6
CR5,ZONE 6
CR6,ZONE 6
CR7,ZONE 6
CR8,ZONE 6
CR9,ZONE 6
CR44,ZONE 6
CT1,ZONE 6
CT2,ZONE 6
CT3,ZONE 6
CT4,ZONE 6
CT5,ZONE 6
CT6,ZONE 6
CT7,ZONE 6
CT8,ZONE 6
CT9,ZONE 6
CT10,ZONE 6
CT11,ZONE 6
CT12,ZONE 6
CT13,ZONE 6
CT14,ZONE 6
CT15,ZONE 6
CT16,ZONE 6
CT17,ZONE 6
CT18,ZONE 6
CT19,ZONE 6
CT20,ZONE 6
CT21,ZONE 6
CT50,ZONE 6
CV1,ZONE 2
CV2,ZONE 2
CV3,ZONE 2
CV4,ZONE 2
CV5,ZONE 2
CV6,ZONE 2
CV7,ZONE 2
CV8,ZONE 2
CV9,ZONE 2
CV10,ZONE 2
CV11,ZONE 2
CV12,ZONE 2
CV13,ZONE 2
CV21,ZONE 2
CV22,ZONE 2
CV23,ZONE 2
CV31,ZONE 2
CV32,ZONE 2
CV33,ZONE 2
CV34,ZONE 2
CV35,ZONE 2
CV36,ZONE 2
CV37,ZONE 2
CV47,ZONE 2
CW1,ZONE 2
CW2,ZONE 2
CW3,ZONE 2
CW4,ZONE 2
CW5,ZONE 2
CW6,ZONE 2
CW7,ZONE 2
CW8,ZONE 2
CW9,ZONE 2
CW10,ZONE 2
CW11,ZONE 2
CW12,ZONE 2
CW98,ZONE 2
DA1,ZONE 4
DA2,ZONE 4
DA3,ZONE 4
DA4,ZONE 4
DA5,ZONE 4
DA6,ZONE 4
DA7,ZONE 4
DA8,ZONE 4
DA9,ZONE 4
DA10,ZONE 4
DA11,ZONE 4
DA12,ZONE 4
DA13,ZONE 4
DA14,ZONE 4
DA15,ZONE 4
DA16,ZONE 4
DA17,ZONE 4
DA18,ZONE 4
DE1,ZONE 2
DE3,ZONE 2
DE4,ZONE 2
DE5,ZONE 2
DE6,ZONE 2
DE7,ZONE 2
DE11,ZONE 2
DE12,ZONE 2
DE13,ZONE 2
DE14,ZONE 2
DE15,ZONE 2
DE21,ZONE 2
DE22,ZONE 2
DE23,ZONE 2
DE24,ZONE 2
DE45,ZONE 2
DE55,ZONE 2
DE56,ZONE 2
DE65,ZONE 2
DE72,ZONE 2
DE73,ZONE 2
DE74,ZONE 2
DE75,ZONE 2
DE99,ZONE 2
DH1,ZONE 5
DH2,ZONE 5
DH3,ZONE 5
DH4,ZONE 5
DH5,ZONE 5
DH6,ZONE 5
DH7,ZONE 5
DH8,ZONE 5
DH9,ZONE 5
DH97,ZONE 5
DH98,ZONE 5
DH99,ZONE 5
DL1,ZONE 6
DL2,ZONE 6
DL3,ZONE 6
DL4,ZONE 6
DL5,ZONE 6
DL6,ZONE 6
DL7,ZONE 6
DL8,ZONE 6
DL9,ZONE 6
DL10,ZONE 6
DL11,ZONE 6
DL12,ZONE 6
DL13,ZONE 6
DL14,ZONE 6
DL15,ZONE 6
DL16,ZONE 6
DL17,ZONE 6
DN1,ZONE 2
DN2,ZONE 2
DN3,ZONE 2
DN4,ZONE 2
DN5,ZONE 2
DN6,ZONE 2
DN7,ZONE 2
DN8,ZONE 2
DN9,ZONE 2
DN10,ZONE 2
DN11,ZONE 2
DN12,ZONE 2
DN14,ZONE 2
DN15,ZONE 2
DN16,ZONE 2
DN17,ZONE 2
DN18,ZONE 2
DN19,ZONE 2
DN20,ZONE 2
DN21,ZONE 2
DN22,ZONE 2
DN31,ZONE 2
DN32,ZONE 2
DN33,ZONE 2
DN34,ZONE 2
DN35,ZONE 2
DN36,ZONE 2
DN37,ZONE 2
DN38,ZONE 2
DN39,ZONE 2
DN40,ZONE 2
DN41,ZONE 2
DN55,ZONE 2
DT1,ZONE 7
DT2,ZONE 7
DT3,ZONE 7
DT4,ZONE 7
DT5,ZONE 7
DT6,ZONE 7
DT7,ZONE 7
DT8,ZONE 7
DT9,ZONE 7
DT10,ZONE 7
DT11,ZONE 7
DY1,ZONE 2
DY2,ZONE 2
DY3,ZONE 2
DY4,ZONE 2
DY5,ZONE 2
DY6,ZONE 2
DY7,ZONE 2
DY8,ZONE 2
DY9,ZONE 2
DY10,ZONE 2
DY11,ZONE 2
DY12,ZONE 2
DY13,ZONE 2
DY14,ZONE 2
E10,ZONE 3
E20,ZONE 3
E1,ZONE 3
E11,ZONE 3
E12,ZONE 3
E2,ZONE 3
E13,ZONE 3
E3,ZONE 3
E14,ZONE 3
E4,ZONE 3
E15,ZONE 3
E5,ZONE 3
E16,ZONE 3
E6,ZONE 3
E17,ZONE 3
E7,ZONE 3
E77,ZONE 3
E18,ZONE 3
E8,ZONE 3
E98,ZONE 3
E9,ZONE 3
E1W,ZONE 3
EC1A,ZONE 3
EC1M,ZONE 3
EC1N,ZONE 3
EC1P,ZONE 3
EC1R,ZONE 3
EC1V,ZONE 3
EC1Y,ZONE 3
EC2A,ZONE 3
EC2M,ZONE 3
EC2N,ZONE 3
EC2P,ZONE 3
EC2R,ZONE 3
EC2V,ZONE 3
EC2Y,ZONE 3
EC3A,ZONE 3
EC3M,ZONE 3
EC3N,ZONE 3
EC3P,ZONE 3
EC3R,ZONE 3
EC3V,ZONE 3
EC4A,ZONE 3
EC4M,ZONE 3
EC4N,ZONE 3
EC4P,ZONE 3
EC4R,ZONE 3
EC4V,ZONE 3
EC4Y,ZONE 3
EC50,ZONE 3
EN1,ZONE 4
EN2,ZONE 4
EN3,ZONE 4
EN4,ZONE 4
EN5,ZONE 4
EN6,ZONE 4
EN7,ZONE 4
EN8,ZONE 4
EN9,ZONE 4
EN10,ZONE 4
EN11,ZONE 4
EX1,ZONE 7
EX2,ZONE 7
EX3,ZONE 7
EX4,ZONE 7
EX5,ZONE 7
EX6,ZONE 7
EX7,ZONE 7
EX8,ZONE 7
EX9,ZONE 7
EX10,ZONE 7
EX11,ZONE 7
EX12,ZONE 7
EX13,ZONE 7
EX14,ZONE 7
EX15,ZONE 7
EX16,ZONE 7
EX17,ZONE 7
EX18,ZONE 7
EX19,ZONE 7
EX20,ZONE 7
EX21,ZONE 7
EX22,ZONE 7
EX23,ZONE 7
EX24,ZONE 7
EX31,ZONE 7
EX32,ZONE 7
EX33,ZONE 7
EX34,ZONE 7
EX35,ZONE 7
EX36,ZONE 7
EX37,ZONE 7
EX38,ZONE 7
EX39,ZONE 7
FY0,ZONE 5
FY1,ZONE 5
FY2,ZONE 5
FY3,ZONE 5
FY4,ZONE 5
FY5,ZONE 5
FY6,ZONE 5
FY7,ZONE 5
FY8,ZONE 5
GL1,ZONE 2
GL2,ZONE 2
GL3,ZONE 2
GL4,ZONE 2
GL5,ZONE 2
GL6,ZONE 2
GL7,ZONE 2
GL8,ZONE 2
GL9,ZONE 2
GL10,ZONE 2
GL11,ZONE 2
GL12,ZONE 2
GL13,ZONE 2
GL14,ZONE 2
GL15,ZONE 2
GL16,ZONE 2
GL17,ZONE 2
GL18,ZONE 2
GL19,ZONE 2
GL20,ZONE 2
GL50,ZONE 2
GL51,ZONE 2
GL52,ZONE 2
GL53,ZONE 2
GL54,ZONE 2
GL55,ZONE 2
GL56,ZONE 2
GU1,ZONE 7
GU2,ZONE 7
GU3,ZONE 7
GU4,ZONE 7
GU5,ZONE 7
GU6,ZONE 7
GU7,ZONE 7
GU8,ZONE 7
GU9,ZONE 7
GU10,ZONE 7
GU11,ZONE 7
GU12,ZONE 7
GU14,ZONE 7
GU15,ZONE 7
GU16,ZONE 7
GU17,ZONE 7
GU18,ZONE 7
GU19,ZONE 7
GU20,ZONE 7
GU21,ZONE 7
GU22,ZONE 7
GU23,ZONE 7
GU24,ZONE 7
GU25,ZONE 7
GU26,ZONE 7
GU27,ZONE 7
GU28,ZONE 7
GU29,ZONE 7
GU30,ZONE 7
GU31,ZONE 7
GU32,ZONE 7
GU33,ZONE 7
GU34,ZONE 7
GU35,ZONE 7
GU46,ZONE 7
GU47,ZONE 7
GU51,ZONE 7
GU52,ZONE 7
GU95,ZONE 7
HA0,ZONE 4
HA1,ZONE 4
HA2,ZONE 4
HA3,ZONE 4
HA4,ZONE 4
HA5,ZONE 4
HA6,ZONE 4
HA7,ZONE 4
HA8,ZONE 4
HA9,ZONE 4
HD1,ZONE 2
HD2,ZONE 2
HD3,ZONE 2
HD4,ZONE 2
HD5,ZONE 2
HD6,ZONE 2
HD7,ZONE 2
HD8,ZONE 2
HD9,ZONE 2
HG1,ZONE 2
HG2,ZONE 2
HG3,ZONE 2
HG4,ZONE 2
HG5,ZONE 2
HP1,ZONE 2
HP2,ZONE 2
HP3,ZONE 2
HP4,ZONE 2
HP5,ZONE 2
HP6,ZONE 2
HP7,ZONE 2
HP8,ZONE 2
HP9,ZONE 2
HP10,ZONE 2
HP11,ZONE 2
HP12,ZONE 2
HP13,ZONE 2
HP14,ZONE 2
HP15,ZONE 2
HP16,ZONE 2
HP17,ZONE 2
HP18,ZONE 2
HP19,ZONE 2
HP20,ZONE 2
HP21,ZONE 2
HP22,ZONE 2
HP23,ZONE 2
HP27,ZONE 2
HR1,ZONE 5
HR2,ZONE 5
HR3,ZONE 5
HR4,ZONE 5
HR5,ZONE 5
HR6,ZONE 5
HR7,ZONE 5
HR8,ZONE 5
HR9,ZONE 5
HU1,ZONE 5
HU2,ZONE 5
HU3,ZONE 5
HU4,ZONE 5
HU5,ZONE 5
HU6,ZONE 5
HU7,ZONE 5
HU8,ZONE 5
HU9,ZONE 5
HU10,ZONE 5
HU11,ZONE 5
HU12,ZONE 5
HU13,ZONE 5
HU14,ZONE 5
HU15,ZONE 5
HU16,ZONE 5
HU17,ZONE 5
HU18,ZONE 5
HU19,ZONE 5
HU20,ZONE 5
HX1,ZONE 2
HX2,ZONE 2
HX3,ZONE 2
HX4,ZONE 2
HX5,ZONE 2
HX6,ZONE 2
HX7,ZONE 2
IG1,ZONE 4
IG2,ZONE 4
IG3,ZONE 4
IG4,ZONE 4
IG5,ZONE 4
IG6,ZONE 4
IG7,ZONE 4
IG8,ZONE 4
IG9,ZONE 4
IG10,ZONE 4
IG11,ZONE 4
IP1,ZONE 5
IP2,ZONE 5
IP3,ZONE 5
IP4,ZONE 5
IP5,ZONE 5
IP6,ZONE 5
IP7,ZONE 5
IP8,ZONE 5
IP9,ZONE 5
IP10,ZONE 5
IP11,ZONE 5
IP12,ZONE 5
IP13,ZONE 5
IP14,ZONE 5
IP15,ZONE 5
IP16,ZONE 5
IP17,ZONE 5
IP18,ZONE 5
IP19,ZONE 5
IP20,ZONE 5
IP21,ZONE 5
IP22,ZONE 5
IP23,ZONE 5
IP24,ZONE 5
IP25,ZONE 5
IP26,ZONE 5
IP27,ZONE 5
IP28,ZONE 5
IP29,ZONE 5
IP30,ZONE 5
IP31,ZONE 5
IP32,ZONE 5
IP33,ZONE 5
IP98,ZONE 5
KT1,ZONE 6
KT2,ZONE 6
KT3,ZONE 6
KT4,ZONE 6
KT5,ZONE 6
KT6,ZONE 6
KT7,ZONE 6
KT8,ZONE 6
KT9,ZONE 6
KT10,ZONE 6
KT11,ZONE 6
KT12,ZONE 6
KT13,ZONE 6
KT14,ZONE 6
KT15,ZONE 6
KT16,ZONE 6
KT17,ZONE 6
KT18,ZONE 6
KT19,ZONE 6
KT20,ZONE 6
KT21,ZONE 6
KT22,ZONE 6
KT23,ZONE 6
KT24,ZONE 6
L1,ZONE 1
L2,ZONE 1
L3,ZONE 1
L4,ZONE 1
L5,ZONE 1
L6,ZONE 1
L7,ZONE 1
L8,ZONE 1
L9,ZONE 1
L10,ZONE 1
L11,ZONE 1
L12,ZONE 1
L13,ZONE 1
L14,ZONE 1
L15,ZONE 1
L16,ZONE 1
L17,ZONE 1
L18,ZONE 1
L19,ZONE 1
L20,ZONE 1
L21,ZONE 1
L22,ZONE 1
L23,ZONE 1
L24,ZONE 1
L25,ZONE 1
L26,ZONE 1
L27,ZONE 1
L28,ZONE 1
L29,ZONE 1
L30,ZONE 1
L31,ZONE 1
L32,ZONE 1
L33,ZONE 1
L34,ZONE 1
L35,ZONE 1
L36,ZONE 1
L37,ZONE 1
L38,ZONE 1
L39,ZONE 1
L40,ZONE 1
L67,ZONE 1
L68,ZONE 1
L69,ZONE 1
L70,ZONE 1
L71,ZONE 1
L72,ZONE 1
L73,ZONE 1
L74,ZONE 1
L75,ZONE 1
L99,ZONE 1
LA1,ZONE 6
LA2,ZONE 6
LA3,ZONE 6
LA4,ZONE 6
LA5,ZONE 6
LA6,ZONE 6
LA7,ZONE 6
LA8,ZONE 6
LA9,ZONE 6
LA10,ZONE 6
LA11,ZONE 6
LA12,ZONE 6
LA13,ZONE 6
LA14,ZONE 6
LA15,ZONE 6
LA16,ZONE 6
LA17,ZONE 6
LA18,ZONE 6
LA19,ZONE 6
LA20,ZONE 6
LA21,ZONE 6
LA22,ZONE 6
LA23,ZONE 6
LD1,ZONE 7
LD2,ZONE 7
LD3,ZONE 7
LD4,ZONE 7
LD5,ZONE 7
LD6,ZONE 7
LD7,ZONE 7
LD8,ZONE 7
LE1,ZONE 2
LE2,ZONE 2
LE3,ZONE 2
LE4,ZONE 2
LE5,ZONE 2
LE6,ZONE 2
LE7,ZONE 2
LE8,ZONE 2
LE9,ZONE 2
LE10,ZONE 2
LE11,ZONE 2
LE12,ZONE 2
LE13,ZONE 2
LE14,ZONE 2
LE15,ZONE 2
LE16,ZONE 2
LE17,ZONE 2
LE18,ZONE 2
LE19,ZONE 2
LE21,ZONE 2
LE41,ZONE 2
LE55,ZONE 2
LE65,ZONE 2
LE67,ZONE 2
LE87,ZONE 2
LE94,ZONE 2
LE95,ZONE 2
LL11,ZONE 7
LL12,ZONE 7
LL13,ZONE 7
LL14,ZONE 7
LL15,ZONE 7
LL16,ZONE 7
LL17,ZONE 7
LL18,ZONE 7
LL19,ZONE 7
LL20,ZONE 7
LL21,ZONE 7
LL22,ZONE 7
LL23,ZONE 7
LL24,ZONE 7
LL25,ZONE 7
LL26,ZONE 7
LL27,ZONE 7
LL28,ZONE 7
LL29,ZONE 7
LL30,ZONE 7
LL31,ZONE 7
LL32,ZONE 7
LL33,ZONE 7
LL34,ZONE 7
LL35,ZONE 7
LL36,ZONE 7
LL37,ZONE 7
LL38,ZONE 7
LL39,ZONE 7
LL40,ZONE 7
LL41,ZONE 7
LL42,ZONE 7
LL43,ZONE 7
LL44,ZONE 7
LL45,ZONE 7
LL46,ZONE 7
LL47,ZONE 7
LL48,ZONE 7
LL49,ZONE 7
LL51,ZONE 7
LL52,ZONE 7
LL53,ZONE 7
LL54,ZONE 7
LL55,ZONE 7
LL56,ZONE 7
LL57,ZONE 7
LL58,ZONE 7
LL59,ZONE 7
LL60,ZONE 7
LL61,ZONE 7
LL62,ZONE 7
LL63,ZONE 7
LL64,ZONE 7
LL65,ZONE 7
LL66,ZONE 7
LL67,ZONE 7
LL68,ZONE 7
LL69,ZONE 7
LL70,ZONE 7
LL71,ZONE 7
LL72,ZONE 7
LL73,ZONE 7
LL74,ZONE 7
LL75,ZONE 7
LL76,ZONE 7
LL77,ZONE 7
LL78,ZONE 7
LN1,ZONE 5
LN2,ZONE 5
LN3,ZONE 5
LN4,ZONE 5
LN5,ZONE 5
LN6,ZONE 5
LN7,ZONE 5
LN8,ZONE 5
LN9,ZONE 5
LN10,ZONE 5
LN11,ZONE 5
LN12,ZONE 5
LN13,ZONE 5
LS1,ZONE 2
LS2,ZONE 2
LS3,ZONE 2
LS4,ZONE 2
LS5,ZONE 2
LS6,ZONE 2
LS7,ZONE 2
LS8,ZONE 2
LS9,ZONE 2
LS10,ZONE 2
LS11,ZONE 2
LS12,ZONE 2
LS13,ZONE 2
LS14,ZONE 2
LS15,ZONE 2
LS16,ZONE 2
LS17,ZONE 2
LS18,ZONE 2
LS19,ZONE 2
LS20,ZONE 2
LS21,ZONE 2
LS22,ZONE 2
LS23,ZONE 2
LS24,ZONE 2
LS25,ZONE 2
LS26,ZONE 2
LS27,ZONE 2
LS28,ZONE 2
LS29,ZONE 2
LS88,ZONE 2
LS98,ZONE 2
LS99,ZONE 2
LU1,ZONE 2
LU2,ZONE 2
LU3,ZONE 2
LU4,ZONE 2
LU5,ZONE 2
LU6,ZONE 2
LU7,ZONE 2
LU95,ZONE 2
M1,ZONE 1
M2,ZONE 1
M3,ZONE 1
M4,ZONE 1
M5,ZONE 1
M6,ZONE 1
M7,ZONE 1
M8,ZONE 1
M9,ZONE 1
M11,ZONE 1
M12,ZONE 1
M13,ZONE 1
M14,ZONE 1
M15,ZONE 1
M16,ZONE 1
M17,ZONE 1
M18,ZONE 1
M19,ZONE 1
M20,ZONE 1
M21,ZONE 1
M22,ZONE 1
M23,ZONE 1
M24,ZONE 1
M25,ZONE 1
M26,ZONE 1
M27,ZONE 1
M28,ZONE 1
M29,ZONE 1
M30,ZONE 1
M31,ZONE 1
M32,ZONE 1
M33,ZONE 1
M34,ZONE 1
M35,ZONE 1
M38,ZONE 1
M40,ZONE 1
M41,ZONE 1
M43,ZONE 1
M44,ZONE 1
M45,ZONE 1
M46,ZONE 1
M50,ZONE 1
M60,ZONE 1
M61,ZONE 1
M90,ZONE 1
M99,ZONE 1
ME1,ZONE 5
ME2,ZONE 5
ME3,ZONE 5
ME4,ZONE 5
ME5,ZONE 5
ME6,ZONE 5
ME7,ZONE 5
ME8,ZONE 5
ME9,ZONE 5
ME10,ZONE 5
ME11,ZONE 5
ME12,ZONE 5
ME13,ZONE 5
ME14,ZONE 5
ME15,ZONE 5
ME16,ZONE 5
ME17,ZONE 5
ME18,ZONE 5
ME19,ZONE 5
ME20,ZONE 5
ME99,ZONE 5
MK1,ZONE 2
MK2,ZONE 2
MK3,ZONE 2
MK4,ZONE 2
MK5,ZONE 2
MK6,ZONE 2
MK7,ZONE 2
MK8,ZONE 2
MK9,ZONE 2
MK10,ZONE 2
MK11,ZONE 2
MK12,ZONE 2
MK13,ZONE 2
MK14,ZONE 2
MK15,ZONE 2
MK16,ZONE 2
MK17,ZONE 2
MK18,ZONE 2
MK19,ZONE 2
MK40,ZONE 2
MK41,ZONE 2
MK42,ZONE 2
MK43,ZONE 2
MK44,ZONE 2
MK45,ZONE 2
MK46,ZONE 2
MK77,ZONE 2
N1C,ZONE 3
N1,ZONE 3
N2,ZONE 3
N3,ZONE 3
N4,ZONE 3
N5,ZONE 3
N6,ZONE 3
N7,ZONE 3
N8,ZONE 3
N9,ZONE 3
N10,ZONE 3
N11,ZONE 3
N12,ZONE 3
N13,ZONE 3
N14,ZONE 3
N15,ZONE 3
N16,ZONE 3
N17,ZONE 3
N18,ZONE 3
N19,ZONE 3
N20,ZONE 3
N21,ZONE 3
N22,ZONE 3
N81,ZONE 3
NE1,ZONE 5
NE2,ZONE 5
NE3,ZONE 5
NE4,ZONE 5
NE5,ZONE 5
NE6,ZONE 5
NE7,ZONE 5
NE8,ZONE 5
NE9,ZONE 5
NE10,ZONE 5
NE11,ZONE 5
NE12,ZONE 5
NE13,ZONE 5
NE15,ZONE 5
NE16,ZONE 5
NE17,ZONE 5
NE18,ZONE 5
NE19,ZONE 5
NE20,ZONE 5
NE21,ZONE 5
NE22,ZONE 5
NE23,ZONE 5
NE24,ZONE 5
NE25,ZONE 5
NE26,ZONE 5
NE27,ZONE 5
NE28,ZONE 5
NE29,ZONE 5
NE30,ZONE 5
NE31,ZONE 5
NE32,ZONE 5
NE33,ZONE 5
NE34,ZONE 5
NE35,ZONE 5
NE36,ZONE 5
NE37,ZONE 5
NE38,ZONE 5
NE39,ZONE 5
NE40,ZONE 5
NE41,ZONE 5
NE42,ZONE 5
NE43,ZONE 5
NE44,ZONE 5
NE45,ZONE 5
NE46,ZONE 5
NE47,ZONE 5
NE48,ZONE 5
NE49,ZONE 5
NE61,ZONE 5
NE62,ZONE 5
NE63,ZONE 5
NE64,ZONE 5
NE65,ZONE 5
NE66,ZONE 5
NE67,ZONE 5
NE68,ZONE 5
NE69,ZONE 5
NE70,ZONE 5
NE71,ZONE 5
NE82,ZONE 5
NE83,ZONE 5
NE85,ZONE 5
NE88,ZONE 5
NE98,ZONE 5
NE99,ZONE 5
NG1,ZONE 2
NG2,ZONE 2
NG3,ZONE 2
NG4,ZONE 2
NG5,ZONE 2
NG6,ZONE 2
NG7,ZONE 2
NG8,ZONE 2
NG9,ZONE 2
NG10,ZONE 2
NG11,ZONE 2
NG12,ZONE 2
NG13,ZONE 2
NG14,ZONE 2
NG15,ZONE 2
NG16,ZONE 2
NG17,ZONE 2
NG18,ZONE 2
NG19,ZONE 2
NG20,ZONE 2
NG21,ZONE 2
NG22,ZONE 2
NG23,ZONE 2
NG24,ZONE 2
NG25,ZONE 2
NG31,ZONE 2
NG32,ZONE 2
NG33,ZONE 2
NG34,ZONE 2
NG70,ZONE 2
NG80,ZONE 2
NG90,ZONE 2
NN1,ZONE 2
NN2,ZONE 2
NN3,ZONE 2
NN4,ZONE 2
NN5,ZONE 2
NN6,ZONE 2
NN7,ZONE 2
NN8,ZONE 2
NN9,ZONE 2
NN10,ZONE 2
NN11,ZONE 2
NN12,ZONE 2
NN13,ZONE 2
NN14,ZONE 2
NN15,ZONE 2
NN16,ZONE 2
NN17,ZONE 2
NN18,ZONE 2
NN29,ZONE 2
NP4,ZONE 5
NP7,ZONE 5
NP8,ZONE 5
NP9,ZONE 5
NP10,ZONE 5
NP11,ZONE 5
NP12,ZONE 5
NP13,ZONE 5
NP15,ZONE 5
NP16,ZONE 5
NP18,ZONE 5
NP19,ZONE 5
NP20,ZONE 5
NP22,ZONE 5
NP23,ZONE 5
NP24,ZONE 5
NP25,ZONE 5
NP26,ZONE 5
NP44,ZONE 5
NR1,ZONE 5
NR2,ZONE 5
NR3,ZONE 5
NR4,ZONE 5
NR5,ZONE 5
NR6,ZONE 5
NR7,ZONE 5
NR8,ZONE 5
NR9,ZONE 5
NR10,ZONE 5
NR11,ZONE 5
NR12,ZONE 5
NR13,ZONE 5
NR14,ZONE 5
NR15,ZONE 5
NR16,ZONE 5
NR17,ZONE 5
NR18,ZONE 5
NR19,ZONE 5
NR20,ZONE 5
NR21,ZONE 5
NR22,ZONE 5
NR23,ZONE 5
NR24,ZONE 5
NR25,ZONE 5
NR26,ZONE 5
NR27,ZONE 5
NR28,ZONE 5
NR29,ZONE 5
NR30,ZONE 5
NR31,ZONE 5
NR32,ZONE 5
NR33,ZONE 5
NR34,ZONE 5
NR35,ZONE 5
NR99,ZONE 5
NW1,ZONE 3
NW2,ZONE 3
NW3,ZONE 3
NW4,ZONE 3
NW5,ZONE 3
NW6,ZONE 3
NW7,ZONE 3
NW8,ZONE 3
NW9,ZONE 3
NW10,ZONE 3
NW11,ZONE 3
NW1W,ZONE 3
OL1,ZONE 2
OL2,ZONE 2
OL3,ZONE 2
OL4,ZONE 2
OL5,ZONE 2
OL6,ZONE 2
OL7,ZONE 2
OL8,ZONE 2
OL9,ZONE 2
OL10,ZONE 2
OL11,ZONE 2
OL12,ZONE 2
OL13,ZONE 2
OL14,ZONE 2
OL15,ZONE 2
OL16,ZONE 2
OL95,ZONE 2
OX1,ZONE 5
OX2,ZONE 5
OX3,ZONE 5
OX4,ZONE 5
OX5,ZONE 5
OX7,ZONE 5
OX9,ZONE 5
OX10,ZONE 5
OX11,ZONE 5
OX12,ZONE 5
OX13,ZONE 5
OX14,ZONE 5
OX15,ZONE 5
OX16,ZONE 5
OX17,ZONE 5
OX18,ZONE 5
OX20,ZONE 5
OX25,ZONE 5
OX26,ZONE 5
OX27,ZONE 5
OX28,ZONE 5
OX29,ZONE 5
OX33,ZONE 5
OX39,ZONE 5
OX44,ZONE 5
OX49,ZONE 5
PE1,ZONE 5
PE2,ZONE 5
PE3,ZONE 5
PE4,ZONE 5
PE5,ZONE 5
PE6,ZONE 5
PE7,ZONE 5
PE8,ZONE 5
PE9,ZONE 5
PE10,ZONE 5
PE11,ZONE 5
PE12,ZONE 5
PE13,ZONE 5
PE14,ZONE 5
PE15,ZONE 5
PE16,ZONE 5
PE19,ZONE 5
PE20,ZONE 5
PE21,ZONE 5
PE22,ZONE 5
PE23,ZONE 5
PE24,ZONE 5
PE25,ZONE 5
PE26,ZONE 5
PE27,ZONE 5
PE28,ZONE 5
PE29,ZONE 5
PE30,ZONE 5
PE31,ZONE 5
PE32,ZONE 5
PE33,ZONE 5
PE34,ZONE 5
PE35,ZONE 5
PE36,ZONE 5
PE37,ZONE 5
PE38,ZONE 5
PE99,ZONE 5
PL1,ZONE 7
PL2,ZONE 7
PL3,ZONE 7
PL4,ZONE 7
PL5,ZONE 7
PL6,ZONE 7
PL7,ZONE 7
PL8,ZONE 7
PL9,ZONE 7
PL10,ZONE 7
PL11,ZONE 7
PL12,ZONE 7
PL13,ZONE 7
PL14,ZONE 7
PL15,ZONE 7
PL16,ZONE 7
PL17,ZONE 7
PL18,ZONE 7
PL19,ZONE 7
PL20,ZONE 7
PL21,ZONE 7
PL22,ZONE 7
PL23,ZONE 7
PL24,ZONE 7
PL25,ZONE 7
PL26,ZONE 7
PL27,ZONE 7
PL28,ZONE 7
PL29,ZONE 7
PL30,ZONE 7
PL31,ZONE 7
PL32,ZONE 7
PL33,ZONE 7
PL34,ZONE 7
PL35,ZONE 7
PL95,ZONE 7
PO1,ZONE 5
PO2,ZONE 5
PO3,ZONE 5
PO4,ZONE 5
PO5,ZONE 5
PO6,ZONE 5
PO7,ZONE 5
PO8,ZONE 5
PO9,ZONE 5
PO10,ZONE 5
PO11,ZONE 5
PO12,ZONE 5
PO13,ZONE 5
PO14,ZONE 5
PO15,ZONE 5
PO16,ZONE 5
PO17,ZONE 5
PO18,ZONE 5
PO19,ZONE 5
PO20,ZONE 5
PO21,ZONE 5
PO22,ZONE 5
PR0,ZONE 1
PR1,ZONE 1
PR2,ZONE 1
PR3,ZONE 1
PR4,ZONE 1
PR5,ZONE 1
PR6,ZONE 1
PR7,ZONE 1
PR8,ZONE 1
PR9,ZONE 1
PR11,ZONE 1
PR25,ZONE 1
PR26,ZONE 1
RG1,ZONE 5
RG2,ZONE 5
RG4,ZONE 5
RG5,ZONE 5
RG6,ZONE 5
RG7,ZONE 5
RG8,ZONE 5
RG9,ZONE 5
RG10,ZONE 5
RG12,ZONE 5
RG14,ZONE 5
RG17,ZONE 5
RG18,ZONE 5
RG19,ZONE 5
RG20,ZONE 5
RG21,ZONE 5
RG22,ZONE 5
RG23,ZONE 5
RG24,ZONE 5
RG25,ZONE 5
RG26,ZONE 5
RG27,ZONE 5
RG28,ZONE 5
RG29,ZONE 5
RG30,ZONE 5
RG31,ZONE 5
RG40,ZONE 5
RG41,ZONE 5
RG42,ZONE 5
RG45,ZONE 5
RH1,ZONE 5
RH2,ZONE 5
RH3,ZONE 5
RH4,ZONE 5
RH5,ZONE 5
RH6,ZONE 5
RH7,ZONE 5
RH8,ZONE 5
RH9,ZONE 5
RH10,ZONE 5
RH11,ZONE 5
RH12,ZONE 5
RH13,ZONE 5
RH14,ZONE 5
RH15,ZONE 5
RH16,ZONE 5
RH17,ZONE 5
RH18,ZONE 5
RH19,ZONE 5
RH20,ZONE 5
RH77,ZONE 5
RM1,ZONE 4
RM2,ZONE 4
RM3,ZONE 4
RM4,ZONE 4
RM5,ZONE 4
RM6,ZONE 4
RM7,ZONE 4
RM8,ZONE 4
RM9,ZONE 4
RM10,ZONE 4
RM11,ZONE 4
RM12,ZONE 4
RM13,ZONE 4
RM14,ZONE 4
RM15,ZONE 4
RM16,ZONE 4
RM17,ZONE 4
RM18,ZONE 4
RM19,ZONE 4
RM20,ZONE 4
RM50,ZONE 4
S1,ZONE 2
S2,ZONE 2
S3,ZONE 2
S4,ZONE 2
S5,ZONE 2
S6,ZONE 2
S7,ZONE 2
S8,ZONE 2
S9,ZONE 2
S10,ZONE 2
S11,ZONE 2
S12,ZONE 2
S13,ZONE 2
S14,ZONE 2
S17,ZONE 2
S18,ZONE 2
S20,ZONE 2
S21,ZONE 2
S25,ZONE 2
S26,ZONE 2
S32,ZONE 2
S33,ZONE 2
S35,ZONE 2
S36,ZONE 2
S40,ZONE 2
S41,ZONE 2
S42,ZONE 2
S43,ZONE 2
S44,ZONE 2
S45,ZONE 2
S49,ZONE 2
S60,ZONE 2
S61,ZONE 2
S62,ZONE 2
S63,ZONE 2
S64,ZONE 2
S65,ZONE 2
S66,ZONE 2
S70,ZONE 2
S71,ZONE 2
S72,ZONE 2
S73,ZONE 2
S74,ZONE 2
S75,ZONE 2
S80,ZONE 2
S81,ZONE 2
S96,ZONE 2
S97,ZONE 2
S98,ZONE 2
S99,ZONE 2
SA1,ZONE 7
SA2,ZONE 7
SA3,ZONE 7
SA4,ZONE 7
SA5,ZONE 7
SA6,ZONE 7
SA7,ZONE 7
SA8,ZONE 7
SA9,ZONE 7
SA10,ZONE 7
SA11,ZONE 7
SA12,ZONE 7
SA13,ZONE 7
SA14,ZONE 7
SA15,ZONE 7
SA16,ZONE 7
SA17,ZONE 7
SA18,ZONE 7
SA19,ZONE 7
SA20,ZONE 7
SA31,ZONE 7
SA32,ZONE 7
SA33,ZONE 7
SA34,ZONE 7
SA35,ZONE 7
SA36,ZONE 7
SA37,ZONE 7
SA38,ZONE 7
SA39,ZONE 7
SA40,ZONE 7
SA41,ZONE 7
SA42,ZONE 7
SA43,ZONE 7
SA44,ZONE 7
SA45,ZONE 7
SA46,ZONE 7
SA47,ZONE 7
SA48,ZONE 7
SA61,ZONE 7
SA62,ZONE 7
SA63,ZONE 7
SA64,ZONE 7
SA65,ZONE 7
SA66,ZONE 7
SA67,ZONE 7
SA68,ZONE 7
SA69,ZONE 7
SA70,ZONE 7
SA71,ZONE 7
SA72,ZONE 7
SA73,ZONE 7
SA80,ZONE 7
SA99,ZONE 7
SE1,ZONE 3
SE2,ZONE 3
SE3,ZONE 3
SE4,ZONE 3
SE5,ZONE 3
SE6,ZONE 3
SE7,ZONE 3
SE8,ZONE 3
SE9,ZONE 3
SE10,ZONE 3
SE11,ZONE 3
SE12,ZONE 3
SE13,ZONE 3
SE14,ZONE 3
SE15,ZONE 3
SE16,ZONE 3
SE17,ZONE 3
SE18,ZONE 3
SE19,ZONE 3
SE20,ZONE 3
SE21,ZONE 3
SE22,ZONE 3
SE23,ZONE 3
SE24,ZONE 3
SE25,ZONE 3
SE26,ZONE 3
SE27,ZONE 3
SE28,ZONE 3
SG1,ZONE 5
SG2,ZONE 5
SG3,ZONE 5
SG4,ZONE 5
SG5,ZONE 5
SG6,ZONE 5
SG7,ZONE 5
SG8,ZONE 5
SG9,ZONE 5
SG10,ZONE 5
SG11,ZONE 5
SG12,ZONE 5
SG13,ZONE 5
SG14,ZONE 5
SG15,ZONE 5
SG16,ZONE 5
SG17,ZONE 5
SG18,ZONE 5
SG19,ZONE 5
SK1,ZONE 2
SK2,ZONE 2
SK3,ZONE 2
SK4,ZONE 2
SK5,ZONE 2
SK6,ZONE 2
SK7,ZONE 2
SK8,ZONE 2
SK9,ZONE 2
SK10,ZONE 2
SK11,ZONE 2
SK12,ZONE 2
SK13,ZONE 2
SK14,ZONE 2
SK15,ZONE 2
SK16,ZONE 2
SK17,ZONE 2
SK22,ZONE 2
SK23,ZONE 2
SL0,ZONE 5
SL1,ZONE 5
SL2,ZONE 5
SL3,ZONE 5
SL4,ZONE 5
SL5,ZONE 5
SL6,ZONE 5
SL7,ZONE 5
SL8,ZONE 5
SL9,ZONE 5
SL95,ZONE 5
SM1,ZONE 6
SM2,ZONE 6
SM3,ZONE 6
SM4,ZONE 6
SM5,ZONE 6
SM6,ZONE 6
SM7,ZONE 6
SN1,ZONE 5
SN2,ZONE 5
SN3,ZONE 5
SN4,ZONE 5
SN5,ZONE 5
SN6,ZONE 5
SN7,ZONE 5
SN8,ZONE 5
SN9,ZONE 5
SN10,ZONE 5
SN11,ZONE 5
SN12,ZONE 5
SN13,ZONE 5
SN14,ZONE 5
SN15,ZONE 5
SN16,ZONE 5
SN25,ZONE 5
SN26,ZONE 5
SN38,ZONE 5
SN99,ZONE 5
SO14,ZONE 5
SO15,ZONE 5
SO16,ZONE 5
SO17,ZONE 5
SO18,ZONE 5
SO19,ZONE 5
SO20,ZONE 5
SO21,ZONE 5
SO22,ZONE 5
SO23,ZONE 5
SO24,ZONE 5
SO30,ZONE 5
SO31,ZONE 5
SO32,ZONE 5
SO40,ZONE 5
SO41,ZONE 5
SO42,ZONE 5
SO43,ZONE 5
SO45,ZONE 5
SO50,ZONE 5
SO51,ZONE 5
SO52,ZONE 5
SO53,ZONE 5
SO97,ZONE 5
SP1,ZONE 5
SP2,ZONE 5
SP3,ZONE 5
SP4,ZONE 5
SP5,ZONE 5
SP6,ZONE 5
SP7,ZONE 5
SP8,ZONE 5
SP9,ZONE 5
SP10,ZONE 5
SP11,ZONE 5
SR1,ZONE 5
SR2,ZONE 5
SR3,ZONE 5
SR4,ZONE 5
SR5,ZONE 5
SR6,ZONE 5
SR7,ZONE 5
SR8,ZONE 5
SR9,ZONE 5
SS0,ZONE 5
SS1,ZONE 5
SS2,ZONE 5
SS3,ZONE 5
SS4,ZONE 5
SS5,ZONE 5
SS6,ZONE 5
SS7,ZONE 5
SS8,ZONE 5
SS9,ZONE 5
SS11,ZONE 5
SS12,ZONE 5
SS13,ZONE 5
SS14,ZONE 5
SS15,ZONE 5
SS16,ZONE 5
SS17,ZONE 5
SS22,ZONE 5
SS99,ZONE 5
ST1,ZONE 2
ST2,ZONE 2
ST3,ZONE 2
ST4,ZONE 2
ST5,ZONE 2
ST6,ZONE 2
ST7,ZONE 2
ST8,ZONE 2
ST9,ZONE 2
ST10,ZONE 2
ST11,ZONE 2
ST12,ZONE 2
ST13,ZONE 2
ST14,ZONE 2
ST15,ZONE 2
ST16,ZONE 2
ST17,ZONE 2
ST18,ZONE 2
ST19,ZONE 2
ST20,ZONE 2
ST21,ZONE 2
ST55,ZONE 2
SW1A,ZONE 3
SW1E,ZONE 3
SW1H,ZONE 3
SW1P,ZONE 3
SW1V,ZONE 3
SW1W,ZONE 3
SW1X,ZONE 3
SW1Y,ZONE 3
SW2,ZONE 3
SW3,ZONE 3
SW4,ZONE 3
SW5,ZONE 3
SW6,ZONE 3
SW7,ZONE 3
SW8,ZONE 3
SW9,ZONE 3
SW10,ZONE 3
SW11,ZONE 3
SW12,ZONE 3
SW13,ZONE 3
SW14,ZONE 3
SW15,ZONE 3
SW16,ZONE 3
SW17,ZONE 3
SW18,ZONE 3
SW19,ZONE 3
SW20,ZONE 3
SW95,ZONE 3
SW99,ZONE 3
SY1,ZONE 6
SY2,ZONE 6
SY3,ZONE 6
SY4,ZONE 6
SY5,ZONE 6
SY6,ZONE 6
SY7,ZONE 6
SY8,ZONE 6
SY9,ZONE 6
SY10,ZONE 6
SY11,ZONE 6
SY12,ZONE 6
SY13,ZONE 6
SY14,ZONE 6
SY15,ZONE 6
SY16,ZONE 6
SY17,ZONE 6
SY18,ZONE 6
SY19,ZONE 6
SY20,ZONE 6
SY21,ZONE 6
SY22,ZONE 6
SY23,ZONE 6
SY24,ZONE 6
SY25,ZONE 6
SY99,ZONE 6
TA1,ZONE 6
TA2,ZONE 6
TA3,ZONE 6
TA4,ZONE 6
TA5,ZONE 6
TA6,ZONE 6
TA7,ZONE 6
TA8,ZONE 6
TA9,ZONE 6
TA10,ZONE 6
TA11,ZONE 6
TA12,ZONE 6
TA13,ZONE 6
TA14,ZONE 6
TA15,ZONE 6
TA16,ZONE 6
TA17,ZONE 6
TA18,ZONE 6
TA19,ZONE 6
TA20,ZONE 6
TA21,ZONE 6
TA22,ZONE 6
TA23,ZONE 6
TA24,ZONE 6
TF1,ZONE 2
TF2,ZONE 2
TF3,ZONE 2
TF4,ZONE 2
TF5,ZONE 2
TF6,ZONE 2
TF7,ZONE 2
TF8,ZONE 2
TF9,ZONE 2
TF10,ZONE 2
TF11,ZONE 2
TF12,ZONE 2
TF13,ZONE 2
TN1,ZONE 7
TN2,ZONE 7
TN3,ZONE 7
TN4,ZONE 7
TN5,ZONE 7
TN6,ZONE 7
TN7,ZONE 7
TN8,ZONE 6
TN9,ZONE 6
TN10,ZONE 6
TN11,ZONE 6
TN12,ZONE 6
TN13,ZONE 6
TN14,ZONE 6
TN15,ZONE 6
TN16,ZONE 6
TN17,ZONE 7
TN18,ZONE 7
TN19,ZONE 7
TN20,ZONE 7
TN21,ZONE 7
TN22,ZONE 7
TN23,ZONE 7
TN24,ZONE 7
TN25,ZONE 7
TN26,ZONE 7
TN27,ZONE 7
TN28,ZONE 7
TN29,ZONE 7
TN30,ZONE 7
TN31,ZONE 7
TN32,ZONE 7
TN33,ZONE 7
TN34,ZONE 7
TN35,ZONE 7
TN36,ZONE 7
TN37,ZONE 7
TN38,ZONE 7
TN39,ZONE 7
TN40,ZONE 7
TQ1,ZONE 7
TQ2,ZONE 7
TQ3,ZONE 7
TQ4,ZONE 7
TQ5,ZONE 7
TQ6,ZONE 7
TQ7,ZONE 7
TQ8,ZONE 7
TQ9,ZONE 7
TQ10,ZONE 7
TQ11,ZONE 7
TQ12,ZONE 7
TQ13,ZONE 7
TQ14,ZONE 7
TR1,ZONE 7
TR2,ZONE 7
TR3,ZONE 7
TR4,ZONE 7
TR5,ZONE 7
TR6,ZONE 7
TR7,ZONE 7
TR8,ZONE 7
TR9,ZONE 7
TR10,ZONE 7
TR11,ZONE 7
TR12,ZONE 7
TR13,ZONE 7
TR14,ZONE 7
TR15,ZONE 7
TR16,ZONE 7
TR17,ZONE 7
TR18,ZONE 7
TR19,ZONE 7
TR20,ZONE 7
TR21,ZONE 7
TR22,ZONE 7
TR23,ZONE 7
TR24,ZONE 7
TR25,ZONE 7
TR26,ZONE 7
TR27,ZONE 7
TR93,ZONE 7
TS1,ZONE 5
TS2,ZONE 5
TS3,ZONE 5
TS4,ZONE 5
TS5,ZONE 5
TS6,ZONE 5
TS7,ZONE 5
TS8,ZONE 5
TS9,ZONE 5
TS10,ZONE 5
TS11,ZONE 5
TS12,ZONE 5
TS13,ZONE 5
TS14,ZONE 5
TS15,ZONE 5
TS16,ZONE 5
TS17,ZONE 5
TS18,ZONE 5
TS19,ZONE 5
TS20,ZONE 5
TS21,ZONE 5
TS22,ZONE 5
TS23,ZONE 5
TS24,ZONE 5
TS25,ZONE 5
TS26,ZONE 5
TS27,ZONE 5
TS28,ZONE 5
TS29,ZONE 5
TS90,ZONE 5
TW1,ZONE 4
TW2,ZONE 4
TW3,ZONE 4
TW4,ZONE 4
TW5,ZONE 4
TW6,ZONE 4
TW7,ZONE 4
TW8,ZONE 4
TW9,ZONE 4
TW10,ZONE 4
TW11,ZONE 4
TW12,ZONE 4
TW13,ZONE 4
TW14,ZONE 4
TW15,ZONE 4
TW16,ZONE 4
TW17,ZONE 4
TW18,ZONE 4
TW19,ZONE 4
TW20,ZONE 4
UB1,ZONE 4
UB2,ZONE 4
UB3,ZONE 4
UB4,ZONE 4
UB5,ZONE 4
UB6,ZONE 4
UB7,ZONE 4
UB8,ZONE 4
UB9,ZONE 4
UB10,ZONE 4
UB11,ZONE 4
UB18,ZONE 4
W1A,ZONE 3
W1B,ZONE 3
W1C,ZONE 3
W1D,ZONE 3
W1F,ZONE 3
W1G,ZONE 3
W1H,ZONE 3
W1J,ZONE 3
W1K,ZONE 3
W1S,ZONE 3
W1T,ZONE 3
W1U,ZONE 3
W1W,ZONE 3
W2,ZONE 3
W3,ZONE 3
W4,ZONE 3
W5,ZONE 3
W6,ZONE 3
W7,ZONE 3
W8,ZONE 3
W9,ZONE 3
W10,ZONE 3
W11,ZONE 3
W12,ZONE 3
W13,ZONE 3
W14,ZONE 3
WA1,ZONE 1
WA2,ZONE 1
WA3,ZONE 1
WA4,ZONE 1
WA5,ZONE 1
WA6,ZONE 1
WA7,ZONE 1
WA8,ZONE 1
WA9,ZONE 1
WA10,ZONE 1
WA11,ZONE 1
WA12,ZONE 1
WA13,ZONE 1
WA14,ZONE 1
WA15,ZONE 1
WA16,ZONE 1
WA55,ZONE 1
WA88,ZONE 1
WC1A,ZONE 3
WC1B,ZONE 3
WC1E,ZONE 3
WC1H,ZONE 3
WC1N,ZONE 3
WC1R,ZONE 3
WC1V,ZONE 3
WC1X,ZONE 3
WC2A,ZONE 3
WC2B,ZONE 3
WC2E,ZONE 3
WC2H,ZONE 3
WC2N,ZONE 3
WC2R,ZONE 3
WD3,ZONE 4
WD4,ZONE 4
WD5,ZONE 4
WD6,ZONE 4
WD7,ZONE 4
WD17,ZONE 4
WD18,ZONE 4
WD19,ZONE 4
WD23,ZONE 4
WD24,ZONE 4
WD25,ZONE 4
WF1,ZONE 2
WF2,ZONE 2
WF3,ZONE 2
WF4,ZONE 2
WF5,ZONE 2
WF6,ZONE 2
WF7,ZONE 2
WF8,ZONE 2
WF9,ZONE 2
WF10,ZONE 2
WF11,ZONE 2
WF12,ZONE 2
WF13,ZONE 2
WF14,ZONE 2
WF15,ZONE 2
WF16,ZONE 2
WF17,ZONE 2
WN1,ZONE 1
WN2,ZONE 1
WN3,ZONE 1
WN4,ZONE 1
WN5,ZONE 1
WN6,ZONE 1
WN7,ZONE 1
WN8,ZONE 1
WR1,ZONE 2
WR2,ZONE 2
WR3,ZONE 2
WR4,ZONE 2
WR5,ZONE 2
WR6,ZONE 2
WR7,ZONE 2
WR8,ZONE 2
WR9,ZONE 2
WR10,ZONE 2
WR11,ZONE 2
WR12,ZONE 2
WR13,ZONE 2
WR14,ZONE 2
WR15,ZONE 2
WR78,ZONE 2
WR99,ZONE 2
WS1,ZONE 2
WS2,ZONE 2
WS3,ZONE 2
WS4,ZONE 2
WS5,ZONE 2
WS6,ZONE 2
WS7,ZONE 2
WS8,ZONE 2
WS9,ZONE 2
WS10,ZONE 2
WS11,ZONE 2
WS12,ZONE 2
WS13,ZONE 2
WS14,ZONE 2
WS15,ZONE 2
WV1,ZONE 2
WV2,ZONE 2
WV3,ZONE 2
WV4,ZONE 2
WV5,ZONE 2
WV6,ZONE 2
WV7,ZONE 2
WV8,ZONE 2
WV9,ZONE 2
WV10,ZONE 2
WV11,ZONE 2
WV12,ZONE 2
WV13,ZONE 2
WV14,ZONE 2
WV15,ZONE 2
WV16,ZONE 2
YO1,ZONE 6
YO7,ZONE 6
YO8,ZONE 6
YO10,ZONE 6
YO11,ZONE 6
YO12,ZONE 6
YO13,ZONE 6
YO14,ZONE 6
YO15,ZONE 6
YO16,ZONE 6
YO17,ZONE 6
YO18,ZONE 6
YO19,ZONE 6
YO21,ZONE 6
YO22,ZONE 6
YO23,ZONE 6
YO24,ZONE 6
YO25,ZONE 6
YO26,ZONE 6
YO30,ZONE 6
YO31,ZONE 6
YO32,ZONE 6
YO41,ZONE 6
YO42,ZONE 6
YO43,ZONE 6
YO51,ZONE 6
YO60,ZONE 6
YO61,ZONE 6
YO62,ZONE 6
YO90,ZONE 6
YO91,ZONE 6
YO95,ZONE 6
AB10,SCO 2
AB11,SCO 2
AB12,SCO 2
AB13,SCO 2
AB14,SCO 2
AB15,SCO 2
AB16,SCO 2
AB21,SCO 2
AB22,SCO 2
AB23,SCO 2
AB24,SCO 2
AB25,SCO 2
AB30,SCO 4
AB31,SCO 4
AB32,SCO 4
AB33,SCO 4
AB34,SCO 4
AB35,SCO 4
AB36,SCO 4
AB37,SCO 4
AB38,SCO 4
AB39,SCO 4
AB41,SCO 4
AB42,SCO 4
AB43,SCO 4
AB44,SCO 4
AB45,SCO 4
AB51,SCO 4
AB52,SCO 4
AB53,SCO 4
AB54,SCO 4
AB55,SCO 4
AB56,SCO 4
AB99,SCO 4
DD1,SCO 2
DD2,SCO 2
DD3,SCO 2
DD4,SCO 2
DD5,SCO 2
DD6,SCO 2
DD7,SCO 2
DD8,SCO 2
DD9,SCO 2
DD10,SCO 2
DD11,SCO 2
DG1,SCO 3
DG2,SCO 3
DG3,SCO 3
DG4,SCO 3
DG5,SCO 3
DG6,SCO 3
DG7,SCO 3
DG8,SCO 3
DG9,SCO 3
DG10,SCO 3
DG11,SCO 3
DG12,SCO 3
DG13,SCO 3
DG14,SCO 3
DG16,SCO 3
EH1,SCO 1
EH2,SCO 1
EH3,SCO 1
EH4,SCO 1
EH5,SCO 1
EH6,SCO 1
EH7,SCO 1
EH8,SCO 1
EH9,SCO 1
EH10,SCO 1
EH11,SCO 1
EH12,SCO 1
EH13,SCO 1
EH14,SCO 1
EH15,SCO 1
EH16,SCO 1
EH17,SCO 1
EH18,SCO 1
EH19,SCO 1
EH20,SCO 1
EH21,SCO 1
EH22,SCO 1
EH23,SCO 1
EH24,SCO 1
EH25,SCO 1
EH26,SCO 1
EH27,SCO 1
EH28,SCO 1
EH29,SCO 1
EH30,SCO 1
EH31,SCO 1
EH32,SCO 1
EH33,SCO 1
EH34,SCO 1
EH35,SCO 1
EH36,SCO 1
EH37,SCO 1
EH38,SCO 1
EH39,SCO 1
EH40,SCO 1
EH41,SCO 1
EH42,SCO 1
EH43,SCO 1
EH44,SCO 1
EH45,SCO 1
EH46,SCO 1
EH47,SCO 1
EH48,SCO 1
EH49,SCO 1
EH51,SCO 1
EH52,SCO 1
EH53,SCO 1
EH54,SCO 1
EH55,SCO 1
EH91,SCO 1
EH95,SCO 1
EH99,SCO 1
FK1,SCO 1
FK2,SCO 1
FK3,SCO 1
FK4,SCO 1
FK5,SCO 1
FK6,SCO 1
FK7,SCO 1
FK8,SCO 1
FK9,SCO 1
FK10,SCO 1
FK11,SCO 1
FK12,SCO 1
FK13,SCO 1
FK14,SCO 1
FK15,SCO 1
FK16,SCO 1
FK17,SCO 1
FK18,SCO 1
FK19,SCO 1
FK20,SCO 1
FK21,SCO 1
G1,SCO 1
G2,SCO 1
G3,SCO 1
G4,SCO 1
G5,SCO 1
G9,SCO 1
G11,SCO 1
G12,SCO 1
G13,SCO 1
G14,SCO 1
G15,SCO 1
G20,SCO 1
G21,SCO 1
G22,SCO 1
G23,SCO 1
G31,SCO 1
G32,SCO 1
G33,SCO 1
G34,SCO 1
G40,SCO 1
G41,SCO 1
G42,SCO 1
G43,SCO 1
G44,SCO 1
G45,SCO 1
G46,SCO 1
G51,SCO 1
G52,SCO 1
G53,SCO 1
G58,SCO 1
G60,SCO 1
G61,SCO 1
G62,SCO 1
G63,SCO 1
G64,SCO 1
G65,SCO 1
G66,SCO 1
G67,SCO 1
G68,SCO 1
G69,SCO 1
G70,SCO 1
G71,SCO 1
G72,SCO 1
G73,SCO 1
G74,SCO 1
G75,SCO 1
G76,SCO 1
G77,SCO 1
G78,SCO 1
G79,SCO 1
G81,SCO 1
G82,SCO 1
G83,SCO 1
G84,SCO 1
G90,SCO 1
HS1,SCO 5
HS2,SCO 5
HS3,SCO 5
HS4,SCO 5
HS5,SCO 5
HS6,SCO 5
HS7,SCO 5
HS8,SCO 5
HS9,SCO 5
IV1,SCO 2
IV2,SCO 2
IV3,SCO 2
IV4,SCO 4
IV5,SCO 4
IV6,SCO 4
IV7,SCO 4
IV8,SCO 4
IV9,SCO 4
IV10,SCO 4
IV11,SCO 4
IV12,SCO 4
IV13,SCO 4
IV14,SCO 4
IV15,SCO 4
IV16,SCO 4
IV17,SCO 4
IV18,SCO 4
IV19,SCO 4
IV20,SCO 4
IV21,SCO 4
IV22,SCO 4
IV23,SCO 4
IV24,SCO 4
IV25,SCO 4
IV26,SCO 4
IV27,SCO 4
IV28,SCO 4
IV30,SCO 4
IV31,SCO 4
IV32,SCO 4
IV36,SCO 4
IV40,SCO 4
IV41,SCO 5
IV42,SCO 5
IV43,SCO 5
IV44,SCO 5
IV45,SCO 5
IV46,SCO 5
IV47,SCO 5
IV48,SCO 5
IV49,SCO 5
IV51,SCO 5
IV52,SCO 4
IV53,SCO 4
IV54,SCO 4
IV55,SCO 5
IV56,SCO 5
IV63,SCO 4
IV99,SCO 2
KA1,SCO 1
KA2,SCO 1
KA3,SCO 1
KA4,SCO 1
KA5,SCO 1
KA6,SCO 1
KA7,SCO 1
KA8,SCO 1
KA9,SCO 1
KA10,SCO 1
KA11,SCO 1
KA12,SCO 1
KA13,SCO 1
KA14,SCO 1
KA15,SCO 1
KA16,SCO 1
KA17,SCO 1
KA18,SCO 1
KA19,SCO 1
KA20,SCO 1
KA21,SCO 1
KA22,SCO 1
KA23,SCO 1
KA24,SCO 1
KA25,SCO 1
KA26,SCO 1
KA27,SCO 5
KA28,SCO 5
KA29,SCO 1
KA30,SCO 1
KW1,SCO 4
KW2,SCO 4
KW3,SCO 4
KW5,SCO 4
KW6,SCO 4
KW7,SCO 4
KW8,SCO 4
KW9,SCO 4
KW10,SCO 4
KW11,SCO 4
KW12,SCO 4
KW13,SCO 4
KW14,SCO 4
KW15,SCO 5
KW16,SCO 5
KW17,SCO 5
KY1,SCO 1
KY2,SCO 1
KY3,SCO 1
KY4,SCO 1
KY5,SCO 1
KY6,SCO 1
KY7,SCO 1
KY8,SCO 1
KY9,SCO 1
KY10,SCO 1
KY11,SCO 1
KY12,SCO 1
KY13,SCO 1
KY14,SCO 1
KY15,SCO 1
KY16,SCO 1
KY99,SCO 1
ML1,SCO 1
ML2,SCO 1
ML3,SCO 1
ML4,SCO 1
ML5,SCO 1
ML6,SCO 1
ML7,SCO 1
ML8,SCO 1
ML9,SCO 1
ML10,SCO 1
ML11,SCO 1
ML12,SCO 1
PA1,SCO 1
PA2,SCO 1
PA3,SCO 1
PA4,SCO 1
PA5,SCO 1
PA6,SCO 1
PA7,SCO 1
PA8,SCO 1
PA9,SCO 1
PA10,SCO 1
PA11,SCO 1
PA12,SCO 1
PA13,SCO 1
PA14,SCO 1
PA15,SCO 1
PA16,SCO 1
PA17,SCO 1
PA18,SCO 1
PA19,SCO 1
PA20,SCO 5
PA21,SCO 4
PA22,SCO 4
PA23,SCO 4
PA24,SCO 4
PA25,SCO 4
PA26,SCO 4
PA27,SCO 4
PA28,SCO 4
PA29,SCO 4
PA30,SCO 4
PA31,SCO 4
PA32,SCO 4
PA33,SCO 4
PA34,SCO 4
PA35,SCO 4
PA36,SCO 4
PA37,SCO 4
PA38,SCO 4
PA41,SCO 5
PA42,SCO 5
PA43,SCO 5
PA44,SCO 5
PA45,SCO 5
PA46,SCO 5
PA47,SCO 5
PA48,SCO 5
PA49,SCO 5
PA60,SCO 5
PA61,SCO 5
PA62,SCO 5
PA63,SCO 5
PA64,SCO 5
PA65,SCO 5
PA66,SCO 5
PA67,SCO 5
PA68,SCO 5
PA69,SCO 5
PA70,SCO 5
PA71,SCO 5
PA72,SCO 5
PA73,SCO 5
PA74,SCO 5
PA75,SCO 5
PA76,SCO 5
PA77,SCO 5
PA78,SCO 5
PH1,SCO 1
PH2,SCO 1
PH3,SCO 1
PH4,SCO 1
PH5,SCO 1
PH6,SCO 1
PH7,SCO 1
PH8,SCO 1
PH9,SCO 1
PH10,SCO 1
PH11,SCO 1
PH12,SCO 1
PH13,SCO 1
PH14,SCO 1
PH15,SCO 1
PH16,SCO 1
PH17,SCO 1
PH18,SCO 1
PH19,SCO 4
PH20,SCO 4
PH21,SCO 4
PH22,SCO 4
PH23,SCO 4
PH24,SCO 4
PH25,SCO 4
PH26,SCO 4
PH30,SCO 4
PH31,SCO 4
PH32,SCO 4
PH33,SCO 4
PH34,SCO 4
PH35,SCO 4
PH36,SCO 4
PH37,SCO 4
PH38,SCO 4
PH39,SCO 4
PH40,SCO 4
PH41,SCO 4
PH42,SCO 5
PH43,SCO 5
PH44,SCO 5
PH49,SCO 4
PH50,SCO 4
TD1,SCO 3
TD2,SCO 3
TD3,SCO 3
TD4,SCO 3
TD5,SCO 3
TD6,SCO 3
TD7,SCO 3
TD8,SCO 3
TD9,SCO 3
TD10,SCO 3
TD11,SCO 3
TD12,SCO 3
TD13,SCO 3
TD14,SCO 3
TD15,SCO 3
ZE1,SCO 5
ZE2,SCO 5
ZE3,SCO 5
