AL1,ZONE 1
AL2,ZONE 1
AL3,ZONE 1
AL4,ZONE 1
AL5,ZONE 1
AL6,ZONE 1
AL7,ZONE 1
AL8,ZONE 1
AL9,ZONE 1
AL10,ZONE 1
B1,BIRMINGHAM
B2,BIRMINGHAM
B3,BIRMINGHAM
B4,BIRMINGHAM
B5,BIRMINGHAM
B6,BIRMINGHAM
B7,BIRMINGHAM
B8,BIRMINGHAM
B9,BIRMINGHAM
B10,BIRMINGHAM
B11,BIRMINGHAM
B12,BIRMINGHAM
B13,BIRMINGHAM
B14,BIRMINGHAM
B15,BIRMINGHAM
B16,BIRMINGHAM
B17,BIRMINGHAM
B18,BIRMINGHAM
B19,BIRMINGHAM
B20,BIRMINGHAM
B21,BIRMINGHAM
B23,BIRMINGHAM
B24,BIRMINGHAM
B25,BIRMINGHAM
B26,BIRMINGHAM
B27,BIRMINGHAM
B28,BIRMINGHAM
B29,BIRMINGHAM
B30,BIRMINGHAM
B31,BIRMINGHAM
B32,BIRMINGHAM
B33,BIRMINGHAM
B34,BIRMINGHAM
B35,BIRMINGHAM
B36,BIRMINGHAM
B37,BIRMINGHAM
B38,BIRMINGHAM
B40,BIRMINGHAM
B42,BIRMINGHAM
B43,BIRMINGHAM
B44,BIRMINGHAM
B45,BIRMINGHAM
B46,BIRMINGHAM
B47,BIRMINGHAM
B48,BIRMINGHAM
B49,BIRMINGHAM
B50,BIRMINGHAM
B60,BIRMINGHAM
B61,BIRMINGHAM
B62,BIRMINGHAM
B63,BIRMINGHAM
B64,BIRMINGHAM
B65,BIRMINGHAM
B66,BIRMINGHAM
B67,BIRMINGHAM
B68,BIRMINGHAM
B69,BIRMINGHAM
B70,BIRMINGHAM
B71,BIRMINGHAM
B72,BIRMINGHAM
B73,BIRMINGHAM
B74,BIRMINGHAM
B75,BIRMINGHAM
B76,BIRMINGHAM
B77,BIRMINGHAM
B78,BIRMINGHAM
B79,BIRMINGHAM
B80,BIRMINGHAM
B90,BIRMINGHAM
B91,BIRMINGHAM
B92,BIRMINGHAM
B93,BIRMINGHAM
B94,BIRMINGHAM
B95,BIRMINGHAM
B96,BIRMINGHAM
B97,BIRMINGHAM
B98,BIRMINGHAM
B99,BIRMINGHAM
BA1,ZONE 5
BA2,ZONE 5
BA3,ZONE 5
BA4,ZONE 5
BA5,ZONE 5
BA6,ZONE 5
BA7,ZONE 5
BA8,ZONE 5
BA9,ZONE 5
BA10,ZONE 5
BA11,ZONE 5
BA12,ZONE 5
BA13,ZONE 5
BA14,ZONE 5
BA15,ZONE 5
BA16,ZONE 5
BA20,ZONE 5
BA21,ZONE 5
BA22,ZONE 5
BB1,LOCAL
BB2,LOCAL
BB3,LOCAL
BB4,LOCAL
BB5,LOCAL
BB6,LOCAL
BB7,LOCAL
BB8,LOCAL
BB9,LOCAL
BB10,LOCAL
BB11,LOCAL
BB12,LOCAL
BB18,LOCAL
BB94,LOCAL
BD1,MIDLANDS
BD2,MIDLANDS
BD3,MIDLANDS
BD4,MIDLANDS
BD5,MIDLANDS
BD6,MIDLANDS
BD7,MIDLANDS
BD8,MIDLANDS
BD9,MIDLANDS
BD10,MIDLANDS
BD11,MIDLANDS
BD12,MIDLANDS
BD13,MIDLANDS
BD14,MIDLANDS
BD15,MIDLANDS
BD16,MIDLANDS
BD17,MIDLANDS
BD18,MIDLANDS
BD19,MIDLANDS
BD20,MIDLANDS
BD21,MIDLANDS
BD22,MIDLANDS
BD23,MIDLANDS
BD24,MIDLANDS
BD97,MIDLANDS
BD98,MIDLANDS
BD99,MIDLANDS
BH1,ZONE 5
BH2,ZONE 5
BH3,ZONE 5
BH4,ZONE 5
BH5,ZONE 5
BH6,ZONE 5
BH7,ZONE 5
BH8,ZONE 5
BH9,ZONE 5
BH10,ZONE 5
BH11,ZONE 5
BH12,ZONE 5
BH13,ZONE 5
BH14,ZONE 5
BH15,ZONE 5
BH16,ZONE 5
BH17,ZONE 5
BH18,ZONE 5
BH19,ZONE 5
BH20,ZONE 5
BH21,ZONE 5
BH22,ZONE 5
BH23,ZONE 5
BH24,ZONE 5
BH25,ZONE 5
BH31,ZONE 5
BL0,LOCAL
BL1,LOCAL
BL2,LOCAL
BL3,LOCAL
BL4,LOCAL
BL5,LOCAL
BL6,LOCAL
BL7,LOCAL
BL8,LOCAL
BL9,LOCAL
BL11,LOCAL
BL78,LOCAL
BN1,ZONE 5
BN2,ZONE 5
BN3,ZONE 5
BN5,ZONE 5
BN6,ZONE 5
BN7,ZONE 5
BN8,ZONE 5
BN9,ZONE 5
BN10,ZONE 5
BN11,ZONE 5
BN12,ZONE 5
BN13,ZONE 5
BN14,ZONE 5
BN15,ZONE 5
BN16,ZONE 5
BN17,ZONE 5
BN18,ZONE 5
BN20,ZONE 5
BN21,ZONE 5
BN22,ZONE 5
BN23,ZONE 5
BN24,ZONE 5
BN25,ZONE 5
BN26,ZONE 5
BN27,ZONE 5
BN41,ZONE 5
BN42,ZONE 5
BN43,ZONE 5
BN44,ZONE 5
BN45,ZONE 5
BN50,ZONE 5
BN51,ZONE 5
BN52,ZONE 5
BN88,ZONE 5
BN99,ZONE 5
BR1,ZONE 4
BR2,ZONE 4
BR3,ZONE 4
BR4,ZONE 4
BR5,ZONE 4
BR6,ZONE 4
BR7,ZONE 4
BR8,ZONE 4
BS0,ZONE 1
BS1,ZONE 1
BS2,ZONE 1
BS3,ZONE 1
BS4,ZONE 1
BS5,ZONE 1
BS6,ZONE 1
BS7,ZONE 1
BS8,ZONE 1
BS9,ZONE 1
BS10,ZONE 1
BS11,ZONE 1
BS13,ZONE 1
BS14,ZONE 1
BS15,ZONE 1
BS16,ZONE 1
BS20,ZONE 1
BS21,ZONE 1
BS22,ZONE 1
BS23,ZONE 1
BS24,ZONE 1
BS25,ZONE 1
BS26,ZONE 1
BS27,ZONE 1
BS28,ZONE 1
BS29,ZONE 1
BS30,ZONE 1
BS31,ZONE 1
BS32,ZONE 1
BS34,ZONE 1
BS35,ZONE 1
BS36,ZONE 1
BS37,ZONE 1
BS39,ZONE 1
BS40,ZONE 1
BS41,ZONE 1
BS48,ZONE 1
BS49,ZONE 1
BS80,ZONE 1
BS98,ZONE 1
BS99,ZONE 1
CA1,ZONE 8
CA2,ZONE 8
CA3,ZONE 8
CA4,ZONE 8
CA5,ZONE 8
CA6,ZONE 8
CA7,ZONE 8
CA8,ZONE 8
CA9,ZONE 8
CA10,ZONE 8
CA11,ZONE 8
CA12,ZONE 8
CA13,ZONE 8
CA14,ZONE 8
CA15,ZONE 8
CA16,ZONE 8
CA17,ZONE 8
CA18,ZONE 8
CA19,ZONE 8
CA20,ZONE 8
CA21,ZONE 8
CA22,ZONE 8
CA23,ZONE 8
CA24,ZONE 8
CA25,ZONE 8
CA26,ZONE 8
CA27,ZONE 8
CA28,ZONE 8
CA95,ZONE 8
CA99,ZONE 8
CB1,ZONE 1
CB2,ZONE 1
CB3,ZONE 1
CB4,ZONE 1
CB5,ZONE 1
CB6,ZONE 1
CB7,ZONE 1
CB8,ZONE 1
CB9,ZONE 1
CB10,ZONE 1
CB11,ZONE 1
CB21,ZONE 1
CB22,ZONE 1
CB23,ZONE 1
CB24,ZONE 1
CB25,ZONE 1
CF3,ZONE 6
CF5,ZONE 6
CF10,ZONE 6
CF11,ZONE 6
CF14,ZONE 6
CF15,ZONE 6
CF23,ZONE 6
CF24,ZONE 6
CF31,ZONE 6
CF32,ZONE 6
CF33,ZONE 6
CF34,ZONE 6
CF35,ZONE 6
CF36,ZONE 6
CF37,ZONE 6
CF38,ZONE 6
CF39,ZONE 6
CF40,ZONE 6
CF41,ZONE 6
CF42,ZONE 6
CF43,ZONE 6
CF44,ZONE 6
CF45,ZONE 6
CF46,ZONE 6
CF47,ZONE 6
CF48,ZONE 6
CF61,ZONE 6
CF62,ZONE 6
CF63,ZONE 6
CF64,ZONE 6
CF71,ZONE 6
CF72,ZONE 6
CF81,ZONE 6
CF82,ZONE 6
CF83,ZONE 6
CF91,ZONE 6
CF95,ZONE 6
CF99,ZONE 6
CH1,LOCAL
CH2,LOCAL
CH3,LOCAL
CH4,LOCAL
CH5,LOCAL
CH6,LOCAL
CH7,LOCAL
CH8,LOCAL
CH25,LOCAL
CH26,LOCAL
CH27,LOCAL
CH28,LOCAL
CH29,LOCAL
CH30,LOCAL
CH31,LOCAL
CH32,LOCAL
CH33,LOCAL
CH34,LOCAL
CH41,LOCAL
CH42,LOCAL
CH43,LOCAL
CH44,LOCAL
CH45,LOCAL
CH46,LOCAL
CH47,LOCAL
CH48,LOCAL
CH49,LOCAL
CH60,LOCAL
CH61,LOCAL
CH62,LOCAL
CH63,LOCAL
CH64,LOCAL
CH65,LOCAL
CH66,LOCAL
CH70,LOCAL
CH88,LOCAL
CH99,LOCAL
CM0,ZONE 5
CM1,ZONE 5
CM2,ZONE 5
CM3,ZONE 5
CM4,ZONE 5
CM5,ZONE 5
CM6,ZONE 5
CM7,ZONE 5
CM8,ZONE 5
CM9,ZONE 5
CM11,ZONE 5
CM12,ZONE 5
CM13,ZONE 5
CM14,ZONE 5
CM15,ZONE 5
CM16,ZONE 5
CM17,ZONE 5
CM18,ZONE 5
CM19,ZONE 5
CM20,ZONE 5
CM21,ZONE 5
CM22,ZONE 5
CM23,ZONE 5
CM24,ZONE 5
CM77,ZONE 5
CM98,ZONE 5
CM99,ZONE 5
CO1,ZONE 5
CO2,ZONE 5
CO3,ZONE 5
CO4,ZONE 5
CO5,ZONE 5
CO6,ZONE 5
CO7,ZONE 5
CO8,ZONE 5
CO9,ZONE 5
CO10,ZONE 5
CO11,ZONE 5
CO12,ZONE 5
CO13,ZONE 5
CO14,ZONE 5
CO15,ZONE 5
CO16,ZONE 5
CR0,ZONE 4
CR2,ZONE 4
CR3,ZONE 4
CR4,ZONE 4
CR5,ZONE 4
CR6,ZONE 4
CR7,ZONE 4
CR8,ZONE 4
CR9,ZONE 4
CR44,ZONE 4
CT1,ZONE 6
CT2,ZONE 6
CT3,ZONE 6
CT4,ZONE 6
CT5,ZONE 6
CT6,ZONE 6
CT7,ZONE 6
CT8,ZONE 6
CT9,ZONE 6
CT10,ZONE 6
CT11,ZONE 6
CT12,ZONE 6
CT13,ZONE 6
CT14,ZONE 6
CT15,ZONE 6
CT16,ZONE 6
CT17,ZONE 6
CT18,ZONE 6
CT19,ZONE 6
CT20,ZONE 6
CT21,ZONE 6
CT50,ZONE 6
CV1,MIDLANDS
CV2,MIDLANDS
CV3,MIDLANDS
CV4,MIDLANDS
CV5,MIDLANDS
CV6,MIDLANDS
CV7,MIDLANDS
CV8,MIDLANDS
CV9,MIDLANDS
CV10,MIDLANDS
CV11,MIDLANDS
CV12,MIDLANDS
CV13,MIDLANDS
CV21,MIDLANDS
CV22,MIDLANDS
CV23,MIDLANDS
CV31,MIDLANDS
CV32,MIDLANDS
CV33,MIDLANDS
CV34,MIDLANDS
CV35,MIDLANDS
CV36,MIDLANDS
CV37,MIDLANDS
CV47,MIDLANDS
CW1,LOCAL
CW2,LOCAL
CW3,LOCAL
CW4,LOCAL
CW5,LOCAL
CW6,LOCAL
CW7,LOCAL
CW8,LOCAL
CW9,LOCAL
CW10,LOCAL
CW11,LOCAL
CW12,LOCAL
CW98,LOCAL
DA1,ZONE 4
DA2,ZONE 4
DA3,ZONE 4
DA4,ZONE 4
DA5,ZONE 4
DA6,ZONE 4
DA7,ZONE 4
DA8,ZONE 4
DA9,ZONE 4
DA10,ZONE 4
DA11,ZONE 4
DA12,ZONE 4
DA13,ZONE 4
DA14,ZONE 4
DA15,ZONE 4
DA16,ZONE 4
DA17,ZONE 4
DA18,ZONE 4
DE1,NOTTINGHAM
DE3,NOTTINGHAM
DE4,NOTTINGHAM
DE5,NOTTINGHAM
DE6,NOTTINGHAM
DE7,NOTTINGHAM
DE11,NOTTINGHAM
DE12,NOTTINGHAM
DE13,NOTTINGHAM
DE14,NOTTINGHAM
DE15,NOTTINGHAM
DE21,NOTTINGHAM
DE22,NOTTINGHAM
DE23,NOTTINGHAM
DE24,NOTTINGHAM
DE45,NOTTINGHAM
DE55,NOTTINGHAM
DE56,NOTTINGHAM
DE65,NOTTINGHAM
DE72,NOTTINGHAM
DE73,NOTTINGHAM
DE74,NOTTINGHAM
DE75,NOTTINGHAM
DE99,NOTTINGHAM
DH1,ZONE 5
DH2,ZONE 5
DH3,ZONE 5
DH4,ZONE 5
DH5,ZONE 5
DH6,ZONE 5
DH7,ZONE 5
DH8,ZONE 5
DH9,ZONE 5
DH97,ZONE 5
DH98,ZONE 5
DH99,ZONE 5
DL1,ZONE 5
DL2,ZONE 5
DL3,ZONE 5
DL4,ZONE 5
DL5,ZONE 5
DL6,ZONE 5
DL7,ZONE 5
DL8,ZONE 5
DL9,ZONE 5
DL10,ZONE 5
DL11,ZONE 5
DL12,ZONE 5
DL13,ZONE 5
DL14,ZONE 5
DL15,ZONE 5
DL16,ZONE 5
DL17,ZONE 5
DN1,MIDLANDS
DN2,MIDLANDS
DN3,MIDLANDS
DN4,MIDLANDS
DN5,MIDLANDS
DN6,MIDLANDS
DN7,MIDLANDS
DN8,MIDLANDS
DN9,MIDLANDS
DN10,MIDLANDS
DN11,MIDLANDS
DN12,MIDLANDS
DN14,MIDLANDS
DN15,MIDLANDS
DN16,MIDLANDS
DN17,MIDLANDS
DN18,MIDLANDS
DN19,MIDLANDS
DN20,MIDLANDS
DN21,MIDLANDS
DN22,MIDLANDS
DN31,MIDLANDS
DN32,MIDLANDS
DN33,MIDLANDS
DN34,MIDLANDS
DN35,MIDLANDS
DN36,MIDLANDS
DN37,MIDLANDS
DN38,MIDLANDS
DN39,MIDLANDS
DN40,MIDLANDS
DN41,MIDLANDS
DN55,MIDLANDS
DT1,ZONE 8
DT2,ZONE 8
DT3,ZONE 8
DT4,ZONE 8
DT5,ZONE 8
DT6,ZONE 8
DT7,ZONE 8
DT8,ZONE 8
DT9,ZONE 8
DT10,ZONE 8
DT11,ZONE 8
DY1,MIDLANDS
DY2,MIDLANDS
DY3,MIDLANDS
DY4,MIDLANDS
DY5,MIDLANDS
DY6,MIDLANDS
DY7,MIDLANDS
DY8,MIDLANDS
DY9,MIDLANDS
DY10,MIDLANDS
DY11,MIDLANDS
DY12,MIDLANDS
DY13,MIDLANDS
DY14,MIDLANDS
E10,ZONE 3
E20,ZONE 3
E1,ZONE 3
E11,ZONE 3
E12,ZONE 3
E2,ZONE 3
E13,ZONE 3
E3,ZONE 3
E14,ZONE 3
E4,ZONE 3
E15,ZONE 3
E5,ZONE 3
E16,ZONE 3
E6,ZONE 3
E17,ZONE 3
E7,ZONE 3
E77,ZONE 3
E18,ZONE 3
E8,ZONE 3
E98,ZONE 3
E9,ZONE 3
E1W,ZONE 3
EC1A,ZONE 3
EC1M,ZONE 3
EC1N,ZONE 3
EC1P,ZONE 3
EC1R,ZONE 3
EC1V,ZONE 3
EC1Y,ZONE 3
EC2A,ZONE 3
EC2M,ZONE 3
EC2N,ZONE 3
EC2P,ZONE 3
EC2R,ZONE 3
EC2V,ZONE 3
EC2Y,ZONE 3
EC3A,ZONE 3
EC3M,ZONE 3
EC3N,ZONE 3
EC3P,ZONE 3
EC3R,ZONE 3
EC3V,ZONE 3
EC4A,ZONE 3
EC4M,ZONE 3
EC4N,ZONE 3
EC4P,ZONE 3
EC4R,ZONE 3
EC4V,ZONE 3
EC4Y,ZONE 3
EC50,ZONE 3
EN1,ZONE 4
EN2,ZONE 4
EN3,ZONE 4
EN4,ZONE 4
EN5,ZONE 4
EN6,ZONE 4
EN7,ZONE 4
EN8,ZONE 4
EN9,ZONE 4
EN10,ZONE 4
EN11,ZONE 4
EX1,ZONE 8
EX2,ZONE 8
EX3,ZONE 8
EX4,ZONE 8
EX5,ZONE 8
EX6,ZONE 8
EX7,ZONE 8
EX8,ZONE 8
EX9,ZONE 8
EX10,ZONE 8
EX11,ZONE 8
EX12,ZONE 8
EX13,ZONE 8
EX14,ZONE 8
EX15,ZONE 8
EX16,ZONE 8
EX17,ZONE 8
EX18,ZONE 6
EX19,ZONE 6
EX20,ZONE 6
EX21,ZONE 6
EX22,ZONE 6
EX23,ZONE 6
EX24,ZONE 8
EX31,ZONE 6
EX32,ZONE 6
EX33,ZONE 6
EX34,ZONE 6
EX35,ZONE 6
EX36,ZONE 6
EX37,ZONE 6
EX38,ZONE 6
EX39,ZONE 6
FY0,ZONE 5
FY1,ZONE 5
FY2,ZONE 5
FY3,ZONE 5
FY4,ZONE 5
FY5,ZONE 5
FY6,ZONE 5
FY7,ZONE 5
FY8,ZONE 5
GL1,ZONE 1
GL2,ZONE 1
GL3,ZONE 1
GL4,ZONE 1
GL5,ZONE 1
GL6,ZONE 1
GL7,ZONE 1
GL8,ZONE 1
GL9,ZONE 1
GL10,ZONE 1
GL11,ZONE 1
GL12,ZONE 1
GL13,ZONE 1
GL14,ZONE 1
GL15,ZONE 1
GL16,ZONE 1
GL17,ZONE 1
GL18,ZONE 1
GL19,ZONE 1
GL20,ZONE 1
GL50,ZONE 1
GL51,ZONE 1
GL52,ZONE 1
GL53,ZONE 1
GL54,ZONE 1
GL55,ZONE 1
GL56,ZONE 1
GU1,ZONE 2
GU2,ZONE 2
GU3,ZONE 2
GU4,ZONE 2
GU5,ZONE 2
GU6,ZONE 2
GU7,ZONE 2
GU8,ZONE 2
GU9,ZONE 2
GU10,ZONE 2
GU11,ZONE 2
GU12,ZONE 2
GU14,ZONE 2
GU15,ZONE 2
GU16,ZONE 2
GU17,ZONE 2
GU18,ZONE 2
GU19,ZONE 2
GU20,ZONE 2
GU21,ZONE 2
GU22,ZONE 2
GU23,ZONE 2
GU24,ZONE 2
GU25,ZONE 2
GU26,ZONE 2
GU27,ZONE 2
GU28,ZONE 2
GU29,ZONE 2
GU30,ZONE 2
GU31,ZONE 2
GU32,ZONE 2
GU33,ZONE 2
GU34,ZONE 2
GU35,ZONE 2
GU46,ZONE 2
GU47,ZONE 2
GU51,ZONE 2
GU52,ZONE 2
GU95,ZONE 2
HA0,ZONE 4
HA1,ZONE 4
HA2,ZONE 4
HA3,ZONE 4
HA4,ZONE 4
HA5,ZONE 4
HA6,ZONE 4
HA7,ZONE 4
HA8,ZONE 4
HA9,ZONE 4
HD1,MIDLANDS
HD2,MIDLANDS
HD3,MIDLANDS
HD4,MIDLANDS
HD5,MIDLANDS
HD6,MIDLANDS
HD7,MIDLANDS
HD8,MIDLANDS
HD9,MIDLANDS
HG1,MIDLANDS
HG2,MIDLANDS
HG3,MIDLANDS
HG4,MIDLANDS
HG5,MIDLANDS
HP1,ZONE 1
HP2,ZONE 1
HP3,ZONE 1
HP4,ZONE 1
HP5,ZONE 1
HP6,ZONE 1
HP7,ZONE 1
HP8,ZONE 1
HP9,ZONE 1
HP10,ZONE 1
HP11,ZONE 1
HP12,ZONE 1
HP13,ZONE 1
HP14,ZONE 1
HP15,ZONE 1
HP16,ZONE 1
HP17,ZONE 1
HP18,ZONE 1
HP19,ZONE 1
HP20,ZONE 1
HP21,ZONE 1
HP22,ZONE 1
HP23,ZONE 1
HP27,ZONE 1
HR1,ZONE 5
HR2,ZONE 5
HR3,ZONE 5
HR4,ZONE 5
HR5,ZONE 5
HR6,ZONE 5
HR7,ZONE 5
HR8,ZONE 5
HR9,ZONE 5
HU1,ZONE 5
HU2,ZONE 5
HU3,ZONE 5
HU4,ZONE 5
HU5,ZONE 5
HU6,ZONE 5
HU7,ZONE 5
HU8,ZONE 5
HU9,ZONE 5
HU10,ZONE 5
HU11,ZONE 5
HU12,ZONE 5
HU13,ZONE 5
HU14,ZONE 5
HU15,ZONE 5
HU16,ZONE 5
HU17,ZONE 5
HU18,ZONE 5
HU19,ZONE 5
HU20,ZONE 5
HX1,MIDLANDS
HX2,MIDLANDS
HX3,MIDLANDS
HX4,MIDLANDS
HX5,MIDLANDS
HX6,MIDLANDS
HX7,MIDLANDS
IG1,ZONE 4
IG2,ZONE 4
IG3,ZONE 4
IG4,ZONE 4
IG5,ZONE 4
IG6,ZONE 4
IG7,ZONE 4
IG8,ZONE 4
IG9,ZONE 4
IG10,ZONE 4
IG11,ZONE 4
IP1,ZONE 5
IP2,ZONE 5
IP3,ZONE 5
IP4,ZONE 5
IP5,ZONE 5
IP6,ZONE 5
IP7,ZONE 5
IP8,ZONE 5
IP9,ZONE 5
IP10,ZONE 5
IP11,ZONE 5
IP12,ZONE 5
IP13,ZONE 5
IP14,ZONE 5
IP15,ZONE 5
IP16,ZONE 5
IP17,ZONE 5
IP18,ZONE 5
IP19,ZONE 5
IP20,ZONE 5
IP21,ZONE 5
IP22,ZONE 5
IP23,ZONE 5
IP24,ZONE 5
IP25,ZONE 5
IP26,ZONE 5
IP27,ZONE 5
IP28,ZONE 5
IP29,ZONE 5
IP30,ZONE 5
IP31,ZONE 5
IP32,ZONE 5
IP33,ZONE 5
IP98,ZONE 5
KT1,ZONE 4
KT2,ZONE 4
KT3,ZONE 4
KT4,ZONE 4
KT5,ZONE 4
KT6,ZONE 4
KT7,ZONE 4
KT8,ZONE 4
KT9,ZONE 4
KT10,ZONE 4
KT11,ZONE 4
KT12,ZONE 4
KT13,ZONE 4
KT14,ZONE 4
KT15,ZONE 4
KT16,ZONE 4
KT17,ZONE 4
KT18,ZONE 4
KT19,ZONE 4
KT20,ZONE 4
KT21,ZONE 4
KT22,ZONE 4
KT23,ZONE 4
KT24,ZONE 4
L1,LOCAL
L2,LOCAL
L3,LOCAL
L4,LOCAL
L5,LOCAL
L6,LOCAL
L7,LOCAL
L8,LOCAL
L9,LOCAL
L10,LOCAL
L11,LOCAL
L12,LOCAL
L13,LOCAL
L14,LOCAL
L15,LOCAL
L16,LOCAL
L17,LOCAL
L18,LOCAL
L19,LOCAL
L20,LOCAL
L21,LOCAL
L22,LOCAL
L23,LOCAL
L24,LOCAL
L25,LOCAL
L26,LOCAL
L27,LOCAL
L28,LOCAL
L29,LOCAL
L30,LOCAL
L31,LOCAL
L32,LOCAL
L33,LOCAL
L34,LOCAL
L35,LOCAL
L36,LOCAL
L37,LOCAL
L38,LOCAL
L39,LOCAL
L40,LOCAL
L67,LOCAL
L68,LOCAL
L69,LOCAL
L70,LOCAL
L71,LOCAL
L72,LOCAL
L73,LOCAL
L74,LOCAL
L75,LOCAL
L99,LOCAL
LA1,LOCAL
LA2,LOCAL
LA3,LOCAL
LA4,LOCAL
LA5,LOCAL
LA6,LOCAL
LA7,LOCAL
LA8,LOCAL
LA9,LOCAL
LA10,LOCAL
LA11,LOCAL
LA12,LOCAL
LA13,LOCAL
LA14,LOCAL
LA15,LOCAL
LA16,LOCAL
LA17,LOCAL
LA18,LOCAL
LA19,LOCAL
LA20,LOCAL
LA21,LOCAL
LA22,LOCAL
LA23,LOCAL
LD1,ZONE 8
LD2,ZONE 8
LD3,ZONE 8
LD4,ZONE 8
LD5,ZONE 8
LD6,ZONE 8
LD7,ZONE 8
LD8,ZONE 8
LE1,NOTTINGHAM
LE2,NOTTINGHAM
LE3,NOTTINGHAM
LE4,NOTTINGHAM
LE5,NOTTINGHAM
LE6,NOTTINGHAM
LE7,NOTTINGHAM
LE8,NOTTINGHAM
LE9,NOTTINGHAM
LE10,NOTTINGHAM
LE11,NOTTINGHAM
LE12,NOTTINGHAM
LE13,NOTTINGHAM
LE14,NOTTINGHAM
LE15,NOTTINGHAM
LE16,NOTTINGHAM
LE17,NOTTINGHAM
LE18,NOTTINGHAM
LE19,NOTTINGHAM
LE21,NOTTINGHAM
LE41,NOTTINGHAM
LE55,NOTTINGHAM
LE65,NOTTINGHAM
LE67,NOTTINGHAM
LE87,NOTTINGHAM
LE94,NOTTINGHAM
LE95,NOTTINGHAM
LL11,ZONE 2
LL12,ZONE 2
LL13,ZONE 2
LL14,ZONE 2
LL15,ZONE 2
LL16,ZONE 2
LL17,ZONE 2
LL18,ZONE 2
LL19,ZONE 2
LL20,ZONE 2
LL21,ZONE 2
LL22,ZONE 2
LL23,ZONE 2
LL24,ZONE 2
LL25,ZONE 2
LL26,ZONE 2
LL27,ZONE 2
LL28,ZONE 2
LL29,ZONE 2
LL30,ZONE 2
LL31,ZONE 2
LL32,ZONE 2
LL33,ZONE 2
LL34,ZONE 2
LL35,ZONE 2
LL36,ZONE 2
LL37,ZONE 2
LL38,ZONE 2
LL39,ZONE 2
LL40,ZONE 2
LL41,ZONE 2
LL42,ZONE 2
LL43,ZONE 2
LL44,ZONE 2
LL45,ZONE 2
LL46,ZONE 2
LL47,ZONE 2
LL48,ZONE 2
LL49,ZONE 2
LL51,ZONE 2
LL52,ZONE 2
LL53,ZONE 2
LL54,ZONE 2
LL55,ZONE 2
LL56,ZONE 2
LL57,ZONE 2
LL58,ZONE 2
LL59,ZONE 2
LL60,ZONE 2
LL61,ZONE 2
LL62,ZONE 2
LL63,ZONE 2
LL64,ZONE 2
LL65,ZONE 2
LL66,ZONE 2
LL67,ZONE 2
LL68,ZONE 2
LL69,ZONE 2
LL70,ZONE 2
LL71,ZONE 2
LL72,ZONE 2
LL73,ZONE 2
LL74,ZONE 2
LL75,ZONE 2
LL76,ZONE 2
LL77,ZONE 2
LL78,ZONE 2
LN1,ZONE 5
LN2,ZONE 5
LN3,ZONE 5
LN4,ZONE 5
LN5,ZONE 5
LN6,ZONE 5
LN7,ZONE 5
LN8,ZONE 5
LN9,ZONE 5
LN10,ZONE 5
LN11,ZONE 5
LN12,ZONE 5
LN13,ZONE 5
LS1,LEEDS
LS2,LEEDS
LS3,LEEDS
LS4,LEEDS
LS5,LEEDS
LS6,LEEDS
LS7,LEEDS
LS8,LEEDS
LS9,LEEDS
LS10,LEEDS
LS11,LEEDS
LS12,LEEDS
LS13,LEEDS
LS14,LEEDS
LS15,LEEDS
LS16,LEEDS
LS17,LEEDS
LS18,LEEDS
LS19,LEEDS
LS20,LEEDS
LS21,LEEDS
LS22,LEEDS
LS23,LEEDS
LS24,LEEDS
LS25,LEEDS
LS26,LEEDS
LS27,LEEDS
LS28,LEEDS
LS29,LEEDS
LS88,LEEDS
LS98,LEEDS
LS99,LEEDS
LU1,ZONE 1
LU2,ZONE 1
LU3,ZONE 1
LU4,ZONE 1
LU5,ZONE 1
LU6,ZONE 1
LU7,ZONE 1
LU95,ZONE 1
M1,MANCHESTER
M2,MANCHESTER
M3,MANCHESTER
M4,MANCHESTER
M5,MANCHESTER
M6,MANCHESTER
M7,MANCHESTER
M8,MANCHESTER
M9,MANCHESTER
M11,MANCHESTER
M12,MANCHESTER
M13,MANCHESTER
M14,MANCHESTER
M15,MANCHESTER
M16,MANCHESTER
M17,MANCHESTER
M18,MANCHESTER
M19,MANCHESTER
M20,MANCHESTER
M21,MANCHESTER
M22,MANCHESTER
M23,MANCHESTER
M24,MANCHESTER
M25,MANCHESTER
M26,MANCHESTER
M27,MANCHESTER
M28,MANCHESTER
M29,MANCHESTER
M30,MANCHESTER
M31,MANCHESTER
M32,MANCHESTER
M33,MANCHESTER
M34,MANCHESTER
M35,MANCHESTER
M38,MANCHESTER
M40,MANCHESTER
M41,MANCHESTER
M43,MANCHESTER
M44,MANCHESTER
M45,MANCHESTER
M46,MANCHESTER
M50,MANCHESTER
M60,MANCHESTER
M61,MANCHESTER
M90,MANCHESTER
M99,MANCHESTER
ME1,ZONE 5
ME2,ZONE 5
ME3,ZONE 5
ME4,ZONE 5
ME5,ZONE 5
ME6,ZONE 5
ME7,ZONE 5
ME8,ZONE 5
ME9,ZONE 5
ME10,ZONE 5
ME11,ZONE 5
ME12,ZONE 5
ME13,ZONE 5
ME14,ZONE 5
ME15,ZONE 5
ME16,ZONE 5
ME17,ZONE 5
ME18,ZONE 5
ME19,ZONE 5
ME20,ZONE 5
ME99,ZONE 5
MK1,ZONE 1
MK2,ZONE 1
MK3,ZONE 1
MK4,ZONE 1
MK5,ZONE 1
MK6,ZONE 1
MK7,ZONE 1
MK8,ZONE 1
MK9,ZONE 1
MK10,ZONE 1
MK11,ZONE 1
MK12,ZONE 1
MK13,ZONE 1
MK14,ZONE 1
MK15,ZONE 1
MK16,ZONE 1
MK17,ZONE 1
MK18,ZONE 1
MK19,ZONE 1
MK40,ZONE 1
MK41,ZONE 1
MK42,ZONE 1
MK43,ZONE 1
MK44,ZONE 1
MK45,ZONE 1
MK46,ZONE 1
MK77,ZONE 1
N1C,ZONE 3
N1,ZONE 3
N2,ZONE 3
N3,ZONE 3
N4,ZONE 3
N5,ZONE 3
N6,ZONE 3
N7,ZONE 3
N8,ZONE 3
N9,ZONE 3
N10,ZONE 3
N11,ZONE 3
N12,ZONE 3
N13,ZONE 3
N14,ZONE 3
N15,ZONE 3
N16,ZONE 3
N17,ZONE 3
N18,ZONE 3
N19,ZONE 3
N20,ZONE 3
N21,ZONE 3
N22,ZONE 3
N81,ZONE 3
NE1,ZONE 5
NE2,ZONE 5
NE3,ZONE 5
NE4,ZONE 5
NE5,ZONE 5
NE6,ZONE 5
NE7,ZONE 5
NE8,ZONE 5
NE9,ZONE 5
NE10,ZONE 5
NE11,ZONE 5
NE12,ZONE 5
NE13,ZONE 5
NE15,ZONE 5
NE16,ZONE 5
NE17,ZONE 5
NE18,ZONE 5
NE19,ZONE 5
NE20,ZONE 5
NE21,ZONE 5
NE22,ZONE 5
NE23,ZONE 5
NE24,ZONE 5
NE25,ZONE 5
NE26,ZONE 5
NE27,ZONE 5
NE28,ZONE 5
NE29,ZONE 5
NE30,ZONE 5
NE31,ZONE 5
NE32,ZONE 5
NE33,ZONE 5
NE34,ZONE 5
NE35,ZONE 5
NE36,ZONE 5
NE37,ZONE 5
NE38,ZONE 5
NE39,ZONE 5
NE40,ZONE 5
NE41,ZONE 5
NE42,ZONE 5
NE43,ZONE 5
NE44,ZONE 5
NE45,ZONE 5
NE46,ZONE 5
NE47,ZONE 5
NE48,ZONE 5
NE49,ZONE 5
NE61,ZONE 5
NE62,ZONE 5
NE63,ZONE 5
NE64,ZONE 5
NE65,ZONE 5
NE66,ZONE 5
NE67,ZONE 5
NE68,ZONE 5
NE69,ZONE 5
NE70,ZONE 5
NE71,ZONE 5
NE82,ZONE 5
NE83,ZONE 5
NE85,ZONE 5
NE88,ZONE 5
NE98,ZONE 5
NE99,ZONE 5
NG1,NOTTINGHAM
NG2,NOTTINGHAM
NG3,NOTTINGHAM
NG4,NOTTINGHAM
NG5,NOTTINGHAM
NG6,NOTTINGHAM
NG7,NOTTINGHAM
NG8,NOTTINGHAM
NG9,NOTTINGHAM
NG10,NOTTINGHAM
NG11,NOTTINGHAM
NG12,NOTTINGHAM
NG13,NOTTINGHAM
NG14,NOTTINGHAM
NG15,NOTTINGHAM
NG16,NOTTINGHAM
NG17,NOTTINGHAM
NG18,NOTTINGHAM
NG19,NOTTINGHAM
NG20,NOTTINGHAM
NG21,NOTTINGHAM
NG22,NOTTINGHAM
NG23,NOTTINGHAM
NG24,NOTTINGHAM
NG25,NOTTINGHAM
NG31,NOTTINGHAM
NG32,NOTTINGHAM
NG33,NOTTINGHAM
NG34,NOTTINGHAM
NG70,NOTTINGHAM
NG80,NOTTINGHAM
NG90,NOTTINGHAM
NN1,ZONE 1
NN2,ZONE 1
NN3,ZONE 1
NN4,ZONE 1
NN5,ZONE 1
NN6,ZONE 1
NN7,ZONE 1
NN8,ZONE 1
NN9,ZONE 1
NN10,ZONE 1
NN11,ZONE 1
NN12,ZONE 1
NN13,ZONE 1
NN14,ZONE 1
NN15,ZONE 1
NN16,ZONE 1
NN17,ZONE 1
NN18,ZONE 1
NN29,ZONE 1
NP4,ZONE 6
NP7,ZONE 6
NP8,ZONE 6
NP9,ZONE 6
NP10,ZONE 6
NP11,ZONE 6
NP12,ZONE 6
NP13,ZONE 6
NP15,ZONE 6
NP16,ZONE 6
NP18,ZONE 6
NP19,ZONE 6
NP20,ZONE 6
NP22,ZONE 6
NP23,ZONE 6
NP24,ZONE 6
NP25,ZONE 6
NP26,ZONE 6
NP44,ZONE 6
NR1,ZONE 5
NR2,ZONE 5
NR3,ZONE 5
NR4,ZONE 5
NR5,ZONE 5
NR6,ZONE 5
NR7,ZONE 5
NR8,ZONE 5
NR9,ZONE 5
NR10,ZONE 5
NR11,ZONE 5
NR12,ZONE 5
NR13,ZONE 5
NR14,ZONE 5
NR15,ZONE 5
NR16,ZONE 5
NR17,ZONE 5
NR18,ZONE 5
NR19,ZONE 5
NR20,ZONE 5
NR21,ZONE 5
NR22,ZONE 5
NR23,ZONE 5
NR24,ZONE 5
NR25,ZONE 5
NR26,ZONE 5
NR27,ZONE 5
NR28,ZONE 5
NR29,ZONE 5
NR30,ZONE 5
NR31,ZONE 5
NR32,ZONE 5
NR33,ZONE 5
NR34,ZONE 5
NR35,ZONE 5
NR99,ZONE 5
NW1,ZONE 3
NW2,ZONE 3
NW3,ZONE 3
NW4,ZONE 3
NW5,ZONE 3
NW6,ZONE 3
NW7,ZONE 3
NW8,ZONE 3
NW9,ZONE 3
NW10,ZONE 3
NW11,ZONE 3
NW1W,ZONE 3
OL1,LOCAL
OL2,LOCAL
OL3,LOCAL
OL4,LOCAL
OL5,LOCAL
OL6,LOCAL
OL7,LOCAL
OL8,LOCAL
OL9,LOCAL
OL10,LOCAL
OL11,LOCAL
OL12,LOCAL
OL13,LOCAL
OL14,LOCAL
OL15,LOCAL
OL16,LOCAL
OL95,LOCAL
OX1,ZONE 1
OX2,ZONE 1
OX3,ZONE 1
OX4,ZONE 1
OX5,ZONE 1
OX7,ZONE 1
OX9,ZONE 1
OX10,ZONE 1
OX11,ZONE 1
OX12,ZONE 1
OX13,ZONE 1
OX14,ZONE 1
OX15,ZONE 1
OX16,ZONE 1
OX17,ZONE 1
OX18,ZONE 1
OX20,ZONE 1
OX25,ZONE 1
OX26,ZONE 1
OX27,ZONE 1
OX28,ZONE 1
OX29,ZONE 1
OX33,ZONE 1
OX39,ZONE 1
OX44,ZONE 1
OX49,ZONE 1
PE1,ZONE 5
PE2,ZONE 5
PE3,ZONE 5
PE4,ZONE 5
PE5,ZONE 5
PE6,ZONE 5
PE7,ZONE 5
PE8,ZONE 5
PE9,ZONE 5
PE10,ZONE 5
PE11,ZONE 5
PE12,ZONE 5
PE13,ZONE 5
PE14,ZONE 5
PE15,ZONE 5
PE16,ZONE 5
PE19,ZONE 5
PE20,ZONE 5
PE21,ZONE 5
PE22,ZONE 5
PE23,ZONE 5
PE24,ZONE 5
PE25,ZONE 5
PE26,ZONE 5
PE27,ZONE 5
PE28,ZONE 5
PE29,ZONE 5
PE30,ZONE 5
PE31,ZONE 5
PE32,ZONE 5
PE33,ZONE 5
PE34,ZONE 5
PE35,ZONE 5
PE36,ZONE 5
PE37,ZONE 5
PE38,ZONE 5
PE99,ZONE 5
PL1,ZONE 8
PL2,ZONE 8
PL3,ZONE 8
PL4,ZONE 8
PL5,ZONE 8
PL6,ZONE 8
PL7,ZONE 8
PL8,ZONE 8
PL9,ZONE 8
PL10,ZONE 8
PL11,ZONE 8
PL12,ZONE 8
PL13,ZONE 8
PL14,ZONE 8
PL15,ZONE 8
PL16,ZONE 8
PL17,ZONE 8
PL18,ZONE 8
PL19,ZONE 8
PL20,ZONE 8
PL21,ZONE 8
PL22,ZONE 8
PL23,ZONE 8
PL24,ZONE 8
PL25,ZONE 8
PL26,ZONE 8
PL27,ZONE 8
PL28,ZONE 8
PL29,ZONE 8
PL30,ZONE 8
PL31,ZONE 8
PL32,ZONE 8
PL33,ZONE 8
PL34,ZONE 8
PL35,ZONE 8
PL95,ZONE 8
PO1,ZONE 5
PO2,ZONE 5
PO3,ZONE 5
PO4,ZONE 5
PO5,ZONE 5
PO6,ZONE 5
PO7,ZONE 5
PO8,ZONE 5
PO9,ZONE 5
PO10,ZONE 5
PO11,ZONE 5
PO12,ZONE 5
PO13,ZONE 5
PO14,ZONE 5
PO15,ZONE 5
PO16,ZONE 5
PO17,ZONE 5
PO18,ZONE 5
PO19,ZONE 5
PO20,ZONE 5
PO21,ZONE 5
PO22,ZONE 5
PR0,LOCAL
PR1,LOCAL
PR2,LOCAL
PR3,LOCAL
PR4,LOCAL
PR5,LOCAL
PR6,LOCAL
PR7,LOCAL
PR8,LOCAL
PR9,LOCAL
PR11,LOCAL
PR25,LOCAL
PR26,LOCAL
RG1,ZONE 2
RG2,ZONE 2
RG4,ZONE 2
RG5,ZONE 2
RG6,ZONE 2
RG7,ZONE 2
RG8,ZONE 2
RG9,ZONE 2
RG10,ZONE 2
RG12,ZONE 2
RG14,ZONE 2
RG17,ZONE 2
RG18,ZONE 2
RG19,ZONE 2
RG20,ZONE 2
RG21,ZONE 2
RG22,ZONE 2
RG23,ZONE 2
RG24,ZONE 2
RG25,ZONE 2
RG26,ZONE 2
RG27,ZONE 2
RG28,ZONE 2
RG29,ZONE 2
RG30,ZONE 2
RG31,ZONE 2
RG40,ZONE 2
RG41,ZONE 2
RG42,ZONE 2
RG45,ZONE 2
RH1,ZONE 2
RH2,ZONE 2
RH3,ZONE 2
RH4,ZONE 2
RH5,ZONE 2
RH6,ZONE 2
RH7,ZONE 2
RH8,ZONE 2
RH9,ZONE 2
RH10,ZONE 2
RH11,ZONE 2
RH12,ZONE 2
RH13,ZONE 2
RH14,ZONE 2
RH15,ZONE 2
RH16,ZONE 2
RH17,ZONE 2
RH18,ZONE 2
RH19,ZONE 2
RH20,ZONE 2
RH77,ZONE 2
RM1,ZONE 4
RM2,ZONE 4
RM3,ZONE 4
RM4,ZONE 4
RM5,ZONE 4
RM6,ZONE 4
RM7,ZONE 4
RM8,ZONE 4
RM9,ZONE 4
RM10,ZONE 4
RM11,ZONE 4
RM12,ZONE 4
RM13,ZONE 4
RM14,ZONE 4
RM15,ZONE 4
RM16,ZONE 4
RM17,ZONE 4
RM18,ZONE 4
RM19,ZONE 4
RM20,ZONE 4
RM50,ZONE 4
S1,MIDLANDS
S2,MIDLANDS
S3,MIDLANDS
S4,MIDLANDS
S5,MIDLANDS
S6,MIDLANDS
S7,MIDLANDS
S8,MIDLANDS
S9,MIDLANDS
S10,MIDLANDS
S11,MIDLANDS
S12,MIDLANDS
S13,MIDLANDS
S14,MIDLANDS
S17,MIDLANDS
S18,MIDLANDS
S20,MIDLANDS
S21,MIDLANDS
S25,MIDLANDS
S26,MIDLANDS
S32,MIDLANDS
S33,MIDLANDS
S35,MIDLANDS
S36,MIDLANDS
S40,MIDLANDS
S41,MIDLANDS
S42,MIDLANDS
S43,MIDLANDS
S44,MIDLANDS
S45,MIDLANDS
S49,MIDLANDS
S60,MIDLANDS
S61,MIDLANDS
S62,MIDLANDS
S63,MIDLANDS
S64,MIDLANDS
S65,MIDLANDS
S66,MIDLANDS
S70,MIDLANDS
S71,MIDLANDS
S72,MIDLANDS
S73,MIDLANDS
S74,MIDLANDS
S75,MIDLANDS
S80,MIDLANDS
S81,MIDLANDS
S96,MIDLANDS
S97,MIDLANDS
S98,MIDLANDS
S99,MIDLANDS
SA1,ZONE 8
SA2,ZONE 8
SA3,ZONE 8
SA4,ZONE 8
SA5,ZONE 8
SA6,ZONE 8
SA7,ZONE 8
SA8,ZONE 8
SA9,ZONE 8
SA10,ZONE 8
SA11,ZONE 8
SA12,ZONE 8
SA13,ZONE 8
SA14,ZONE 8
SA15,ZONE 8
SA16,ZONE 8
SA17,ZONE 8
SA18,ZONE 8
SA19,ZONE 8
SA20,ZONE 8
SA31,ZONE 8
SA32,ZONE 8
SA33,ZONE 8
SA34,ZONE 8
SA35,ZONE 8
SA36,ZONE 8
SA37,ZONE 8
SA38,ZONE 8
SA39,ZONE 8
SA40,ZONE 8
SA41,ZONE 8
SA42,ZONE 8
SA43,ZONE 8
SA44,ZONE 8
SA45,ZONE 8
SA46,ZONE 8
SA47,ZONE 8
SA48,ZONE 8
SA61,ZONE 8
SA62,ZONE 8
SA63,ZONE 8
SA64,ZONE 8
SA65,ZONE 8
SA66,ZONE 8
SA67,ZONE 8
SA68,ZONE 8
SA69,ZONE 8
SA70,ZONE 8
SA71,ZONE 8
SA72,ZONE 8
SA73,ZONE 8
SA80,ZONE 8
SA99,ZONE 8
SE1,ZONE 3
SE2,ZONE 3
SE3,ZONE 3
SE4,ZONE 3
SE5,ZONE 3
SE6,ZONE 3
SE7,ZONE 3
SE8,ZONE 3
SE9,ZONE 3
SE10,ZONE 3
SE11,ZONE 3
SE12,ZONE 3
SE13,ZONE 3
SE14,ZONE 3
SE15,ZONE 3
SE16,ZONE 3
SE17,ZONE 3
SE18,ZONE 3
SE19,ZONE 3
SE20,ZONE 3
SE21,ZONE 3
SE22,ZONE 3
SE23,ZONE 3
SE24,ZONE 3
SE25,ZONE 3
SE26,ZONE 3
SE27,ZONE 3
SE28,ZONE 3
SG1,ZONE 1
SG2,ZONE 1
SG3,ZONE 1
SG4,ZONE 1
SG5,ZONE 1
SG6,ZONE 1
SG7,ZONE 1
SG8,ZONE 1
SG9,ZONE 1
SG10,ZONE 1
SG11,ZONE 1
SG12,ZONE 1
SG13,ZONE 1
SG14,ZONE 1
SG15,ZONE 1
SG16,ZONE 1
SG17,ZONE 1
SG18,ZONE 1
SG19,ZONE 1
SK1,LOCAL
SK2,LOCAL
SK3,LOCAL
SK4,LOCAL
SK5,LOCAL
SK6,LOCAL
SK7,LOCAL
SK8,LOCAL
SK9,LOCAL
SK10,LOCAL
SK11,LOCAL
SK12,LOCAL
SK13,LOCAL
SK14,LOCAL
SK15,LOCAL
SK16,LOCAL
SK17,LOCAL
SK22,LOCAL
SK23,LOCAL
SL0,ZONE 1
SL1,ZONE 1
SL2,ZONE 1
SL3,ZONE 1
SL4,ZONE 1
SL5,ZONE 1
SL6,ZONE 1
SL7,ZONE 1
SL8,ZONE 1
SL9,ZONE 1
SL95,ZONE 1
SM1,ZONE 4
SM2,ZONE 4
SM3,ZONE 4
SM4,ZONE 4
SM5,ZONE 4
SM6,ZONE 4
SM7,ZONE 4
SN1,ZONE 2
SN2,ZONE 2
SN3,ZONE 2
SN4,ZONE 2
SN5,ZONE 2
SN6,ZONE 2
SN7,ZONE 2
SN8,ZONE 2
SN9,ZONE 2
SN10,ZONE 2
SN11,ZONE 2
SN12,ZONE 2
SN13,ZONE 2
SN14,ZONE 2
SN15,ZONE 2
SN16,ZONE 2
SN25,ZONE 2
SN26,ZONE 2
SN38,ZONE 2
SN99,ZONE 2
SO14,ZONE 5
SO15,ZONE 5
SO16,ZONE 5
SO17,ZONE 5
SO18,ZONE 5
SO19,ZONE 5
SO20,ZONE 5
SO21,ZONE 5
SO22,ZONE 5
SO23,ZONE 5
SO24,ZONE 5
SO30,ZONE 5
SO31,ZONE 5
SO32,ZONE 5
SO40,ZONE 5
SO41,ZONE 5
SO42,ZONE 5
SO43,ZONE 5
SO45,ZONE 5
SO50,ZONE 5
SO51,ZONE 5
SO52,ZONE 5
SO53,ZONE 5
SO97,ZONE 5
SP1,ZONE 5
SP2,ZONE 5
SP3,ZONE 5
SP4,ZONE 5
SP5,ZONE 5
SP6,ZONE 5
SP7,ZONE 5
SP8,ZONE 5
SP9,ZONE 5
SP10,ZONE 5
SP11,ZONE 5
SR1,ZONE 5
SR2,ZONE 5
SR3,ZONE 5
SR4,ZONE 5
SR5,ZONE 5
SR6,ZONE 5
SR7,ZONE 5
SR8,ZONE 5
SR9,ZONE 5
SS0,ZONE 5
SS1,ZONE 5
SS2,ZONE 5
SS3,ZONE 5
SS4,ZONE 5
SS5,ZONE 5
SS6,ZONE 5
SS7,ZONE 5
SS8,ZONE 5
SS9,ZONE 5
SS11,ZONE 5
SS12,ZONE 5
SS13,ZONE 5
SS14,ZONE 5
SS15,ZONE 5
SS16,ZONE 5
SS17,ZONE 5
SS22,ZONE 5
SS99,ZONE 5
ST1,MIDLANDS
ST2,MIDLANDS
ST3,MIDLANDS
ST4,MIDLANDS
ST5,MIDLANDS
ST6,MIDLANDS
ST7,MIDLANDS
ST8,MIDLANDS
ST9,MIDLANDS
ST10,MIDLANDS
ST11,MIDLANDS
ST12,MIDLANDS
ST13,MIDLANDS
ST14,MIDLANDS
ST15,MIDLANDS
ST16,MIDLANDS
ST17,MIDLANDS
ST18,MIDLANDS
ST19,MIDLANDS
ST20,MIDLANDS
ST21,MIDLANDS
ST55,MIDLANDS
SW1A,ZONE 3
SW1E,ZONE 3
SW1H,ZONE 3
SW1P,ZONE 3
SW1V,ZONE 3
SW1W,ZONE 3
SW1X,ZONE 3
SW1Y,ZONE 3
SW2,ZONE 3
SW3,ZONE 3
SW4,ZONE 3
SW5,ZONE 3
SW6,ZONE 3
SW7,ZONE 3
SW8,ZONE 3
SW9,ZONE 3
SW10,ZONE 3
SW11,ZONE 3
SW12,ZONE 3
SW13,ZONE 3
SW14,ZONE 3
SW15,ZONE 3
SW16,ZONE 3
SW17,ZONE 3
SW18,ZONE 3
SW19,ZONE 3
SW20,ZONE 3
SW95,ZONE 3
SW99,ZONE 3
SY1,ZONE 7
SY2,ZONE 7
SY3,ZONE 7
SY4,ZONE 7
SY5,ZONE 7
SY6,ZONE 7
SY7,ZONE 7
SY8,ZONE 7
SY9,ZONE 7
SY10,ZONE 7
SY11,ZONE 7
SY12,ZONE 7
SY13,ZONE 7
SY14,ZONE 7
SY15,ZONE 7
SY16,ZONE 7
SY17,ZONE 7
SY18,ZONE 7
SY19,ZONE 7
SY20,ZONE 7
SY21,ZONE 7
SY22,ZONE 7
SY23,ZONE 7
SY24,ZONE 7
SY25,ZONE 7
SY99,ZONE 7
TA1,ZONE 6
TA2,ZONE 6
TA3,ZONE 6
TA4,ZONE 6
TA5,ZONE 6
TA6,ZONE 6
TA7,ZONE 6
TA8,ZONE 6
TA9,ZONE 6
TA10,ZONE 6
TA11,ZONE 6
TA12,ZONE 6
TA13,ZONE 6
TA14,ZONE 6
TA15,ZONE 6
TA16,ZONE 6
TA17,ZONE 6
TA18,ZONE 6
TA19,ZONE 6
TA20,ZONE 6
TA21,ZONE 6
TA22,ZONE 6
TA23,ZONE 6
TA24,ZONE 6
TF1,ZONE 1
TF2,ZONE 1
TF3,ZONE 1
TF4,ZONE 1
TF5,ZONE 1
TF6,ZONE 1
TF7,ZONE 1
TF8,ZONE 1
TF9,ZONE 1
TF10,ZONE 1
TF11,ZONE 1
TF12,ZONE 1
TF13,ZONE 1
TN1,ZONE 5
TN2,ZONE 5
TN3,ZONE 5
TN4,ZONE 5
TN5,ZONE 5
TN6,ZONE 5
TN7,ZONE 5
TN8,ZONE 5
TN9,ZONE 5
TN10,ZONE 5
TN11,ZONE 5
TN12,ZONE 5
TN13,ZONE 5
TN14,ZONE 5
TN15,ZONE 5
TN16,ZONE 5
TN17,ZONE 5
TN18,ZONE 5
TN19,ZONE 5
TN20,ZONE 5
TN21,ZONE 5
TN22,ZONE 5
TN23,ZONE 5
TN24,ZONE 5
TN25,ZONE 5
TN26,ZONE 5
TN27,ZONE 5
TN28,ZONE 5
TN29,ZONE 5
TN30,ZONE 5
TN31,ZONE 5
TN32,ZONE 5
TN33,ZONE 5
TN34,ZONE 5
TN35,ZONE 5
TN36,ZONE 5
TN37,ZONE 5
TN38,ZONE 5
TN39,ZONE 5
TN40,ZONE 5
TQ1,ZONE 8
TQ2,ZONE 8
TQ3,ZONE 8
TQ4,ZONE 8
TQ5,ZONE 8
TQ6,ZONE 8
TQ7,ZONE 8
TQ8,ZONE 8
TQ9,ZONE 8
TQ10,ZONE 8
TQ11,ZONE 8
TQ12,ZONE 8
TQ13,ZONE 8
TQ14,ZONE 8
TR1,ZONE 8
TR2,ZONE 8
TR3,ZONE 8
TR4,ZONE 8
TR5,ZONE 8
TR6,ZONE 8
TR7,ZONE 8
TR8,ZONE 8
TR9,ZONE 8
TR10,ZONE 8
TR11,ZONE 8
TR12,ZONE 8
TR13,ZONE 8
TR14,ZONE 8
TR15,ZONE 8
TR16,ZONE 8
TR17,ZONE 8
TR18,ZONE 8
TR19,ZONE 8
TR20,ZONE 8
TR21,ZONE 8
TR22,ZONE 8
TR23,ZONE 8
TR24,ZONE 8
TR25,ZONE 8
TR26,ZONE 8
TR27,ZONE 8
TR93,ZONE 8
TS1,ZONE 5
TS2,ZONE 5
TS3,ZONE 5
TS4,ZONE 5
TS5,ZONE 5
TS6,ZONE 5
TS7,ZONE 5
TS8,ZONE 5
TS9,ZONE 5
TS10,ZONE 5
TS11,ZONE 5
TS12,ZONE 5
TS13,ZONE 5
TS14,ZONE 5
TS15,ZONE 5
TS16,ZONE 5
TS17,ZONE 5
TS18,ZONE 5
TS19,ZONE 5
TS20,ZONE 5
TS21,ZONE 5
TS22,ZONE 5
TS23,ZONE 5
TS24,ZONE 5
TS25,ZONE 5
TS26,ZONE 5
TS27,ZONE 5
TS28,ZONE 5
TS29,ZONE 5
TS90,ZONE 5
TW1,ZONE 4
TW2,ZONE 4
TW3,ZONE 4
TW4,ZONE 4
TW5,ZONE 4
TW6,ZONE 4
TW7,ZONE 4
TW8,ZONE 4
TW9,ZONE 4
TW10,ZONE 4
TW11,ZONE 4
TW12,ZONE 4
TW13,ZONE 4
TW14,ZONE 4
TW15,ZONE 4
TW16,ZONE 4
TW17,ZONE 4
TW18,ZONE 4
TW19,ZONE 4
TW20,ZONE 4
UB1,ZONE 4
UB2,ZONE 4
UB3,ZONE 4
UB4,ZONE 4
UB5,ZONE 4
UB6,ZONE 4
UB7,ZONE 4
UB8,ZONE 4
UB9,ZONE 4
UB10,ZONE 4
UB11,ZONE 4
UB18,ZONE 4
W1A,ZONE 3
W1B,ZONE 3
W1C,ZONE 3
W1D,ZONE 3
W1F,ZONE 3
W1G,ZONE 3
W1H,ZONE 3
W1J,ZONE 3
W1K,ZONE 3
W1S,ZONE 3
W1T,ZONE 3
W1U,ZONE 3
W1W,ZONE 3
W2,ZONE 3
W3,ZONE 3
W4,ZONE 3
W5,ZONE 3
W6,ZONE 3
W7,ZONE 3
W8,ZONE 3
W9,ZONE 3
W10,ZONE 3
W11,ZONE 3
W12,ZONE 3
W13,ZONE 3
W14,ZONE 3
WA1,WARRINGTON
WA2,WARRINGTON
WA3,WARRINGTON
WA4,WARRINGTON
WA5,WARRINGTON
WA6,WARRINGTON
WA7,WARRINGTON
WA8,WARRINGTON
WA9,WARRINGTON
WA10,WARRINGTON
WA11,WARRINGTON
WA12,WARRINGTON
WA13,WARRINGTON
WA14,WARRINGTON
WA15,WARRINGTON
WA16,WARRINGTON
WA55,WARRINGTON
WA88,WARRINGTON
WC1A,ZONE 3
WC1B,ZONE 3
WC1E,ZONE 3
WC1H,ZONE 3
WC1N,ZONE 3
WC1R,ZONE 3
WC1V,ZONE 3
WC1X,ZONE 3
WC2A,ZONE 3
WC2B,ZONE 3
WC2E,ZONE 3
WC2H,ZONE 3
WC2N,ZONE 3
WC2R,ZONE 3
WD3,ZONE 1
WD4,ZONE 1
WD5,ZONE 1
WD6,ZONE 1
WD7,ZONE 1
WD17,ZONE 1
WD18,ZONE 1
WD19,ZONE 1
WD23,ZONE 1
WD24,ZONE 1
WD25,ZONE 1
WF1,MIDLANDS
WF2,MIDLANDS
WF3,MIDLANDS
WF4,MIDLANDS
WF5,MIDLANDS
WF6,MIDLANDS
WF7,MIDLANDS
WF8,MIDLANDS
WF9,MIDLANDS
WF10,MIDLANDS
WF11,MIDLANDS
WF12,MIDLANDS
WF13,MIDLANDS
WF14,MIDLANDS
WF15,MIDLANDS
WF16,MIDLANDS
WF17,MIDLANDS
WN1,LOCAL
WN2,LOCAL
WN3,LOCAL
WN4,LOCAL
WN5,LOCAL
WN6,LOCAL
WN7,LOCAL
WN8,LOCAL
WR1,ZONE 1
WR2,ZONE 1
WR3,ZONE 1
WR4,ZONE 1
WR5,ZONE 1
WR6,ZONE 1
WR7,ZONE 1
WR8,ZONE 1
WR9,ZONE 1
WR10,ZONE 1
WR11,ZONE 1
WR12,ZONE 1
WR13,ZONE 1
WR14,ZONE 1
WR15,ZONE 1
WR78,ZONE 1
WR99,ZONE 1
WS1,MIDLANDS
WS2,MIDLANDS
WS3,MIDLANDS
WS4,MIDLANDS
WS5,MIDLANDS
WS6,MIDLANDS
WS7,MIDLANDS
WS8,MIDLANDS
WS9,MIDLANDS
WS10,MIDLANDS
WS11,MIDLANDS
WS12,MIDLANDS
WS13,MIDLANDS
WS14,MIDLANDS
WS15,MIDLANDS
WV1,MIDLANDS
WV2,MIDLANDS
WV3,MIDLANDS
WV4,MIDLANDS
WV5,MIDLANDS
WV6,MIDLANDS
WV7,MIDLANDS
WV8,MIDLANDS
WV9,MIDLANDS
WV10,MIDLANDS
WV11,MIDLANDS
WV12,MIDLANDS
WV13,MIDLANDS
WV14,MIDLANDS
WV15,MIDLANDS
WV16,MIDLANDS
YO1,ZONE 5
YO7,ZONE 5
YO8,ZONE 5
YO10,ZONE 5
YO11,ZONE 5
YO12,ZONE 5
YO13,ZONE 5
YO14,ZONE 5
YO15,ZONE 5
YO16,ZONE 5
YO17,ZONE 5
YO18,ZONE 5
YO19,ZONE 5
YO21,ZONE 5
YO22,ZONE 5
YO23,ZONE 5
YO24,ZONE 5
YO25,ZONE 5
YO26,ZONE 5
YO30,ZONE 5
YO31,ZONE 5
YO32,ZONE 5
YO41,ZONE 5
YO42,ZONE 5
YO43,ZONE 5
YO51,ZONE 5
YO60,ZONE 5
YO61,ZONE 5
YO62,ZONE 5
YO90,ZONE 5
YO91,ZONE 5
YO95,ZONE 5
AB10,SCO 4
AB11,SCO 4
AB12,SCO 4
AB13,SCO 4
AB14,SCO 4
AB15,SCO 4
AB16,SCO 4
AB21,SCO 4
AB22,SCO 4
AB23,SCO 4
AB24,SCO 4
AB25,SCO 4
AB30,SCO 5
AB31,SCO 5
AB32,SCO 5
AB33,SCO 5
AB34,SCO 5
AB35,SCO 5
AB36,SCO 5
AB37,SCO 5
AB38,SCO 5
AB39,SCO 5
AB41,SCO 5
AB42,SCO 5
AB43,SCO 5
AB44,SCO 5
AB45,SCO 5
AB51,SCO 5
AB52,SCO 5
AB53,SCO 5
AB54,SCO 5
AB55,SCO 5
AB56,SCO 5
AB99,SCO 5
DD1,SCO 4
DD2,SCO 4
DD3,SCO 4
DD4,SCO 4
DD5,SCO 4
DD6,SCO 4
DD7,SCO 4
DD8,SCO 4
DD9,SCO 4
DD10,SCO 4
DD11,SCO 4
DG1,SCO 3
DG2,SCO 3
DG3,SCO 3
DG4,SCO 3
DG5,SCO 3
DG6,SCO 3
DG7,SCO 3
DG8,SCO 3
DG9,SCO 3
DG10,SCO 3
DG11,SCO 3
DG12,SCO 3
DG13,SCO 3
DG14,SCO 3
DG16,SCO 3
EH1,SCO 1
EH2,SCO 1
EH3,SCO 1
EH4,SCO 1
EH5,SCO 1
EH6,SCO 1
EH7,SCO 1
EH8,SCO 1
EH9,SCO 1
EH10,SCO 1
EH11,SCO 1
EH12,SCO 1
EH13,SCO 1
EH14,SCO 1
EH15,SCO 1
EH16,SCO 1
EH17,SCO 1
EH18,SCO 1
EH19,SCO 1
EH20,SCO 1
EH21,SCO 1
EH22,SCO 1
EH23,SCO 1
EH24,SCO 1
EH25,SCO 1
EH26,SCO 1
EH27,SCO 1
EH28,SCO 1
EH29,SCO 1
EH30,SCO 1
EH31,SCO 1
EH32,SCO 1
EH33,SCO 1
EH34,SCO 1
EH35,SCO 1
EH36,SCO 1
EH37,SCO 1
EH38,SCO 1
EH39,SCO 1
EH40,SCO 1
EH41,SCO 1
EH42,SCO 1
EH43,SCO 1
EH44,SCO 1
EH45,SCO 1
EH46,SCO 1
EH47,SCO 1
EH48,SCO 1
EH49,SCO 1
EH51,SCO 1
EH52,SCO 1
EH53,SCO 1
EH54,SCO 1
EH55,SCO 1
EH91,SCO 1
EH95,SCO 1
EH99,SCO 1
FK1,SCO 1
FK2,SCO 1
FK3,SCO 1
FK4,SCO 1
FK5,SCO 1
FK6,SCO 1
FK7,SCO 1
FK8,SCO 1
FK9,SCO 1
FK10,SCO 1
FK11,SCO 1
FK12,SCO 1
FK13,SCO 1
FK14,SCO 1
FK15,SCO 1
FK16,SCO 1
FK17,SCO 1
FK18,SCO 1
FK19,SCO 1
FK20,SCO 1
FK21,SCO 1
G1,SCO 1
G2,SCO 1
G3,SCO 1
G4,SCO 1
G5,SCO 1
G9,SCO 1
G11,SCO 1
G12,SCO 1
G13,SCO 1
G14,SCO 1
G15,SCO 1
G20,SCO 1
G21,SCO 1
G22,SCO 1
G23,SCO 1
G31,SCO 1
G32,SCO 1
G33,SCO 1
G34,SCO 1
G40,SCO 1
G41,SCO 1
G42,SCO 1
G43,SCO 1
G44,SCO 1
G45,SCO 1
G46,SCO 1
G51,SCO 1
G52,SCO 1
G53,SCO 1
G58,SCO 1
G60,SCO 1
G61,SCO 1
G62,SCO 1
G63,SCO 1
G64,SCO 1
G65,SCO 1
G66,SCO 1
G67,SCO 1
G68,SCO 1
G69,SCO 1
G70,SCO 1
G71,SCO 1
G72,SCO 1
G73,SCO 1
G74,SCO 1
G75,SCO 1
G76,SCO 1
G77,SCO 1
G78,SCO 1
G79,SCO 1
G81,SCO 1
G82,SCO 1
G83,SCO 1
G84,SCO 1
G90,SCO 1
HS1,SCO 6
HS2,SCO 6
HS3,SCO 6
HS4,SCO 6
HS5,SCO 6
HS6,SCO 6
HS7,SCO 6
HS8,SCO 6
HS9,SCO 6
IV1,SCO 4
IV2,SCO 4
IV3,SCO 4
IV4,SCO 5
IV5,SCO 5
IV6,SCO 5
IV7,SCO 5
IV8,SCO 5
IV9,SCO 5
IV10,SCO 5
IV11,SCO 5
IV12,SCO 5
IV13,SCO 5
IV14,SCO 5
IV15,SCO 5
IV16,SCO 5
IV17,SCO 5
IV18,SCO 5
IV19,SCO 5
IV20,SCO 5
IV21,SCO 5
IV22,SCO 5
IV23,SCO 5
IV24,SCO 5
IV25,SCO 5
IV26,SCO 5
IV27,SCO 5
IV28,SCO 5
IV30,SCO 5
IV31,SCO 5
IV32,SCO 5
IV36,SCO 5
IV40,SCO 5
IV41,SCO 6
IV42,SCO 6
IV43,SCO 6
IV44,SCO 6
IV45,SCO 6
IV46,SCO 6
IV47,SCO 6
IV48,SCO 6
IV49,SCO 6
IV51,SCO 6
IV52,SCO 5
IV53,SCO 5
IV54,SCO 5
IV55,SCO 6
IV56,SCO 6
IV63,SCO 5
IV99,SCO 4
KA1,SCO 1
KA2,SCO 1
KA3,SCO 1
KA4,SCO 1
KA5,SCO 1
KA6,SCO 1
KA7,SCO 1
KA8,SCO 1
KA9,SCO 1
KA10,SCO 1
KA11,SCO 1
KA12,SCO 1
KA13,SCO 1
KA14,SCO 1
KA15,SCO 1
KA16,SCO 1
KA17,SCO 1
KA18,SCO 1
KA19,SCO 1
KA20,SCO 1
KA21,SCO 1
KA22,SCO 1
KA23,SCO 1
KA24,SCO 1
KA25,SCO 1
KA26,SCO 1
KA27,SCO 6
KA28,SCO 6
KA29,SCO 1
KA30,SCO 1
KW1,SCO 5
KW2,SCO 5
KW3,SCO 5
KW5,SCO 5
KW6,SCO 5
KW7,SCO 5
KW8,SCO 5
KW9,SCO 5
KW10,SCO 5
KW11,SCO 5
KW12,SCO 5
KW13,SCO 5
KW14,SCO 5
KW15,SCO 6
KW16,SCO 6
KW17,SCO 6
KY1,SCO 1
KY2,SCO 1
KY3,SCO 1
KY4,SCO 1
KY5,SCO 1
KY6,SCO 1
KY7,SCO 1
KY8,SCO 1
KY9,SCO 1
KY10,SCO 1
KY11,SCO 1
KY12,SCO 1
KY13,SCO 1
KY14,SCO 1
KY15,SCO 1
KY16,SCO 1
KY99,SCO 1
ML1,SCO 1
ML2,SCO 1
ML3,SCO 1
ML4,SCO 1
ML5,SCO 1
ML6,SCO 1
ML7,SCO 1
ML8,SCO 1
ML9,SCO 1
ML10,SCO 1
ML11,SCO 1
ML12,SCO 1
PA1,SCO 2
PA2,SCO 2
PA3,SCO 2
PA4,SCO 2
PA5,SCO 2
PA6,SCO 2
PA7,SCO 2
PA8,SCO 2
PA9,SCO 2
PA10,SCO 2
PA11,SCO 2
PA12,SCO 2
PA13,SCO 2
PA14,SCO 2
PA15,SCO 2
PA16,SCO 2
PA17,SCO 2
PA18,SCO 2
PA19,SCO 2
PA20,SCO 6
PA21,SCO 5
PA22,SCO 5
PA23,SCO 5
PA24,SCO 5
PA25,SCO 5
PA26,SCO 5
PA27,SCO 5
PA28,SCO 5
PA29,SCO 5
PA30,SCO 5
PA31,SCO 5
PA32,SCO 5
PA33,SCO 5
PA34,SCO 5
PA35,SCO 5
PA36,SCO 5
PA37,SCO 5
PA38,SCO 5
PA41,SCO 6
PA42,SCO 6
PA43,SCO 6
PA44,SCO 6
PA45,SCO 6
PA46,SCO 6
PA47,SCO 6
PA48,SCO 6
PA49,SCO 6
PA60,SCO 6
PA61,SCO 6
PA62,SCO 6
PA63,SCO 6
PA64,SCO 6
PA65,SCO 6
PA66,SCO 6
PA67,SCO 6
PA68,SCO 6
PA69,SCO 6
PA70,SCO 6
PA71,SCO 6
PA72,SCO 6
PA73,SCO 6
PA74,SCO 6
PA75,SCO 6
PA76,SCO 6
PA77,SCO 6
PA78,SCO 6
PH1,SCO 2
PH2,SCO 2
PH3,SCO 2
PH4,SCO 2
PH5,SCO 2
PH6,SCO 2
PH7,SCO 2
PH8,SCO 2
PH9,SCO 2
PH10,SCO 2
PH11,SCO 2
PH12,SCO 2
PH13,SCO 2
PH14,SCO 2
PH15,SCO 2
PH16,SCO 2
PH17,SCO 2
PH18,SCO 2
PH19,SCO 5
PH20,SCO 5
PH21,SCO 5
PH22,SCO 5
PH23,SCO 5
PH24,SCO 5
PH25,SCO 5
PH26,SCO 5
PH30,SCO 5
PH31,SCO 5
PH32,SCO 5
PH33,SCO 5
PH34,SCO 5
PH35,SCO 5
PH36,SCO 5
PH37,SCO 5
PH38,SCO 5
PH39,SCO 5
PH40,SCO 5
PH41,SCO 5
PH42,SCO 6
PH43,SCO 6
PH44,SCO 6
PH49,SCO 5
PH50,SCO 5
TD1,SCO 3
TD2,SCO 3
TD3,SCO 3
TD4,SCO 3
TD5,SCO 3
TD6,SCO 3
TD7,SCO 3
TD8,SCO 3
TD9,SCO 3
TD10,SCO 3
TD11,SCO 3
TD12,SCO 3
TD13,SCO 3
TD14,SCO 3
TD15,SCO 3
ZE1,SCO 6
ZE2,SCO 6
ZE3,SCO 6
